#
# There is insufficient memory for the Java Runtime Environment to continue.
# Native memory allocation (mmap) failed to map 346030080 bytes. Error detail: G1 virtual space
# Possible reasons:
#   The system is out of physical RAM or swap space
#   This process is running with CompressedOops enabled, and the Java Heap may be blocking the growth of the native heap
# Possible solutions:
#   Reduce memory load on the system
#   Increase physical memory or swap space
#   Check if swap backing store is full
#   Decrease Java heap size (-Xmx/-Xms)
#   Decrease number of Java threads
#   Decrease Java thread stack sizes (-Xss)
#   Set larger code cache with -XX:ReservedCodeCacheSize=
#   JVM is running with Unscaled Compressed Oops mode in which the Java heap is
#     placed in the first 4GB address space. The Java Heap base address is the
#     maximum limit for the native heap growth. Please use -XX:HeapBaseMinAddress
#     to set the Java Heap base and to place the Java Heap above 4GB virtual address.
# This output file may be truncated or incomplete.
#
#  Out of Memory Error (os_windows.cpp:3926), pid=89452, tid=78640
#
# JRE version: OpenJDK Runtime Environment (21.0.10) (build 21.0.10+-14961533-b1163.108)
# Java VM: OpenJDK 64-Bit Server VM (21.0.10+-14961533-b1163.108, mixed mode, tiered, compressed oops, compressed class ptrs, g1 gc, windows-amd64)
# No core dump will be written. Minidumps are not enabled by default on client versions of Windows
#

---------------  S U M M A R Y ------------

Command Line: --add-opens=java.base/java.lang=ALL-UNNAMED --add-opens=java.base/java.lang.invoke=ALL-UNNAMED --add-opens=java.base/java.util=ALL-UNNAMED --add-opens=java.prefs/java.util.prefs=ALL-UNNAMED --add-exports=jdk.compiler/com.sun.tools.javac.api=ALL-UNNAMED --add-exports=jdk.compiler/com.sun.tools.javac.util=ALL-UNNAMED --add-opens=java.base/java.util=ALL-UNNAMED --add-opens=java.prefs/java.util.prefs=ALL-UNNAMED --add-opens=java.base/java.nio.charset=ALL-UNNAMED --add-opens=java.base/java.net=ALL-UNNAMED --add-opens=java.base/java.util.concurrent=ALL-UNNAMED --add-opens=java.base/java.util.concurrent.atomic=ALL-UNNAMED --add-opens=java.xml/javax.xml.namespace=ALL-UNNAMED --add-opens=java.base/java.time=ALL-UNNAMED -Xmx2048m -Dfile.encoding=UTF-8 -Duser.country=CN -Duser.language=zh -Duser.variant -javaagent:C:\Users\33947\.gradle\wrapper\dists\gradle-9.3.1-bin\e6fpmcitnr2cbhj7h6pdk7btv\gradle-9.3.1\lib\agents\gradle-instrumentation-agent-9.3.1.jar org.gradle.launcher.daemon.bootstrap.GradleDaemon 9.3.1

Host: Intel(R) Core(TM) Ultra 9 275HX, 24 cores, 15G,  Windows 11 , 64 bit Build 26100 (10.0.26100.8328)
Time: Wed May 27 22:14:00 2026 elapsed time: 17.797558 seconds (0d 0h 0m 17s)

---------------  T H R E A D  ---------------

Current thread (0x000001ecb3516580):  VMThread "VM Thread"          [id=78640, stack(0x0000006a84300000,0x0000006a84400000) (1024K)]

Stack: [0x0000006a84300000,0x0000006a84400000]
Native frames: (J=compiled Java code, j=interpreted, Vv=VM code, C=native code)
V  [jvm.dll+0x6d78a9]
V  [jvm.dll+0x8665b3]
V  [jvm.dll+0x868bde]
V  [jvm.dll+0x8692c3]
V  [jvm.dll+0x280ee6]
V  [jvm.dll+0x6d4165]
V  [jvm.dll+0x6c77fa]
V  [jvm.dll+0x358f4b]
V  [jvm.dll+0x360bc6]
V  [jvm.dll+0x3b2ea6]
V  [jvm.dll+0x3b3178]
V  [jvm.dll+0x32b65c]
V  [jvm.dll+0x32b6e7]
V  [jvm.dll+0x3715cc]
V  [jvm.dll+0x36fd7e]
V  [jvm.dll+0x32adb1]
V  [jvm.dll+0x36f480]
V  [jvm.dll+0x86f048]
V  [jvm.dll+0x870394]
V  [jvm.dll+0x8708d0]
V  [jvm.dll+0x870b63]
V  [jvm.dll+0x80fd28]
V  [jvm.dll+0x6d60fd]
C  [ucrtbase.dll+0x37b0]
C  [KERNEL32.DLL+0x2e957]
C  [ntdll.dll+0x427c]

VM_Operation (0x0000006a95dfd2b0): G1CollectForAllocation, mode: safepoint, requested by thread 0x000001ecb9824270


---------------  P R O C E S S  ---------------

Threads class SMR info:
_java_thread_list=0x000001ecbd1fe110, length=364, elements={
0x000001ec989aefe0, 0x000001ecb35bc020, 0x000001ecb35bfaa0, 0x000001ecb35c0500,
0x000001ecb36086f0, 0x000001ecb35ef710, 0x000001ecb35f0170, 0x000001ecb3610d70,
0x000001ecb35f4f20, 0x000001ecb35f59c0, 0x000001ecb37c1490, 0x000001ecb37e1b50,
0x000001ecb37e2610, 0x000001ecb81f49c0, 0x000001ecb811ad60, 0x000001ecb81f1540,
0x000001ecb81f4330, 0x000001ecb81f28f0, 0x000001ecb81f2f80, 0x000001ecb81f3610,
0x000001ecb81f1bd0, 0x000001ecba7162d0, 0x000001ecba716960, 0x000001ecba717d10,
0x000001ecba715c40, 0x000001ecba714890, 0x000001ecba717680, 0x000001ecba7183a0,
0x000001ecba7155b0, 0x000001ecba719de0, 0x000001ecba71a470, 0x000001ecba7190c0,
0x000001ecba719750, 0x000001ecba71ab00, 0x000001ecba71b820, 0x000001ecbbf7c640,
0x000001ecbbf7e710, 0x000001ecbbf7e080, 0x000001ecbbf7b290, 0x000001ecbbf7b920,
0x000001ecbbf7f430, 0x000001ecbbf7bfb0, 0x000001ecbbf80150, 0x000001ecbbf82220,
0x000001ecbbf828b0, 0x000001ecbbf807e0, 0x000001ecbbf7fac0, 0x000001ecbbf80e70,
0x000001ecbbf81500, 0x000001ecbbf81b90, 0x000001ecbaccfe60, 0x000001ecbacd04f0,
0x000001ecbaccd070, 0x000001ecbaccf7d0, 0x000001ecbaccd700, 0x000001ecbaccdd90,
0x000001ecbacce420, 0x000001ecbacceab0, 0x000001ecbaccf140, 0x000001ecbace7f60,
0x000001ecbace9310, 0x000001ecbace99a0, 0x000001ecbacea030, 0x000001ecbacea6c0,
0x000001ecbacead50, 0x000001ecbaceba70, 0x000001ecbaceb3e0, 0x000001ecbace85f0,
0x000001ecbacec100, 0x000001ecbace8c80, 0x000001ecbacee1d0, 0x000001ecbacee860,
0x000001ecbaced4b0, 0x000001ecbaceeef0, 0x000001ecbacece20, 0x000001ecbacedb40,
0x000001ecbdddce20, 0x000001ecbdddc100, 0x000001ecbddda6c0, 0x000001ecbddde1d0,
0x000001ecbddde860, 0x000001ecbdddb3e0, 0x000001ecbdddf580, 0x000001ecbdde0fc0,
0x000001ecbdde02a0, 0x000001ecbdddfc10, 0x000001ecbdddeef0, 0x000001ecbdde0930,
0x000001ecbdde1650, 0x000001ecbacec790, 0x000001ecbfba9ce0, 0x000001ecbfbacad0,
0x000001ecbfbab720, 0x000001ecbfbabdb0, 0x000001ecbfbaa370, 0x000001ecbfbac440,
0x000001ecbfba9650, 0x000001ecbfbaaa00, 0x000001ecbfbad160, 0x000001ecbfbae510,
0x000001ecbfbade80, 0x000001ecbfbad7f0, 0x000001ecbfbab090, 0x000001ecbfbaf8c0,
0x000001ecbfbaeba0, 0x000001ecbfbb05e0, 0x000001ecbfbaf230, 0x000001ecbfbaff50,
0x000001ecbfbb0c70, 0x000001ecba71beb0, 0x000001ecb81f3ca0, 0x000001ecbf9d40c0,
0x000001ecbf9d6eb0, 0x000001ecbf9d4de0, 0x000001ecbf9d3a30, 0x000001ecbf9d4750,
0x000001ecbf9d8260, 0x000001ecbf9d7540, 0x000001ecbf9d5b00, 0x000001ecbf9d7bd0,
0x000001ecbf9d6820, 0x000001ecbf9d88f0, 0x000001ecbf9d6190, 0x000001ecbf9d5470,
0x000001ecbf9da9c0, 0x000001ecbf9da330, 0x000001ecbf9db050, 0x000001ecbf9d9ca0,
0x000001ecbf9d9610, 0x000001ecbf9d8f80, 0x000001ecbd962ab0, 0x000001ecbd963140,
0x000001ecbd960350, 0x000001ecbd9609e0, 0x000001ecbd95fcc0, 0x000001ecbd961070,
0x000001ecbd962420, 0x000001ecbd9637d0, 0x000001ecbd961700, 0x000001ecbd963e60,
0x000001ecbd9644f0, 0x000001ecbd964b80, 0x000001ecbd965210, 0x000001ecbd961d90,
0x000001ecbd9658a0, 0x000001ecbd965f30, 0x000001ecbfdb6d70, 0x000001ecbfdb94d0,
0x000001ecbfdb7a90, 0x000001ecb80ae470, 0x000001ecb80b3330, 0x000001ecba13e500,
0x000001ecba13ff40, 0x000001ecba1405d0, 0x000001ecba140c60, 0x000001ecba13d7e0,
0x000001ecba1412f0, 0x000001ecba13f8b0, 0x000001ecba13de70, 0x000001ecba141980,
0x000001ecba142010, 0x000001ecba13eb90, 0x000001ecba1426a0, 0x000001ecba13f220,
0x000001ecba145b20, 0x000001ecba144770, 0x000001ecba1440e0, 0x000001ecba144e00,
0x000001ecba1461b0, 0x000001ecba145490, 0x000001ecba142d30, 0x000001ecba146840,
0x000001ecba1433c0, 0x000001ecba146ed0, 0x000001ecba143a50, 0x000001ecba149630,
0x000001ecba14a9e0, 0x000001ecba148fa0, 0x000001ecba149cc0, 0x000001ecba148910,
0x000001ecba147560, 0x000001ecba14b070, 0x000001ecba147bf0, 0x000001ecba14b700,
0x000001ecba148280, 0x000001ecba14c420, 0x000001ecba14cab0, 0x000001ecba14bd90,
0x000001ecbb3a1ea0, 0x000001ecbb39f740, 0x000001ecbb3a2530, 0x000001ecbb39fdd0,
0x000001ecbb3a0af0, 0x000001ecbb3a0460, 0x000001ecbb3a1810, 0x000001ecbb3a1180,
0x000001ecbb39f0b0, 0x000001ecbb3a5320, 0x000001ecbb3a6040, 0x000001ecbb3a4600,
0x000001ecbb3a38e0, 0x000001ecbb3a3f70, 0x000001ecbb3a2bc0, 0x000001ecbb3a66d0,
0x000001ecbb3a4c90, 0x000001ecbb3a3250, 0x000001ecbb3a6d60, 0x000001ecbb3a8e30,
0x000001ecbb3a73f0, 0x000001ecbb3a59b0, 0x000001ecbb3aa1e0, 0x000001ecbb3aa870,
0x000001ecbb3a94c0, 0x000001ecbb3a9b50, 0x000001ecbb3aaf00, 0x000001ecbb3a7a80,
0x000001ecbb3ab590, 0x000001ecbb3a8110, 0x000001ecbb3abc20, 0x000001ecbb3a87a0,
0x000001ecbb3adcf0, 0x000001ecbb3acfd0, 0x000001ecbb3ac2b0, 0x000001ecc653c8d0,
0x000001ecc6539450, 0x000001ecc653dc80, 0x000001ecc653e310, 0x000001ecc653f6c0,
0x000001ecc653fd50, 0x000001ecc653d5f0, 0x000001ecc653e9a0, 0x000001ecc653f030,
0x000001ecc65403e0, 0x000001ecc653cf60, 0x000001ecc6543ef0, 0x000001ecc6542b40,
0x000001ecc65424b0, 0x000001ecc6543860, 0x000001ecc65431d0, 0x000001ecc6541100,
0x000001ecc6540a70, 0x000001ecc6544580, 0x000001ecc6541790, 0x000001ecc6541e20,
0x000001ecc6547370, 0x000001ecc6546ce0, 0x000001ecc6546650, 0x000001ecc6544c10,
0x000001ecc6547a00, 0x000001ecc65452a0, 0x000001ecc6545930, 0x000001ecc6545fc0,
0x000001ecb9822ec0, 0x000001ecb9822830, 0x000001ecb9820760, 0x000001ecb9823550,
0x000001ecb9824270, 0x000001ecb9823be0, 0x000001ecb9820df0, 0x000001ecb9824900,
0x000001ecb9824f90, 0x000001ecb9821b10, 0x000001ecb9825620, 0x000001ecb98221a0,
0x000001ecb9825cb0, 0x000001ecb98269d0, 0x000001ecb9826340, 0x000001ecb9827060,
0x000001ecb98276f0, 0x000001ecc653a170, 0x000001ecc653a800, 0x000001ecc653c240,
0x000001ecc653ae90, 0x000001ecc653bbb0, 0x000001ecc653b520, 0x000001ecbb3ae380,
0x000001ecbb3ac940, 0x000001ecbddddb40, 0x000001ecba71b190, 0x000001ecb80b2610,
0x000001ecbfdb87b0, 0x000001ecc5c221e0, 0x000001ecc5c21b50, 0x000001ecc5c20e30,
0x000001ecc5c1f3f0, 0x000001ecc5c207a0, 0x000001ecc5c1ed60, 0x000001ecc5c22f00,
0x000001ecc5c214c0, 0x000001ecc5c1fa80, 0x000001ecc5c22870, 0x000001ecc5c23590,
0x000001ecc5c20110, 0x000001ecc5c26a10, 0x000001ecc5c23c20, 0x000001ecc5c270a0,
0x000001ecc5c24fd0, 0x000001ecc5c24940, 0x000001ecc5c25660, 0x000001ecc5c25cf0,
0x000001ecc5c27730, 0x000001ecc5c26380, 0x000001ecc5c242b0, 0x000001ecc5c29170,
0x000001ecc5c29800, 0x000001ecc5c28450, 0x000001ecc5c28ae0, 0x000001ecc5c2a520,
0x000001ecc5c29e90, 0x000001ecc5c2abb0, 0x000001ecc5c2b240, 0x000001ecc5c27dc0,
0x000001ecc5c2d9a0, 0x000001ecc5c2b8d0, 0x000001ecc5c2ed50, 0x000001ecc5c32ef0,
0x000001ecc5c2d310, 0x000001ecc5c2e030, 0x000001ecc5c2e6c0, 0x000001ecc5c2bf60,
0x000001ecc5c2f3e0, 0x000001ecbb0bde80, 0x000001ecbb0bca10, 0x000001ecbb1b3b30,
0x000001ecbb1b2e10, 0x000001ecbb1c6910, 0x000001ecbb1c6fa0, 0x000001ecbb1c4ed0,
0x000001ecbb1c6280, 0x000001ecbb1c5560, 0x000001ecbb1c41b0, 0x000001ecbb1c5bf0,
0x000001ecbb1c3b20, 0x000001ecbb1c7630, 0x000001ecbb1c7cc0, 0x000001ecbb1c4840,
0x000001ecbb1ca420, 0x000001ecbb1cb7d0, 0x000001ecbb1caab0, 0x000001ecbb1c9700,
0x000001ecbb1c89e0, 0x000001ecbb1c8350, 0x000001ecbb1cb140, 0x000001ecbb1cbe60,
0x000001ecbb1c9d90, 0x000001ecbb1c9070, 0x000001ecbb1cc4f0, 0x000001ecbb1ccb80,
0x000001ecbb1ce5c0, 0x000001ecbb1d0000, 0x000001ecbb1d0690, 0x000001ecbb1cf970,
0x000001ecbb1cd210, 0x000001ecbb1d0d20, 0x000001ecbb1cd8a0, 0x000001ecbb1d13b0,
0x000001ecbb1cdf30, 0x000001ecbb1d1a40, 0x000001ecbb1cec50, 0x000001ecbb1cf2e0,
0x000001ecbb1d20d0, 0x000001ecc5c3b8c0, 0x000001ecc5c3b230, 0x000001ecc5c3bf50
}

Java Threads: ( => current thread )
  0x000001ec989aefe0 JavaThread "main"                              [_thread_blocked, id=15028, stack(0x0000006a83c00000,0x0000006a83d00000) (1024K)]
  0x000001ecb35bc020 JavaThread "Common-Cleaner"             daemon [_thread_blocked, id=49300, stack(0x0000006a84400000,0x0000006a84500000) (1024K)]
  0x000001ecb35bfaa0 JavaThread "Reference Handler"          daemon [_thread_blocked, id=19528, stack(0x0000006a84500000,0x0000006a84600000) (1024K)]
  0x000001ecb35c0500 JavaThread "Finalizer"                  daemon [_thread_blocked, id=76040, stack(0x0000006a84600000,0x0000006a84700000) (1024K)]
  0x000001ecb36086f0 JavaThread "Signal Dispatcher"          daemon [_thread_blocked, id=94196, stack(0x0000006a84700000,0x0000006a84800000) (1024K)]
  0x000001ecb35ef710 JavaThread "Attach Listener"            daemon [_thread_blocked, id=71376, stack(0x0000006a84800000,0x0000006a84900000) (1024K)]
  0x000001ecb35f0170 JavaThread "Service Thread"             daemon [_thread_blocked, id=49732, stack(0x0000006a84900000,0x0000006a84a00000) (1024K)]
  0x000001ecb3610d70 JavaThread "Monitor Deflation Thread"   daemon [_thread_blocked, id=91804, stack(0x0000006a84a00000,0x0000006a84b00000) (1024K)]
  0x000001ecb35f4f20 JavaThread "C2 CompilerThread0"         daemon [_thread_blocked, id=57128, stack(0x0000006a84b00000,0x0000006a84c00000) (1024K)]
  0x000001ecb35f59c0 JavaThread "C1 CompilerThread0"         daemon [_thread_blocked, id=82400, stack(0x0000006a84c00000,0x0000006a84d00000) (1024K)]
  0x000001ecb37c1490 JavaThread "C1 CompilerThread1"         daemon [_thread_blocked, id=73576, stack(0x0000006a84d00000,0x0000006a84e00000) (1024K)]
  0x000001ecb37e1b50 JavaThread "C1 CompilerThread2"         daemon [_thread_blocked, id=19952, stack(0x0000006a84e00000,0x0000006a84f00000) (1024K)]
  0x000001ecb37e2610 JavaThread "C1 CompilerThread3"         daemon [_thread_blocked, id=22104, stack(0x0000006a84f00000,0x0000006a85000000) (1024K)]
  0x000001ecb81f49c0 JavaThread "Notification Thread"        daemon [_thread_blocked, id=80080, stack(0x0000006a85000000,0x0000006a85100000) (1024K)]
  0x000001ecb811ad60 JavaThread "C2 CompilerThread1"         daemon [_thread_blocked, id=33168, stack(0x0000006a85100000,0x0000006a85200000) (1024K)]
  0x000001ecb81f1540 JavaThread "Daemon health stats"               [_thread_blocked, id=90732, stack(0x0000006a85800000,0x0000006a85900000) (1024K)]
  0x000001ecb81f4330 JavaThread "Incoming local TCP Connector on port 59987"        [_thread_in_native, id=78036, stack(0x0000006a85900000,0x0000006a85a00000) (1024K)]
  0x000001ecb81f28f0 JavaThread "Daemon periodic checks"            [_thread_blocked, id=74436, stack(0x0000006a85a00000,0x0000006a85b00000) (1024K)]
  0x000001ecb81f2f80 JavaThread "Daemon"                            [_thread_blocked, id=73568, stack(0x0000006a86300000,0x0000006a86400000) (1024K)]
  0x000001ecb81f3610 JavaThread "Handler for socket connection from /127.0.0.1:59987 to /127.0.0.1:59988"        [_thread_in_native, id=80724, stack(0x0000006a86400000,0x0000006a86500000) (1024K)]
  0x000001ecb81f1bd0 JavaThread "Cancel handler"                    [_thread_blocked, id=54808, stack(0x0000006a86a00000,0x0000006a86b00000) (1024K)]
  0x000001ecba7162d0 JavaThread "Daemon worker"                     [_thread_blocked, id=33548, stack(0x0000006a86b00000,0x0000006a86c00000) (1024K)]
  0x000001ecba716960 JavaThread "Asynchronous log dispatcher for DefaultDaemonConnection: socket connection from /127.0.0.1:59987 to /127.0.0.1:59988"        [_thread_blocked, id=63196, stack(0x0000006a86c00000,0x0000006a86d00000) (1024K)]
  0x000001ecba717d10 JavaThread "Stdin handler"                     [_thread_blocked, id=63336, stack(0x0000006a86d00000,0x0000006a86e00000) (1024K)]
  0x000001ecba715c40 JavaThread "Daemon client event forwarder"        [_thread_blocked, id=59228, stack(0x0000006a86e00000,0x0000006a86f00000) (1024K)]
  0x000001ecba714890 JavaThread "Cache worker for journal cache (C:\Users\33947\.gradle\caches\journal-1)"        [_thread_blocked, id=71764, stack(0x0000006a86f00000,0x0000006a87000000) (1024K)]
  0x000001ecba717680 JavaThread "File lock request listener"        [_thread_in_native, id=55108, stack(0x0000006a87000000,0x0000006a87100000) (1024K)]
  0x000001ecba7183a0 JavaThread "Cache worker for file hash cache (C:\Users\33947\.gradle\caches\9.3.1\fileHashes)"        [_thread_blocked, id=81700, stack(0x0000006a87100000,0x0000006a87200000) (1024K)]
  0x000001ecba7155b0 JavaThread "Cache worker for file hash cache (C:\Users\33947\Desktop\Android项目\click\.gradle\9.3.1\fileHashes)"        [_thread_blocked, id=21508, stack(0x0000006a87600000,0x0000006a87700000) (1024K)]
  0x000001ecba719de0 JavaThread "Cache worker for Build Output Cleanup Cache (C:\Users\33947\Desktop\Android项目\click\.gradle\buildOutputCleanup)"        [_thread_blocked, id=80944, stack(0x0000006a87700000,0x0000006a87800000) (1024K)]
  0x000001ecba71a470 JavaThread "File watcher server"        daemon [_thread_blocked, id=38188, stack(0x0000006a87800000,0x0000006a87900000) (1024K)]
  0x000001ecba7190c0 JavaThread "File watcher consumer"      daemon [_thread_blocked, id=70360, stack(0x0000006a87900000,0x0000006a87a00000) (1024K)]
  0x000001ecba719750 JavaThread "Cache worker for checksums cache (C:\Users\33947\Desktop\Android项目\click\.gradle\9.3.1\checksums)"        [_thread_blocked, id=76004, stack(0x0000006a87a00000,0x0000006a87b00000) (1024K)]
  0x000001ecba71ab00 JavaThread "Cache worker for file content cache (C:\Users\33947\.gradle\caches\9.3.1\fileContent)"        [_thread_blocked, id=44908, stack(0x0000006a87b00000,0x0000006a87c00000) (1024K)]
  0x000001ecba71b820 JavaThread "Cache worker for cache directory md-supplier (C:\Users\33947\.gradle\caches\9.3.1\md-supplier)"        [_thread_blocked, id=91540, stack(0x0000006a87c00000,0x0000006a87d00000) (1024K)]
  0x000001ecbbf7c640 JavaThread "Cache worker for cache directory md-rule (C:\Users\33947\.gradle\caches\9.3.1\md-rule)"        [_thread_blocked, id=83408, stack(0x0000006a87d00000,0x0000006a87e00000) (1024K)]
  0x000001ecbbf7e710 JavaThread "jar transforms"                    [_thread_blocked, id=81696, stack(0x0000006a87e00000,0x0000006a87f00000) (1024K)]
  0x000001ecbbf7e080 JavaThread "jar transforms Thread 2"           [_thread_blocked, id=61776, stack(0x0000006a87f00000,0x0000006a88000000) (1024K)]
  0x000001ecbbf7b290 JavaThread "jar transforms Thread 3"           [_thread_blocked, id=39236, stack(0x0000006a88100000,0x0000006a88200000) (1024K)]
  0x000001ecbbf7b920 JavaThread "Unconstrained build operations"        [_thread_blocked, id=49864, stack(0x0000006a88200000,0x0000006a88300000) (1024K)]
  0x000001ecbbf7f430 JavaThread "Unconstrained build operations Thread 2"        [_thread_blocked, id=85084, stack(0x0000006a88300000,0x0000006a88400000) (1024K)]
  0x000001ecbbf7bfb0 JavaThread "Unconstrained build operations Thread 3"        [_thread_blocked, id=31340, stack(0x0000006a88400000,0x0000006a88500000) (1024K)]
  0x000001ecbbf80150 JavaThread "Unconstrained build operations Thread 4"        [_thread_blocked, id=80688, stack(0x0000006a88500000,0x0000006a88600000) (1024K)]
  0x000001ecbbf82220 JavaThread "Unconstrained build operations Thread 5"        [_thread_blocked, id=49396, stack(0x0000006a88600000,0x0000006a88700000) (1024K)]
  0x000001ecbbf828b0 JavaThread "Unconstrained build operations Thread 6"        [_thread_blocked, id=58116, stack(0x0000006a88700000,0x0000006a88800000) (1024K)]
  0x000001ecbbf807e0 JavaThread "Unconstrained build operations Thread 7"        [_thread_blocked, id=56988, stack(0x0000006a88800000,0x0000006a88900000) (1024K)]
  0x000001ecbbf7fac0 JavaThread "Unconstrained build operations Thread 8"        [_thread_blocked, id=74216, stack(0x0000006a88900000,0x0000006a88a00000) (1024K)]
  0x000001ecbbf80e70 JavaThread "Unconstrained build operations Thread 9"        [_thread_blocked, id=87576, stack(0x0000006a88a00000,0x0000006a88b00000) (1024K)]
  0x000001ecbbf81500 JavaThread "Unconstrained build operations Thread 10"        [_thread_blocked, id=69108, stack(0x0000006a88b00000,0x0000006a88c00000) (1024K)]
  0x000001ecbbf81b90 JavaThread "Unconstrained build operations Thread 11"        [_thread_blocked, id=59196, stack(0x0000006a88c00000,0x0000006a88d00000) (1024K)]
  0x000001ecbaccfe60 JavaThread "Unconstrained build operations Thread 12"        [_thread_blocked, id=74660, stack(0x0000006a88d00000,0x0000006a88e00000) (1024K)]
  0x000001ecbacd04f0 JavaThread "Unconstrained build operations Thread 13"        [_thread_blocked, id=88424, stack(0x0000006a88e00000,0x0000006a88f00000) (1024K)]
  0x000001ecbaccd070 JavaThread "Unconstrained build operations Thread 14"        [_thread_blocked, id=92268, stack(0x0000006a88f00000,0x0000006a89000000) (1024K)]
  0x000001ecbaccf7d0 JavaThread "Unconstrained build operations Thread 15"        [_thread_blocked, id=2188, stack(0x0000006a89000000,0x0000006a89100000) (1024K)]
  0x000001ecbaccd700 JavaThread "Unconstrained build operations Thread 16"        [_thread_blocked, id=14824, stack(0x0000006a89100000,0x0000006a89200000) (1024K)]
  0x000001ecbaccdd90 JavaThread "Unconstrained build operations Thread 17"        [_thread_blocked, id=85364, stack(0x0000006a89200000,0x0000006a89300000) (1024K)]
  0x000001ecbacce420 JavaThread "Unconstrained build operations Thread 18"        [_thread_blocked, id=84816, stack(0x0000006a89300000,0x0000006a89400000) (1024K)]
  0x000001ecbacceab0 JavaThread "Unconstrained build operations Thread 19"        [_thread_blocked, id=62884, stack(0x0000006a89400000,0x0000006a89500000) (1024K)]
  0x000001ecbaccf140 JavaThread "Unconstrained build operations Thread 20"        [_thread_blocked, id=43536, stack(0x0000006a89500000,0x0000006a89600000) (1024K)]
  0x000001ecbace7f60 JavaThread "jar transforms Thread 4"           [_thread_blocked, id=77884, stack(0x0000006a89600000,0x0000006a89700000) (1024K)]
  0x000001ecbace9310 JavaThread "jar transforms Thread 5"           [_thread_blocked, id=43160, stack(0x0000006a89700000,0x0000006a89800000) (1024K)]
  0x000001ecbace99a0 JavaThread "Unconstrained build operations Thread 21"        [_thread_blocked, id=39872, stack(0x0000006a89800000,0x0000006a89900000) (1024K)]
  0x000001ecbacea030 JavaThread "Unconstrained build operations Thread 22"        [_thread_blocked, id=29980, stack(0x0000006a89900000,0x0000006a89a00000) (1024K)]
  0x000001ecbacea6c0 JavaThread "Unconstrained build operations Thread 23"        [_thread_blocked, id=52812, stack(0x0000006a89a00000,0x0000006a89b00000) (1024K)]
  0x000001ecbacead50 JavaThread "Unconstrained build operations Thread 24"        [_thread_blocked, id=60828, stack(0x0000006a89b00000,0x0000006a89c00000) (1024K)]
  0x000001ecbaceba70 JavaThread "Unconstrained build operations Thread 25"        [_thread_blocked, id=29236, stack(0x0000006a89c00000,0x0000006a89d00000) (1024K)]
  0x000001ecbaceb3e0 JavaThread "Unconstrained build operations Thread 26"        [_thread_blocked, id=74800, stack(0x0000006a89d00000,0x0000006a89e00000) (1024K)]
  0x000001ecbace85f0 JavaThread "Unconstrained build operations Thread 27"        [_thread_blocked, id=67008, stack(0x0000006a89e00000,0x0000006a89f00000) (1024K)]
  0x000001ecbacec100 JavaThread "Unconstrained build operations Thread 28"        [_thread_blocked, id=47536, stack(0x0000006a89f00000,0x0000006a8a000000) (1024K)]
  0x000001ecbace8c80 JavaThread "Unconstrained build operations Thread 29"        [_thread_blocked, id=72156, stack(0x0000006a8a000000,0x0000006a8a100000) (1024K)]
  0x000001ecbacee1d0 JavaThread "Unconstrained build operations Thread 30"        [_thread_blocked, id=93168, stack(0x0000006a8a100000,0x0000006a8a200000) (1024K)]
  0x000001ecbacee860 JavaThread "jar transforms Thread 6"           [_thread_blocked, id=80256, stack(0x0000006a8a200000,0x0000006a8a300000) (1024K)]
  0x000001ecbaced4b0 JavaThread "jar transforms Thread 7"           [_thread_blocked, id=92244, stack(0x0000006a8a300000,0x0000006a8a400000) (1024K)]
  0x000001ecbaceeef0 JavaThread "jar transforms Thread 8"           [_thread_blocked, id=77916, stack(0x0000006a8a400000,0x0000006a8a500000) (1024K)]
  0x000001ecbacece20 JavaThread "Unconstrained build operations Thread 31"        [_thread_blocked, id=68948, stack(0x0000006a8a500000,0x0000006a8a600000) (1024K)]
  0x000001ecbacedb40 JavaThread "Unconstrained build operations Thread 32"        [_thread_blocked, id=77828, stack(0x0000006a8a600000,0x0000006a8a700000) (1024K)]
  0x000001ecbdddce20 JavaThread "Unconstrained build operations Thread 33"        [_thread_blocked, id=83560, stack(0x0000006a8a700000,0x0000006a8a800000) (1024K)]
  0x000001ecbdddc100 JavaThread "Unconstrained build operations Thread 34"        [_thread_blocked, id=90184, stack(0x0000006a88000000,0x0000006a88100000) (1024K)]
  0x000001ecbddda6c0 JavaThread "Unconstrained build operations Thread 35"        [_thread_blocked, id=89332, stack(0x0000006a8a800000,0x0000006a8a900000) (1024K)]
  0x000001ecbddde1d0 JavaThread "Unconstrained build operations Thread 36"        [_thread_blocked, id=73376, stack(0x0000006a8a900000,0x0000006a8aa00000) (1024K)]
  0x000001ecbddde860 JavaThread "Unconstrained build operations Thread 37"        [_thread_blocked, id=35928, stack(0x0000006a8aa00000,0x0000006a8ab00000) (1024K)]
  0x000001ecbdddb3e0 JavaThread "Unconstrained build operations Thread 38"        [_thread_blocked, id=46792, stack(0x0000006a8ab00000,0x0000006a8ac00000) (1024K)]
  0x000001ecbdddf580 JavaThread "Unconstrained build operations Thread 39"        [_thread_blocked, id=85132, stack(0x0000006a8ac00000,0x0000006a8ad00000) (1024K)]
  0x000001ecbdde0fc0 JavaThread "Unconstrained build operations Thread 40"        [_thread_blocked, id=89028, stack(0x0000006a8ad00000,0x0000006a8ae00000) (1024K)]
  0x000001ecbdde02a0 JavaThread "Unconstrained build operations Thread 41"        [_thread_blocked, id=74844, stack(0x0000006a8ae00000,0x0000006a8af00000) (1024K)]
  0x000001ecbdddfc10 JavaThread "Unconstrained build operations Thread 42"        [_thread_blocked, id=69364, stack(0x0000006a8af00000,0x0000006a8b000000) (1024K)]
  0x000001ecbdddeef0 JavaThread "Unconstrained build operations Thread 43"        [_thread_blocked, id=9048, stack(0x0000006a8b000000,0x0000006a8b100000) (1024K)]
  0x000001ecbdde0930 JavaThread "Unconstrained build operations Thread 44"        [_thread_blocked, id=91380, stack(0x0000006a8b100000,0x0000006a8b200000) (1024K)]
  0x000001ecbdde1650 JavaThread "Unconstrained build operations Thread 45"        [_thread_blocked, id=79232, stack(0x0000006a8b200000,0x0000006a8b300000) (1024K)]
  0x000001ecbacec790 JavaThread "Unconstrained build operations Thread 46"        [_thread_blocked, id=34684, stack(0x0000006a8b300000,0x0000006a8b400000) (1024K)]
  0x000001ecbfba9ce0 JavaThread "Unconstrained build operations Thread 47"        [_thread_blocked, id=80844, stack(0x0000006a8b400000,0x0000006a8b500000) (1024K)]
  0x000001ecbfbacad0 JavaThread "Unconstrained build operations Thread 48"        [_thread_blocked, id=77840, stack(0x0000006a8b500000,0x0000006a8b600000) (1024K)]
  0x000001ecbfbab720 JavaThread "Unconstrained build operations Thread 49"        [_thread_blocked, id=31148, stack(0x0000006a8b600000,0x0000006a8b700000) (1024K)]
  0x000001ecbfbabdb0 JavaThread "Unconstrained build operations Thread 50"        [_thread_blocked, id=74476, stack(0x0000006a8b700000,0x0000006a8b800000) (1024K)]
  0x000001ecbfbaa370 JavaThread "Unconstrained build operations Thread 51"        [_thread_blocked, id=16116, stack(0x0000006a8b800000,0x0000006a8b900000) (1024K)]
  0x000001ecbfbac440 JavaThread "Unconstrained build operations Thread 52"        [_thread_blocked, id=38972, stack(0x0000006a8b900000,0x0000006a8ba00000) (1024K)]
  0x000001ecbfba9650 JavaThread "Unconstrained build operations Thread 53"        [_thread_blocked, id=84604, stack(0x0000006a8ba00000,0x0000006a8bb00000) (1024K)]
  0x000001ecbfbaaa00 JavaThread "Unconstrained build operations Thread 54"        [_thread_blocked, id=55908, stack(0x0000006a8bb00000,0x0000006a8bc00000) (1024K)]
  0x000001ecbfbad160 JavaThread "Unconstrained build operations Thread 55"        [_thread_blocked, id=81332, stack(0x0000006a8bc00000,0x0000006a8bd00000) (1024K)]
  0x000001ecbfbae510 JavaThread "Unconstrained build operations Thread 56"        [_thread_blocked, id=63548, stack(0x0000006a8bd00000,0x0000006a8be00000) (1024K)]
  0x000001ecbfbade80 JavaThread "Unconstrained build operations Thread 57"        [_thread_blocked, id=87400, stack(0x0000006a8be00000,0x0000006a8bf00000) (1024K)]
  0x000001ecbfbad7f0 JavaThread "Unconstrained build operations Thread 58"        [_thread_blocked, id=92276, stack(0x0000006a8bf00000,0x0000006a8c000000) (1024K)]
  0x000001ecbfbab090 JavaThread "Unconstrained build operations Thread 59"        [_thread_blocked, id=43996, stack(0x0000006a8c000000,0x0000006a8c100000) (1024K)]
  0x000001ecbfbaf8c0 JavaThread "Unconstrained build operations Thread 60"        [_thread_blocked, id=65616, stack(0x0000006a8c100000,0x0000006a8c200000) (1024K)]
  0x000001ecbfbaeba0 JavaThread "Unconstrained build operations Thread 61"        [_thread_blocked, id=65708, stack(0x0000006a8c200000,0x0000006a8c300000) (1024K)]
  0x000001ecbfbb05e0 JavaThread "Unconstrained build operations Thread 62"        [_thread_blocked, id=38948, stack(0x0000006a8c300000,0x0000006a8c400000) (1024K)]
  0x000001ecbfbaf230 JavaThread "Unconstrained build operations Thread 63"        [_thread_blocked, id=61812, stack(0x0000006a8c400000,0x0000006a8c500000) (1024K)]
  0x000001ecbfbaff50 JavaThread "Unconstrained build operations Thread 64"        [_thread_blocked, id=92216, stack(0x0000006a8c500000,0x0000006a8c600000) (1024K)]
  0x000001ecbfbb0c70 JavaThread "Unconstrained build operations Thread 65"        [_thread_blocked, id=29476, stack(0x0000006a8c600000,0x0000006a8c700000) (1024K)]
  0x000001ecba71beb0 JavaThread "Unconstrained build operations Thread 66"        [_thread_blocked, id=71996, stack(0x0000006a8c700000,0x0000006a8c800000) (1024K)]
  0x000001ecb81f3ca0 JavaThread "Unconstrained build operations Thread 67"        [_thread_blocked, id=69852, stack(0x0000006a8c800000,0x0000006a8c900000) (1024K)]
  0x000001ecbf9d40c0 JavaThread "Unconstrained build operations Thread 68"        [_thread_blocked, id=57620, stack(0x0000006a8c900000,0x0000006a8ca00000) (1024K)]
  0x000001ecbf9d6eb0 JavaThread "Unconstrained build operations Thread 69"        [_thread_blocked, id=35912, stack(0x0000006a8ca00000,0x0000006a8cb00000) (1024K)]
  0x000001ecbf9d4de0 JavaThread "Unconstrained build operations Thread 70"        [_thread_blocked, id=52464, stack(0x0000006a8cb00000,0x0000006a8cc00000) (1024K)]
  0x000001ecbf9d3a30 JavaThread "Unconstrained build operations Thread 71"        [_thread_blocked, id=84128, stack(0x0000006a8cc00000,0x0000006a8cd00000) (1024K)]
  0x000001ecbf9d4750 JavaThread "Unconstrained build operations Thread 72"        [_thread_blocked, id=78332, stack(0x0000006a8cd00000,0x0000006a8ce00000) (1024K)]
  0x000001ecbf9d8260 JavaThread "Unconstrained build operations Thread 73"        [_thread_blocked, id=69104, stack(0x0000006a8ce00000,0x0000006a8cf00000) (1024K)]
  0x000001ecbf9d7540 JavaThread "Unconstrained build operations Thread 74"        [_thread_blocked, id=49500, stack(0x0000006a8cf00000,0x0000006a8d000000) (1024K)]
  0x000001ecbf9d5b00 JavaThread "Unconstrained build operations Thread 75"        [_thread_blocked, id=76724, stack(0x0000006a8d000000,0x0000006a8d100000) (1024K)]
  0x000001ecbf9d7bd0 JavaThread "Unconstrained build operations Thread 76"        [_thread_blocked, id=12744, stack(0x0000006a8d100000,0x0000006a8d200000) (1024K)]
  0x000001ecbf9d6820 JavaThread "Unconstrained build operations Thread 77"        [_thread_blocked, id=57692, stack(0x0000006a8d200000,0x0000006a8d300000) (1024K)]
  0x000001ecbf9d88f0 JavaThread "Unconstrained build operations Thread 78"        [_thread_blocked, id=88608, stack(0x0000006a8d300000,0x0000006a8d400000) (1024K)]
  0x000001ecbf9d6190 JavaThread "Unconstrained build operations Thread 79"        [_thread_blocked, id=55428, stack(0x0000006a8d400000,0x0000006a8d500000) (1024K)]
  0x000001ecbf9d5470 JavaThread "Unconstrained build operations Thread 80"        [_thread_blocked, id=65680, stack(0x0000006a8d500000,0x0000006a8d600000) (1024K)]
  0x000001ecbf9da9c0 JavaThread "Unconstrained build operations Thread 81"        [_thread_blocked, id=73248, stack(0x0000006a8d600000,0x0000006a8d700000) (1024K)]
  0x000001ecbf9da330 JavaThread "Unconstrained build operations Thread 82"        [_thread_blocked, id=61924, stack(0x0000006a8d700000,0x0000006a8d800000) (1024K)]
  0x000001ecbf9db050 JavaThread "Unconstrained build operations Thread 83"        [_thread_blocked, id=86684, stack(0x0000006a8d800000,0x0000006a8d900000) (1024K)]
  0x000001ecbf9d9ca0 JavaThread "Unconstrained build operations Thread 84"        [_thread_blocked, id=77408, stack(0x0000006a8d900000,0x0000006a8da00000) (1024K)]
  0x000001ecbf9d9610 JavaThread "Unconstrained build operations Thread 85"        [_thread_blocked, id=34276, stack(0x0000006a8da00000,0x0000006a8db00000) (1024K)]
  0x000001ecbf9d8f80 JavaThread "Unconstrained build operations Thread 86"        [_thread_blocked, id=43136, stack(0x0000006a8db00000,0x0000006a8dc00000) (1024K)]
  0x000001ecbd962ab0 JavaThread "Unconstrained build operations Thread 87"        [_thread_blocked, id=55780, stack(0x0000006a8dc00000,0x0000006a8dd00000) (1024K)]
  0x000001ecbd963140 JavaThread "Unconstrained build operations Thread 88"        [_thread_blocked, id=47452, stack(0x0000006a8dd00000,0x0000006a8de00000) (1024K)]
  0x000001ecbd960350 JavaThread "Unconstrained build operations Thread 89"        [_thread_blocked, id=30700, stack(0x0000006a8de00000,0x0000006a8df00000) (1024K)]
  0x000001ecbd9609e0 JavaThread "Unconstrained build operations Thread 90"        [_thread_blocked, id=14480, stack(0x0000006a8df00000,0x0000006a8e000000) (1024K)]
  0x000001ecbd95fcc0 JavaThread "Unconstrained build operations Thread 91"        [_thread_blocked, id=15544, stack(0x0000006a8e000000,0x0000006a8e100000) (1024K)]
  0x000001ecbd961070 JavaThread "Unconstrained build operations Thread 92"        [_thread_blocked, id=34624, stack(0x0000006a8e100000,0x0000006a8e200000) (1024K)]
  0x000001ecbd962420 JavaThread "Unconstrained build operations Thread 93"        [_thread_blocked, id=62976, stack(0x0000006a8e200000,0x0000006a8e300000) (1024K)]
  0x000001ecbd9637d0 JavaThread "Unconstrained build operations Thread 94"        [_thread_blocked, id=17000, stack(0x0000006a8e300000,0x0000006a8e400000) (1024K)]
  0x000001ecbd961700 JavaThread "Unconstrained build operations Thread 95"        [_thread_blocked, id=15944, stack(0x0000006a8e400000,0x0000006a8e500000) (1024K)]
  0x000001ecbd963e60 JavaThread "Unconstrained build operations Thread 96"        [_thread_blocked, id=64168, stack(0x0000006a8e500000,0x0000006a8e600000) (1024K)]
  0x000001ecbd9644f0 JavaThread "Unconstrained build operations Thread 97"        [_thread_blocked, id=81056, stack(0x0000006a8e600000,0x0000006a8e700000) (1024K)]
  0x000001ecbd964b80 JavaThread "Unconstrained build operations Thread 98"        [_thread_blocked, id=61944, stack(0x0000006a8e700000,0x0000006a8e800000) (1024K)]
  0x000001ecbd965210 JavaThread "Unconstrained build operations Thread 99"        [_thread_blocked, id=83372, stack(0x0000006a8e800000,0x0000006a8e900000) (1024K)]
  0x000001ecbd961d90 JavaThread "Unconstrained build operations Thread 100"        [_thread_blocked, id=72680, stack(0x0000006a8e900000,0x0000006a8ea00000) (1024K)]
  0x000001ecbd9658a0 JavaThread "Unconstrained build operations Thread 101"        [_thread_blocked, id=28156, stack(0x0000006a8ea00000,0x0000006a8eb00000) (1024K)]
  0x000001ecbd965f30 JavaThread "Unconstrained build operations Thread 102"        [_thread_blocked, id=38460, stack(0x0000006a8eb00000,0x0000006a8ec00000) (1024K)]
  0x000001ecbfdb6d70 JavaThread "build event listener"              [_thread_blocked, id=86144, stack(0x0000006a8ec00000,0x0000006a8ed00000) (1024K)]
  0x000001ecbfdb94d0 JavaThread "Memory manager"                    [_thread_blocked, id=50596, stack(0x0000006a8ed00000,0x0000006a8ee00000) (1024K)]
  0x000001ecbfdb7a90 JavaThread "build event listener"              [_thread_blocked, id=85680, stack(0x0000006a8ee00000,0x0000006a8ef00000) (1024K)]
  0x000001ecb80ae470 JavaThread "pool-3-thread-1"                   [_thread_blocked, id=94204, stack(0x0000006a8f000000,0x0000006a8f100000) (1024K)]
  0x000001ecb80b3330 JavaThread "build event listener"              [_thread_blocked, id=36376, stack(0x0000006a8f100000,0x0000006a8f200000) (1024K)]
  0x000001ecba13e500 JavaThread "included builds"                   [_thread_blocked, id=25956, stack(0x0000006a8f200000,0x0000006a8f300000) (1024K)]
  0x000001ecba13ff40 JavaThread "Execution worker"                  [_thread_blocked, id=86876, stack(0x0000006a8f300000,0x0000006a8f400000) (1024K)]
  0x000001ecba1405d0 JavaThread "Execution worker Thread 2"         [_thread_blocked, id=46732, stack(0x0000006a8f400000,0x0000006a8f500000) (1024K)]
  0x000001ecba140c60 JavaThread "Execution worker Thread 3"         [_thread_blocked, id=69568, stack(0x0000006a8f500000,0x0000006a8f600000) (1024K)]
  0x000001ecba13d7e0 JavaThread "Execution worker Thread 4"         [_thread_blocked, id=23952, stack(0x0000006a8f600000,0x0000006a8f700000) (1024K)]
  0x000001ecba1412f0 JavaThread "Execution worker Thread 5"         [_thread_blocked, id=73268, stack(0x0000006a8f700000,0x0000006a8f800000) (1024K)]
  0x000001ecba13f8b0 JavaThread "Execution worker Thread 6"         [_thread_blocked, id=89804, stack(0x0000006a8f800000,0x0000006a8f900000) (1024K)]
  0x000001ecba13de70 JavaThread "Execution worker Thread 7"         [_thread_blocked, id=60588, stack(0x0000006a8f900000,0x0000006a8fa00000) (1024K)]
  0x000001ecba141980 JavaThread "Execution worker Thread 8"         [_thread_blocked, id=62240, stack(0x0000006a8fa00000,0x0000006a8fb00000) (1024K)]
  0x000001ecba142010 JavaThread "Execution worker Thread 9"         [_thread_blocked, id=68940, stack(0x0000006a8fb00000,0x0000006a8fc00000) (1024K)]
  0x000001ecba13eb90 JavaThread "Execution worker Thread 10"        [_thread_blocked, id=77024, stack(0x0000006a8fc00000,0x0000006a8fd00000) (1024K)]
  0x000001ecba1426a0 JavaThread "Execution worker Thread 11"        [_thread_blocked, id=63520, stack(0x0000006a8fd00000,0x0000006a8fe00000) (1024K)]
  0x000001ecba13f220 JavaThread "Execution worker Thread 12"        [_thread_blocked, id=46992, stack(0x0000006a8fe00000,0x0000006a8ff00000) (1024K)]
  0x000001ecba145b20 JavaThread "Execution worker Thread 13"        [_thread_blocked, id=82292, stack(0x0000006a8ff00000,0x0000006a90000000) (1024K)]
  0x000001ecba144770 JavaThread "Execution worker Thread 14"        [_thread_blocked, id=62212, stack(0x0000006a90000000,0x0000006a90100000) (1024K)]
  0x000001ecba1440e0 JavaThread "Execution worker Thread 15"        [_thread_blocked, id=85372, stack(0x0000006a90100000,0x0000006a90200000) (1024K)]
  0x000001ecba144e00 JavaThread "Execution worker Thread 16"        [_thread_blocked, id=15208, stack(0x0000006a90200000,0x0000006a90300000) (1024K)]
  0x000001ecba1461b0 JavaThread "Execution worker Thread 17"        [_thread_blocked, id=90472, stack(0x0000006a90300000,0x0000006a90400000) (1024K)]
  0x000001ecba145490 JavaThread "Execution worker Thread 18"        [_thread_blocked, id=83524, stack(0x0000006a90400000,0x0000006a90500000) (1024K)]
  0x000001ecba142d30 JavaThread "Execution worker Thread 19"        [_thread_blocked, id=36040, stack(0x0000006a90500000,0x0000006a90600000) (1024K)]
  0x000001ecba146840 JavaThread "Execution worker Thread 20"        [_thread_blocked, id=94092, stack(0x0000006a90600000,0x0000006a90700000) (1024K)]
  0x000001ecba1433c0 JavaThread "Execution worker Thread 21"        [_thread_blocked, id=82388, stack(0x0000006a90700000,0x0000006a90800000) (1024K)]
  0x000001ecba146ed0 JavaThread "Execution worker Thread 22"        [_thread_blocked, id=86380, stack(0x0000006a90800000,0x0000006a90900000) (1024K)]
  0x000001ecba143a50 JavaThread "Execution worker Thread 23"        [_thread_blocked, id=50940, stack(0x0000006a90900000,0x0000006a90a00000) (1024K)]
  0x000001ecba149630 JavaThread "Cache worker for execution history cache (C:\Users\33947\Desktop\Android项目\click\.gradle\9.3.1\executionHistory)"        [_thread_blocked, id=61132, stack(0x0000006a90a00000,0x0000006a90b00000) (1024K)]
  0x000001ecba14a9e0 JavaThread "Unconstrained build operations Thread 103"        [_thread_blocked, id=88944, stack(0x0000006a90b00000,0x0000006a90c00000) (1024K)]
  0x000001ecba148fa0 JavaThread "Unconstrained build operations Thread 104"        [_thread_blocked, id=45540, stack(0x0000006a90c00000,0x0000006a90d00000) (1024K)]
  0x000001ecba149cc0 JavaThread "Unconstrained build operations Thread 105"        [_thread_blocked, id=60776, stack(0x0000006a90d00000,0x0000006a90e00000) (1024K)]
  0x000001ecba148910 JavaThread "Unconstrained build operations Thread 106"        [_thread_blocked, id=28084, stack(0x0000006a90e00000,0x0000006a90f00000) (1024K)]
  0x000001ecba147560 JavaThread "Unconstrained build operations Thread 107"        [_thread_blocked, id=89712, stack(0x0000006a90f00000,0x0000006a91000000) (1024K)]
  0x000001ecba14b070 JavaThread "Unconstrained build operations Thread 108"        [_thread_blocked, id=36096, stack(0x0000006a91000000,0x0000006a91100000) (1024K)]
  0x000001ecba147bf0 JavaThread "Unconstrained build operations Thread 109"        [_thread_blocked, id=92868, stack(0x0000006a91100000,0x0000006a91200000) (1024K)]
  0x000001ecba14b700 JavaThread "Unconstrained build operations Thread 110"        [_thread_blocked, id=35356, stack(0x0000006a91200000,0x0000006a91300000) (1024K)]
  0x000001ecba148280 JavaThread "Unconstrained build operations Thread 111"        [_thread_blocked, id=84812, stack(0x0000006a91300000,0x0000006a91400000) (1024K)]
  0x000001ecba14c420 JavaThread "Unconstrained build operations Thread 112"        [_thread_blocked, id=61336, stack(0x0000006a91400000,0x0000006a91500000) (1024K)]
  0x000001ecba14cab0 JavaThread "Unconstrained build operations Thread 113"        [_thread_blocked, id=1844, stack(0x0000006a91500000,0x0000006a91600000) (1024K)]
  0x000001ecba14bd90 JavaThread "Unconstrained build operations Thread 114"        [_thread_blocked, id=47960, stack(0x0000006a91600000,0x0000006a91700000) (1024K)]
  0x000001ecbb3a1ea0 JavaThread "Unconstrained build operations Thread 115"        [_thread_blocked, id=89976, stack(0x0000006a91700000,0x0000006a91800000) (1024K)]
  0x000001ecbb39f740 JavaThread "Unconstrained build operations Thread 116"        [_thread_blocked, id=84712, stack(0x0000006a91800000,0x0000006a91900000) (1024K)]
  0x000001ecbb3a2530 JavaThread "Unconstrained build operations Thread 117"        [_thread_blocked, id=52192, stack(0x0000006a91900000,0x0000006a91a00000) (1024K)]
  0x000001ecbb39fdd0 JavaThread "Unconstrained build operations Thread 118"        [_thread_blocked, id=52784, stack(0x0000006a91a00000,0x0000006a91b00000) (1024K)]
  0x000001ecbb3a0af0 JavaThread "Unconstrained build operations Thread 119"        [_thread_blocked, id=85576, stack(0x0000006a91b00000,0x0000006a91c00000) (1024K)]
  0x000001ecbb3a0460 JavaThread "Unconstrained build operations Thread 120"        [_thread_blocked, id=57548, stack(0x0000006a91c00000,0x0000006a91d00000) (1024K)]
  0x000001ecbb3a1810 JavaThread "Unconstrained build operations Thread 121"        [_thread_blocked, id=69912, stack(0x0000006a91d00000,0x0000006a91e00000) (1024K)]
  0x000001ecbb3a1180 JavaThread "Unconstrained build operations Thread 122"        [_thread_blocked, id=75456, stack(0x0000006a91e00000,0x0000006a91f00000) (1024K)]
  0x000001ecbb39f0b0 JavaThread "Unconstrained build operations Thread 123"        [_thread_blocked, id=35704, stack(0x0000006a91f00000,0x0000006a92000000) (1024K)]
  0x000001ecbb3a5320 JavaThread "Unconstrained build operations Thread 124"        [_thread_blocked, id=89144, stack(0x0000006a92000000,0x0000006a92100000) (1024K)]
  0x000001ecbb3a6040 JavaThread "Unconstrained build operations Thread 125"        [_thread_blocked, id=45240, stack(0x0000006a92100000,0x0000006a92200000) (1024K)]
  0x000001ecbb3a4600 JavaThread "Unconstrained build operations Thread 126"        [_thread_blocked, id=91012, stack(0x0000006a92200000,0x0000006a92300000) (1024K)]
  0x000001ecbb3a38e0 JavaThread "Unconstrained build operations Thread 127"        [_thread_blocked, id=28196, stack(0x0000006a92300000,0x0000006a92400000) (1024K)]
  0x000001ecbb3a3f70 JavaThread "Unconstrained build operations Thread 128"        [_thread_blocked, id=32004, stack(0x0000006a92400000,0x0000006a92500000) (1024K)]
  0x000001ecbb3a2bc0 JavaThread "Unconstrained build operations Thread 129"        [_thread_blocked, id=37692, stack(0x0000006a92500000,0x0000006a92600000) (1024K)]
  0x000001ecbb3a66d0 JavaThread "Unconstrained build operations Thread 130"        [_thread_blocked, id=52064, stack(0x0000006a92600000,0x0000006a92700000) (1024K)]
  0x000001ecbb3a4c90 JavaThread "Unconstrained build operations Thread 131"        [_thread_blocked, id=73788, stack(0x0000006a92700000,0x0000006a92800000) (1024K)]
  0x000001ecbb3a3250 JavaThread "Unconstrained build operations Thread 132"        [_thread_blocked, id=24084, stack(0x0000006a92800000,0x0000006a92900000) (1024K)]
  0x000001ecbb3a6d60 JavaThread "Unconstrained build operations Thread 133"        [_thread_blocked, id=89004, stack(0x0000006a92900000,0x0000006a92a00000) (1024K)]
  0x000001ecbb3a8e30 JavaThread "Unconstrained build operations Thread 134"        [_thread_blocked, id=57728, stack(0x0000006a92a00000,0x0000006a92b00000) (1024K)]
  0x000001ecbb3a73f0 JavaThread "Unconstrained build operations Thread 135"        [_thread_blocked, id=78884, stack(0x0000006a92b00000,0x0000006a92c00000) (1024K)]
  0x000001ecbb3a59b0 JavaThread "Unconstrained build operations Thread 136"        [_thread_blocked, id=17788, stack(0x0000006a92c00000,0x0000006a92d00000) (1024K)]
  0x000001ecbb3aa1e0 JavaThread "Unconstrained build operations Thread 137"        [_thread_blocked, id=84364, stack(0x0000006a92d00000,0x0000006a92e00000) (1024K)]
  0x000001ecbb3aa870 JavaThread "Unconstrained build operations Thread 138"        [_thread_blocked, id=76828, stack(0x0000006a92e00000,0x0000006a92f00000) (1024K)]
  0x000001ecbb3a94c0 JavaThread "Unconstrained build operations Thread 139"        [_thread_blocked, id=57140, stack(0x0000006a92f00000,0x0000006a93000000) (1024K)]
  0x000001ecbb3a9b50 JavaThread "Unconstrained build operations Thread 140"        [_thread_blocked, id=26360, stack(0x0000006a93000000,0x0000006a93100000) (1024K)]
  0x000001ecbb3aaf00 JavaThread "Unconstrained build operations Thread 141"        [_thread_blocked, id=83328, stack(0x0000006a93100000,0x0000006a93200000) (1024K)]
  0x000001ecbb3a7a80 JavaThread "Unconstrained build operations Thread 142"        [_thread_blocked, id=26184, stack(0x0000006a93200000,0x0000006a93300000) (1024K)]
  0x000001ecbb3ab590 JavaThread "Unconstrained build operations Thread 143"        [_thread_blocked, id=86048, stack(0x0000006a93300000,0x0000006a93400000) (1024K)]
  0x000001ecbb3a8110 JavaThread "Unconstrained build operations Thread 144"        [_thread_blocked, id=38536, stack(0x0000006a93400000,0x0000006a93500000) (1024K)]
  0x000001ecbb3abc20 JavaThread "Unconstrained build operations Thread 145"        [_thread_blocked, id=61512, stack(0x0000006a93500000,0x0000006a93600000) (1024K)]
  0x000001ecbb3a87a0 JavaThread "Unconstrained build operations Thread 146"        [_thread_blocked, id=47460, stack(0x0000006a93600000,0x0000006a93700000) (1024K)]
  0x000001ecbb3adcf0 JavaThread "Unconstrained build operations Thread 147"        [_thread_blocked, id=67820, stack(0x0000006a93700000,0x0000006a93800000) (1024K)]
  0x000001ecbb3acfd0 JavaThread "Unconstrained build operations Thread 148"        [_thread_blocked, id=10504, stack(0x0000006a93a00000,0x0000006a93b00000) (1024K)]
  0x000001ecbb3ac2b0 JavaThread "Unconstrained build operations Thread 149"        [_thread_blocked, id=21500, stack(0x0000006a93b00000,0x0000006a93c00000) (1024K)]
  0x000001ecc653c8d0 JavaThread "Unconstrained build operations Thread 150"        [_thread_blocked, id=85916, stack(0x0000006a93c00000,0x0000006a93d00000) (1024K)]
  0x000001ecc6539450 JavaThread "Unconstrained build operations Thread 151"        [_thread_blocked, id=81196, stack(0x0000006a93d00000,0x0000006a93e00000) (1024K)]
  0x000001ecc653dc80 JavaThread "Unconstrained build operations Thread 152"        [_thread_blocked, id=82852, stack(0x0000006a93e00000,0x0000006a93f00000) (1024K)]
  0x000001ecc653e310 JavaThread "Unconstrained build operations Thread 153"        [_thread_blocked, id=48780, stack(0x0000006a93f00000,0x0000006a94000000) (1024K)]
  0x000001ecc653f6c0 JavaThread "Unconstrained build operations Thread 154"        [_thread_blocked, id=82824, stack(0x0000006a94000000,0x0000006a94100000) (1024K)]
  0x000001ecc653fd50 JavaThread "Unconstrained build operations Thread 155"        [_thread_blocked, id=76564, stack(0x0000006a94100000,0x0000006a94200000) (1024K)]
  0x000001ecc653d5f0 JavaThread "Unconstrained build operations Thread 156"        [_thread_blocked, id=11188, stack(0x0000006a94200000,0x0000006a94300000) (1024K)]
  0x000001ecc653e9a0 JavaThread "Unconstrained build operations Thread 157"        [_thread_blocked, id=37260, stack(0x0000006a94300000,0x0000006a94400000) (1024K)]
  0x000001ecc653f030 JavaThread "Unconstrained build operations Thread 158"        [_thread_blocked, id=30836, stack(0x0000006a94400000,0x0000006a94500000) (1024K)]
  0x000001ecc65403e0 JavaThread "Unconstrained build operations Thread 159"        [_thread_blocked, id=95000, stack(0x0000006a94500000,0x0000006a94600000) (1024K)]
  0x000001ecc653cf60 JavaThread "Unconstrained build operations Thread 160"        [_thread_blocked, id=84300, stack(0x0000006a94600000,0x0000006a94700000) (1024K)]
  0x000001ecc6543ef0 JavaThread "Unconstrained build operations Thread 161"        [_thread_blocked, id=85616, stack(0x0000006a94700000,0x0000006a94800000) (1024K)]
  0x000001ecc6542b40 JavaThread "Unconstrained build operations Thread 162"        [_thread_blocked, id=87844, stack(0x0000006a94800000,0x0000006a94900000) (1024K)]
  0x000001ecc65424b0 JavaThread "Unconstrained build operations Thread 163"        [_thread_blocked, id=6008, stack(0x0000006a94900000,0x0000006a94a00000) (1024K)]
  0x000001ecc6543860 JavaThread "Unconstrained build operations Thread 164"        [_thread_blocked, id=79972, stack(0x0000006a94a00000,0x0000006a94b00000) (1024K)]
  0x000001ecc65431d0 JavaThread "Unconstrained build operations Thread 165"        [_thread_blocked, id=50080, stack(0x0000006a94b00000,0x0000006a94c00000) (1024K)]
  0x000001ecc6541100 JavaThread "Unconstrained build operations Thread 166"        [_thread_blocked, id=54092, stack(0x0000006a94c00000,0x0000006a94d00000) (1024K)]
  0x000001ecc6540a70 JavaThread "Unconstrained build operations Thread 167"        [_thread_blocked, id=3724, stack(0x0000006a94d00000,0x0000006a94e00000) (1024K)]
  0x000001ecc6544580 JavaThread "Unconstrained build operations Thread 168"        [_thread_blocked, id=11516, stack(0x0000006a94e00000,0x0000006a94f00000) (1024K)]
  0x000001ecc6541790 JavaThread "Unconstrained build operations Thread 169"        [_thread_blocked, id=94460, stack(0x0000006a94f00000,0x0000006a95000000) (1024K)]
  0x000001ecc6541e20 JavaThread "Unconstrained build operations Thread 170"        [_thread_blocked, id=31580, stack(0x0000006a95000000,0x0000006a95100000) (1024K)]
  0x000001ecc6547370 JavaThread "Unconstrained build operations Thread 171"        [_thread_blocked, id=91040, stack(0x0000006a95100000,0x0000006a95200000) (1024K)]
  0x000001ecc6546ce0 JavaThread "Unconstrained build operations Thread 172"        [_thread_blocked, id=27116, stack(0x0000006a95200000,0x0000006a95300000) (1024K)]
  0x000001ecc6546650 JavaThread "Unconstrained build operations Thread 173"        [_thread_blocked, id=90880, stack(0x0000006a95300000,0x0000006a95400000) (1024K)]
  0x000001ecc6544c10 JavaThread "Unconstrained build operations Thread 174"        [_thread_blocked, id=30648, stack(0x0000006a95400000,0x0000006a95500000) (1024K)]
  0x000001ecc6547a00 JavaThread "Unconstrained build operations Thread 175"        [_thread_blocked, id=30380, stack(0x0000006a95500000,0x0000006a95600000) (1024K)]
  0x000001ecc65452a0 JavaThread "Unconstrained build operations Thread 176"        [_thread_blocked, id=53640, stack(0x0000006a95600000,0x0000006a95700000) (1024K)]
  0x000001ecc6545930 JavaThread "Unconstrained build operations Thread 177"        [_thread_blocked, id=92012, stack(0x0000006a95700000,0x0000006a95800000) (1024K)]
  0x000001ecc6545fc0 JavaThread "Unconstrained build operations Thread 178"        [_thread_blocked, id=74944, stack(0x0000006a95800000,0x0000006a95900000) (1024K)]
  0x000001ecb9822ec0 JavaThread "Unconstrained build operations Thread 179"        [_thread_blocked, id=92016, stack(0x0000006a95900000,0x0000006a95a00000) (1024K)]
  0x000001ecb9822830 JavaThread "Unconstrained build operations Thread 180"        [_thread_blocked, id=80644, stack(0x0000006a95a00000,0x0000006a95b00000) (1024K)]
  0x000001ecb9820760 JavaThread "Unconstrained build operations Thread 181"        [_thread_blocked, id=45896, stack(0x0000006a95b00000,0x0000006a95c00000) (1024K)]
  0x000001ecb9823550 JavaThread "Unconstrained build operations Thread 182"        [_thread_blocked, id=59656, stack(0x0000006a95c00000,0x0000006a95d00000) (1024K)]
  0x000001ecb9824270 JavaThread "WorkerExecutor Queue"              [_thread_blocked, id=93740, stack(0x0000006a95d00000,0x0000006a95e00000) (1024K)]
  0x000001ecb9823be0 JavaThread "Unconstrained build operations Thread 183"        [_thread_blocked, id=54256, stack(0x0000006a95e00000,0x0000006a95f00000) (1024K)]
  0x000001ecb9820df0 JavaThread "Unconstrained build operations Thread 184"        [_thread_blocked, id=87840, stack(0x0000006a95f00000,0x0000006a96000000) (1024K)]
  0x000001ecb9824900 JavaThread "Unconstrained build operations Thread 185"        [_thread_blocked, id=42828, stack(0x0000006a96000000,0x0000006a96100000) (1024K)]
  0x000001ecb9824f90 JavaThread "Unconstrained build operations Thread 186"        [_thread_blocked, id=90796, stack(0x0000006a96100000,0x0000006a96200000) (1024K)]
  0x000001ecb9821b10 JavaThread "Unconstrained build operations Thread 187"        [_thread_blocked, id=72108, stack(0x0000006a96200000,0x0000006a96300000) (1024K)]
  0x000001ecb9825620 JavaThread "Unconstrained build operations Thread 188"        [_thread_blocked, id=73336, stack(0x0000006a96300000,0x0000006a96400000) (1024K)]
  0x000001ecb98221a0 JavaThread "Unconstrained build operations Thread 189"        [_thread_blocked, id=89792, stack(0x0000006a96400000,0x0000006a96500000) (1024K)]
  0x000001ecb9825cb0 JavaThread "Unconstrained build operations Thread 190"        [_thread_blocked, id=79924, stack(0x0000006a96500000,0x0000006a96600000) (1024K)]
  0x000001ecb98269d0 JavaThread "Unconstrained build operations Thread 191"        [_thread_blocked, id=82300, stack(0x0000006a96600000,0x0000006a96700000) (1024K)]
  0x000001ecb9826340 JavaThread "Unconstrained build operations Thread 192"        [_thread_blocked, id=87084, stack(0x0000006a96700000,0x0000006a96800000) (1024K)]
  0x000001ecb9827060 JavaThread "Unconstrained build operations Thread 193"        [_thread_blocked, id=92824, stack(0x0000006a96800000,0x0000006a96900000) (1024K)]
  0x000001ecb98276f0 JavaThread "Unconstrained build operations Thread 194"        [_thread_blocked, id=78108, stack(0x0000006a96900000,0x0000006a96a00000) (1024K)]
  0x000001ecc653a170 JavaThread "Unconstrained build operations Thread 195"        [_thread_blocked, id=93564, stack(0x0000006a96a00000,0x0000006a96b00000) (1024K)]
  0x000001ecc653a800 JavaThread "Unconstrained build operations Thread 196"        [_thread_blocked, id=76640, stack(0x0000006a96b00000,0x0000006a96c00000) (1024K)]
  0x000001ecc653c240 JavaThread "Unconstrained build operations Thread 197"        [_thread_blocked, id=66400, stack(0x0000006a96c00000,0x0000006a96d00000) (1024K)]
  0x000001ecc653ae90 JavaThread "Unconstrained build operations Thread 198"        [_thread_blocked, id=43424, stack(0x0000006a96d00000,0x0000006a96e00000) (1024K)]
  0x000001ecc653bbb0 JavaThread "Unconstrained build operations Thread 199"        [_thread_blocked, id=37516, stack(0x0000006a96e00000,0x0000006a96f00000) (1024K)]
  0x000001ecc653b520 JavaThread "Unconstrained build operations Thread 200"        [_thread_blocked, id=18700, stack(0x0000006a96f00000,0x0000006a97000000) (1024K)]
  0x000001ecbb3ae380 JavaThread "Unconstrained build operations Thread 201"        [_thread_blocked, id=29108, stack(0x0000006a97000000,0x0000006a97100000) (1024K)]
  0x000001ecbb3ac940 JavaThread "Unconstrained build operations Thread 202"        [_thread_blocked, id=66644, stack(0x0000006a97100000,0x0000006a97200000) (1024K)]
  0x000001ecbddddb40 JavaThread "Unconstrained build operations Thread 203"        [_thread_blocked, id=48236, stack(0x0000006a97200000,0x0000006a97300000) (1024K)]
  0x000001ecba71b190 JavaThread "Unconstrained build operations Thread 204"        [_thread_blocked, id=61260, stack(0x0000006a97300000,0x0000006a97400000) (1024K)]
  0x000001ecb80b2610 JavaThread "Unconstrained build operations Thread 205"        [_thread_blocked, id=25048, stack(0x0000006a97400000,0x0000006a97500000) (1024K)]
  0x000001ecbfdb87b0 JavaThread "Unconstrained build operations Thread 206"        [_thread_blocked, id=51932, stack(0x0000006a97500000,0x0000006a97600000) (1024K)]
  0x000001ecc5c221e0 JavaThread "Unconstrained build operations Thread 207"        [_thread_blocked, id=2460, stack(0x0000006a97600000,0x0000006a97700000) (1024K)]
  0x000001ecc5c21b50 JavaThread "Unconstrained build operations Thread 208"        [_thread_blocked, id=82608, stack(0x0000006a97700000,0x0000006a97800000) (1024K)]
  0x000001ecc5c20e30 JavaThread "Unconstrained build operations Thread 209"        [_thread_blocked, id=93412, stack(0x0000006a97800000,0x0000006a97900000) (1024K)]
  0x000001ecc5c1f3f0 JavaThread "Unconstrained build operations Thread 210"        [_thread_blocked, id=54280, stack(0x0000006a97900000,0x0000006a97a00000) (1024K)]
  0x000001ecc5c207a0 JavaThread "Unconstrained build operations Thread 211"        [_thread_blocked, id=60048, stack(0x0000006a97a00000,0x0000006a97b00000) (1024K)]
  0x000001ecc5c1ed60 JavaThread "Unconstrained build operations Thread 212"        [_thread_blocked, id=72752, stack(0x0000006a97b00000,0x0000006a97c00000) (1024K)]
  0x000001ecc5c22f00 JavaThread "Unconstrained build operations Thread 213"        [_thread_blocked, id=94888, stack(0x0000006a97c00000,0x0000006a97d00000) (1024K)]
  0x000001ecc5c214c0 JavaThread "Unconstrained build operations Thread 214"        [_thread_blocked, id=79280, stack(0x0000006a97d00000,0x0000006a97e00000) (1024K)]
  0x000001ecc5c1fa80 JavaThread "Unconstrained build operations Thread 215"        [_thread_blocked, id=29584, stack(0x0000006a97e00000,0x0000006a97f00000) (1024K)]
  0x000001ecc5c22870 JavaThread "Unconstrained build operations Thread 216"        [_thread_blocked, id=67448, stack(0x0000006a97f00000,0x0000006a98000000) (1024K)]
  0x000001ecc5c23590 JavaThread "Unconstrained build operations Thread 217"        [_thread_blocked, id=56108, stack(0x0000006a98000000,0x0000006a98100000) (1024K)]
  0x000001ecc5c20110 JavaThread "Unconstrained build operations Thread 218"        [_thread_blocked, id=86816, stack(0x0000006a98100000,0x0000006a98200000) (1024K)]
  0x000001ecc5c26a10 JavaThread "Unconstrained build operations Thread 219"        [_thread_blocked, id=79728, stack(0x0000006a98200000,0x0000006a98300000) (1024K)]
  0x000001ecc5c23c20 JavaThread "Unconstrained build operations Thread 220"        [_thread_blocked, id=25824, stack(0x0000006a98300000,0x0000006a98400000) (1024K)]
  0x000001ecc5c270a0 JavaThread "Unconstrained build operations Thread 221"        [_thread_blocked, id=35872, stack(0x0000006a98400000,0x0000006a98500000) (1024K)]
  0x000001ecc5c24fd0 JavaThread "Unconstrained build operations Thread 222"        [_thread_blocked, id=78924, stack(0x0000006a98500000,0x0000006a98600000) (1024K)]
  0x000001ecc5c24940 JavaThread "Unconstrained build operations Thread 223"        [_thread_blocked, id=60840, stack(0x0000006a98600000,0x0000006a98700000) (1024K)]
  0x000001ecc5c25660 JavaThread "Unconstrained build operations Thread 224"        [_thread_blocked, id=9060, stack(0x0000006a98700000,0x0000006a98800000) (1024K)]
  0x000001ecc5c25cf0 JavaThread "Unconstrained build operations Thread 225"        [_thread_blocked, id=23176, stack(0x0000006a98800000,0x0000006a98900000) (1024K)]
  0x000001ecc5c27730 JavaThread "Unconstrained build operations Thread 226"        [_thread_blocked, id=78776, stack(0x0000006a98900000,0x0000006a98a00000) (1024K)]
  0x000001ecc5c26380 JavaThread "Unconstrained build operations Thread 227"        [_thread_blocked, id=79392, stack(0x0000006a98a00000,0x0000006a98b00000) (1024K)]
  0x000001ecc5c242b0 JavaThread "Unconstrained build operations Thread 228"        [_thread_blocked, id=60648, stack(0x0000006a98b00000,0x0000006a98c00000) (1024K)]
  0x000001ecc5c29170 JavaThread "Unconstrained build operations Thread 229"        [_thread_blocked, id=87404, stack(0x0000006a98c00000,0x0000006a98d00000) (1024K)]
  0x000001ecc5c29800 JavaThread "Unconstrained build operations Thread 230"        [_thread_blocked, id=58100, stack(0x0000006a98d00000,0x0000006a98e00000) (1024K)]
  0x000001ecc5c28450 JavaThread "Unconstrained build operations Thread 231"        [_thread_blocked, id=82164, stack(0x0000006a98e00000,0x0000006a98f00000) (1024K)]
  0x000001ecc5c28ae0 JavaThread "Unconstrained build operations Thread 232"        [_thread_blocked, id=74544, stack(0x0000006a98f00000,0x0000006a99000000) (1024K)]
  0x000001ecc5c2a520 JavaThread "Unconstrained build operations Thread 233"        [_thread_blocked, id=87584, stack(0x0000006a99000000,0x0000006a99100000) (1024K)]
  0x000001ecc5c29e90 JavaThread "Unconstrained build operations Thread 234"        [_thread_blocked, id=89428, stack(0x0000006a99100000,0x0000006a99200000) (1024K)]
  0x000001ecc5c2abb0 JavaThread "Unconstrained build operations Thread 235"        [_thread_blocked, id=55464, stack(0x0000006a99200000,0x0000006a99300000) (1024K)]
  0x000001ecc5c2b240 JavaThread "Unconstrained build operations Thread 236"        [_thread_blocked, id=65620, stack(0x0000006a99300000,0x0000006a99400000) (1024K)]
  0x000001ecc5c27dc0 JavaThread "Unconstrained build operations Thread 237"        [_thread_blocked, id=70992, stack(0x0000006a99400000,0x0000006a99500000) (1024K)]
  0x000001ecc5c2d9a0 JavaThread "Unconstrained build operations Thread 238"        [_thread_blocked, id=84524, stack(0x0000006a99500000,0x0000006a99600000) (1024K)]
  0x000001ecc5c2b8d0 JavaThread "Unconstrained build operations Thread 239"        [_thread_blocked, id=69964, stack(0x0000006a99600000,0x0000006a99700000) (1024K)]
  0x000001ecc5c2ed50 JavaThread "Unconstrained build operations Thread 240"        [_thread_blocked, id=45320, stack(0x0000006a99700000,0x0000006a99800000) (1024K)]
  0x000001ecc5c32ef0 JavaThread "WorkerExecutor Queue Thread 2"        [_thread_blocked, id=16944, stack(0x0000006a99900000,0x0000006a99a00000) (1024K)]
  0x000001ecc5c2d310 JavaThread "RMI Scheduler(0)"           daemon [_thread_blocked, id=48940, stack(0x0000006a85200000,0x0000006a85300000) (1024K)]
  0x000001ecc5c2e030 JavaThread "RMI GC Daemon"              daemon [_thread_blocked, id=79620, stack(0x0000006a8ef00000,0x0000006a8f000000) (1024K)]
  0x000001ecc5c2e6c0 JavaThread "RMI TCP Accept-0"           daemon [_thread_in_native, id=67212, stack(0x0000006a99800000,0x0000006a99900000) (1024K)]
  0x000001ecc5c2bf60 JavaThread "RMI Reaper"                        [_thread_blocked, id=37596, stack(0x0000006a99a00000,0x0000006a99b00000) (1024K)]
  0x000001ecc5c2f3e0 JavaThread "RMI TCP Connection(1)-127.0.0.1" daemon [_thread_in_native, id=91828, stack(0x0000006a99b00000,0x0000006a99c00000) (1024K)]
  0x000001ecbb0bde80 JavaThread "C2 CompilerThread2"         daemon [_thread_blocked, id=83768, stack(0x0000006a99c00000,0x0000006a99d00000) (1024K)]
  0x000001ecbb0bca10 JavaThread "C2 CompilerThread3"         daemon [_thread_blocked, id=56772, stack(0x0000006a99d00000,0x0000006a99e00000) (1024K)]
  0x000001ecbb1b3b30 JavaThread "WorkerExecutor Queue Thread 3"        [_thread_blocked, id=78256, stack(0x0000006a85300000,0x0000006a85400000) (1024K)]
  0x000001ecbb1b2e10 JavaThread "WorkerExecutor Queue Thread 4"        [_thread_blocked, id=31244, stack(0x0000006a99e00000,0x0000006a99f00000) (1024K)]
  0x000001ecbb1c6910 JavaThread "ForkJoinPool-1-worker-1"    daemon [_thread_blocked, id=69376, stack(0x0000006a99f00000,0x0000006a9a000000) (1024K)]
  0x000001ecbb1c6fa0 JavaThread "ForkJoinPool-1-worker-2"    daemon [_thread_blocked, id=84112, stack(0x0000006a9a000000,0x0000006a9a100000) (1024K)]
  0x000001ecbb1c4ed0 JavaThread "ForkJoinPool-1-worker-3"    daemon [_thread_blocked, id=60420, stack(0x0000006a9a100000,0x0000006a9a200000) (1024K)]
  0x000001ecbb1c6280 JavaThread "ForkJoinPool-1-worker-4"    daemon [_thread_blocked, id=14268, stack(0x0000006a9a200000,0x0000006a9a300000) (1024K)]
  0x000001ecbb1c5560 JavaThread "ForkJoinPool-1-worker-5"    daemon [_thread_blocked, id=87184, stack(0x0000006a9a300000,0x0000006a9a400000) (1024K)]
  0x000001ecbb1c41b0 JavaThread "ForkJoinPool-1-worker-6"    daemon [_thread_blocked, id=46424, stack(0x0000006a9a400000,0x0000006a9a500000) (1024K)]
  0x000001ecbb1c5bf0 JavaThread "ForkJoinPool-1-worker-7"    daemon [_thread_blocked, id=88980, stack(0x0000006a9a500000,0x0000006a9a600000) (1024K)]
  0x000001ecbb1c3b20 JavaThread "ForkJoinPool-1-worker-8"    daemon [_thread_blocked, id=45512, stack(0x0000006a9a600000,0x0000006a9a700000) (1024K)]
  0x000001ecbb1c7630 JavaThread "ForkJoinPool-1-worker-9"    daemon [_thread_blocked, id=65052, stack(0x0000006a9a700000,0x0000006a9a800000) (1024K)]
  0x000001ecbb1c7cc0 JavaThread "ForkJoinPool-1-worker-10"   daemon [_thread_blocked, id=60944, stack(0x0000006a9a800000,0x0000006a9a900000) (1024K)]
  0x000001ecbb1c4840 JavaThread "ForkJoinPool-1-worker-11"   daemon [_thread_blocked, id=83572, stack(0x0000006a9a900000,0x0000006a9aa00000) (1024K)]
  0x000001ecbb1ca420 JavaThread "ForkJoinPool-1-worker-12"   daemon [_thread_blocked, id=9708, stack(0x0000006a9aa00000,0x0000006a9ab00000) (1024K)]
  0x000001ecbb1cb7d0 JavaThread "ForkJoinPool-1-worker-13"   daemon [_thread_blocked, id=86752, stack(0x0000006a9ab00000,0x0000006a9ac00000) (1024K)]
  0x000001ecbb1caab0 JavaThread "ForkJoinPool-1-worker-14"   daemon [_thread_blocked, id=68380, stack(0x0000006a9ac00000,0x0000006a9ad00000) (1024K)]
  0x000001ecbb1c9700 JavaThread "ForkJoinPool-1-worker-15"   daemon [_thread_blocked, id=91768, stack(0x0000006a9ad00000,0x0000006a9ae00000) (1024K)]
  0x000001ecbb1c89e0 JavaThread "ForkJoinPool-1-worker-16"   daemon [_thread_blocked, id=61228, stack(0x0000006a9ae00000,0x0000006a9af00000) (1024K)]
  0x000001ecbb1c8350 JavaThread "ForkJoinPool-1-worker-17"   daemon [_thread_blocked, id=78732, stack(0x0000006a9af00000,0x0000006a9b000000) (1024K)]
  0x000001ecbb1cb140 JavaThread "ForkJoinPool-1-worker-18"   daemon [_thread_blocked, id=86104, stack(0x0000006a9b000000,0x0000006a9b100000) (1024K)]
  0x000001ecbb1cbe60 JavaThread "ForkJoinPool-1-worker-19"   daemon [_thread_blocked, id=18624, stack(0x0000006a9b100000,0x0000006a9b200000) (1024K)]
  0x000001ecbb1c9d90 JavaThread "ForkJoinPool-1-worker-20"   daemon [_thread_blocked, id=34400, stack(0x0000006a9b200000,0x0000006a9b300000) (1024K)]
  0x000001ecbb1c9070 JavaThread "WorkerExecutor Queue Thread 5"        [_thread_blocked, id=64060, stack(0x0000006a9b300000,0x0000006a9b400000) (1024K)]
  0x000001ecbb1cc4f0 JavaThread "WorkerExecutor Queue Thread 6"        [_thread_blocked, id=84208, stack(0x0000006a9b400000,0x0000006a9b500000) (1024K)]
  0x000001ecbb1ccb80 JavaThread "WorkerExecutor Queue Thread 7"        [_thread_blocked, id=45132, stack(0x0000006a9b500000,0x0000006a9b600000) (1024K)]
  0x000001ecbb1ce5c0 JavaThread "WorkerExecutor Queue Thread 8"        [_thread_blocked, id=56964, stack(0x0000006a9b600000,0x0000006a9b700000) (1024K)]
  0x000001ecbb1d0000 JavaThread "WorkerExecutor Queue Thread 9"        [_thread_blocked, id=86324, stack(0x0000006a9b700000,0x0000006a9b800000) (1024K)]
  0x000001ecbb1d0690 JavaThread "WorkerExecutor Queue Thread 10"        [_thread_blocked, id=30160, stack(0x0000006a9b800000,0x0000006a9b900000) (1024K)]
  0x000001ecbb1cf970 JavaThread "WorkerExecutor Queue Thread 11"        [_thread_blocked, id=73776, stack(0x0000006a9b900000,0x0000006a9ba00000) (1024K)]
  0x000001ecbb1cd210 JavaThread "WorkerExecutor Queue Thread 12"        [_thread_blocked, id=62348, stack(0x0000006a9ba00000,0x0000006a9bb00000) (1024K)]
  0x000001ecbb1d0d20 JavaThread "WorkerExecutor Queue Thread 13"        [_thread_blocked, id=10824, stack(0x0000006a9bb00000,0x0000006a9bc00000) (1024K)]
  0x000001ecbb1cd8a0 JavaThread "WorkerExecutor Queue Thread 14"        [_thread_blocked, id=42692, stack(0x0000006a9bc00000,0x0000006a9bd00000) (1024K)]
  0x000001ecbb1d13b0 JavaThread "WorkerExecutor Queue Thread 15"        [_thread_blocked, id=4768, stack(0x0000006a9bd00000,0x0000006a9be00000) (1024K)]
  0x000001ecbb1cdf30 JavaThread "WorkerExecutor Queue Thread 16"        [_thread_blocked, id=52948, stack(0x0000006a9be00000,0x0000006a9bf00000) (1024K)]
  0x000001ecbb1d1a40 JavaThread "WorkerExecutor Queue Thread 17"        [_thread_blocked, id=25716, stack(0x0000006a9bf00000,0x0000006a9c000000) (1024K)]
  0x000001ecbb1cec50 JavaThread "WorkerExecutor Queue Thread 18"        [_thread_blocked, id=7236, stack(0x0000006a9c000000,0x0000006a9c100000) (1024K)]
  0x000001ecbb1cf2e0 JavaThread "WorkerExecutor Queue Thread 19"        [_thread_blocked, id=95224, stack(0x0000006a9c100000,0x0000006a9c200000) (1024K)]
  0x000001ecbb1d20d0 JavaThread "WorkerExecutor Queue Thread 20"        [_thread_blocked, id=53668, stack(0x0000006a9c200000,0x0000006a9c300000) (1024K)]
  0x000001ecc5c3b8c0 JavaThread "WorkerExecutor Queue Thread 21"        [_thread_blocked, id=45624, stack(0x0000006a9c300000,0x0000006a9c400000) (1024K)]
  0x000001ecc5c3b230 JavaThread "WorkerExecutor Queue Thread 22"        [_thread_blocked, id=74116, stack(0x0000006a9c400000,0x0000006a9c500000) (1024K)]
  0x000001ecc5c3bf50 JavaThread "WorkerExecutor Queue Thread 23"        [_thread_blocked, id=79176, stack(0x0000006a9c500000,0x0000006a9c600000) (1024K)]
Total: 364

Other Threads:
=>0x000001ecb3516580 VMThread "VM Thread"                           [id=78640, stack(0x0000006a84300000,0x0000006a84400000) (1024K)]
  0x000001ecb2feee50 WatcherThread "VM Periodic Task Thread"        [id=50036, stack(0x0000006a84200000,0x0000006a84300000) (1024K)]
  0x000001ec98a097c0 WorkerThread "GC Thread#0"                     [id=87272, stack(0x0000006a83d00000,0x0000006a83e00000) (1024K)]
  0x000001ecb8613160 WorkerThread "GC Thread#1"                     [id=26824, stack(0x0000006a85400000,0x0000006a85500000) (1024K)]
  0x000001ecb8714be0 WorkerThread "GC Thread#2"                     [id=7652, stack(0x0000006a85500000,0x0000006a85600000) (1024K)]
  0x000001ecb8714f90 WorkerThread "GC Thread#3"                     [id=73368, stack(0x0000006a85600000,0x0000006a85700000) (1024K)]
  0x000001ecb87fd380 WorkerThread "GC Thread#4"                     [id=80476, stack(0x0000006a85700000,0x0000006a85800000) (1024K)]
  0x000001ecba7b54a0 WorkerThread "GC Thread#5"                     [id=67884, stack(0x0000006a85b00000,0x0000006a85c00000) (1024K)]
  0x000001ecb9bcbed0 WorkerThread "GC Thread#6"                     [id=78432, stack(0x0000006a85c00000,0x0000006a85d00000) (1024K)]
  0x000001ecb9bcc280 WorkerThread "GC Thread#7"                     [id=90996, stack(0x0000006a85d00000,0x0000006a85e00000) (1024K)]
  0x000001ecba79ec20 WorkerThread "GC Thread#8"                     [id=47832, stack(0x0000006a85e00000,0x0000006a85f00000) (1024K)]
  0x000001ecb95a5eb0 WorkerThread "GC Thread#9"                     [id=89284, stack(0x0000006a85f00000,0x0000006a86000000) (1024K)]
  0x000001ecba5d13c0 WorkerThread "GC Thread#10"                    [id=87252, stack(0x0000006a86000000,0x0000006a86100000) (1024K)]
  0x000001ecba5d1770 WorkerThread "GC Thread#11"                    [id=77212, stack(0x0000006a86100000,0x0000006a86200000) (1024K)]
  0x000001ecba5cfda0 WorkerThread "GC Thread#12"                    [id=48312, stack(0x0000006a86200000,0x0000006a86300000) (1024K)]
  0x000001ecba5d0150 WorkerThread "GC Thread#13"                    [id=78424, stack(0x0000006a86500000,0x0000006a86600000) (1024K)]
  0x000001ecbac7aff0 WorkerThread "GC Thread#14"                    [id=79248, stack(0x0000006a87200000,0x0000006a87300000) (1024K)]
  0x000001ecbac7ac40 WorkerThread "GC Thread#15"                    [id=84520, stack(0x0000006a87300000,0x0000006a87400000) (1024K)]
  0x000001ecbac7b3a0 WorkerThread "GC Thread#16"                    [id=85472, stack(0x0000006a87400000,0x0000006a87500000) (1024K)]
  0x000001ecbac7c610 WorkerThread "GC Thread#17"                    [id=55380, stack(0x0000006a87500000,0x0000006a87600000) (1024K)]
  0x000001ec98a1bdb0 ConcurrentGCThread "G1 Main Marker"            [id=83740, stack(0x0000006a83e00000,0x0000006a83f00000) (1024K)]
  0x000001ec98a1d7e0 WorkerThread "G1 Conc#0"                       [id=15160, stack(0x0000006a83f00000,0x0000006a84000000) (1024K)]
  0x000001ecba5d1010 WorkerThread "G1 Conc#1"                       [id=92644, stack(0x0000006a86600000,0x0000006a86700000) (1024K)]
  0x000001ecba5d0500 WorkerThread "G1 Conc#2"                       [id=4884, stack(0x0000006a86700000,0x0000006a86800000) (1024K)]
  0x000001ecba5d08b0 WorkerThread "G1 Conc#3"                       [id=83888, stack(0x0000006a86800000,0x0000006a86900000) (1024K)]
  0x000001ecbac7bb00 WorkerThread "G1 Conc#4"                       [id=91260, stack(0x0000006a86900000,0x0000006a86a00000) (1024K)]
  0x000001ecb2f2ec40 ConcurrentGCThread "G1 Refine#0"               [id=48552, stack(0x0000006a84000000,0x0000006a84100000) (1024K)]
  0x000001ecb2f30580 ConcurrentGCThread "G1 Service"                [id=47256, stack(0x0000006a84100000,0x0000006a84200000) (1024K)]
Total: 28

Threads with active compile tasks:
C2 CompilerThread0  17833 24060       4       com.android.tools.r8.dex.z::d (522 bytes)
C2 CompilerThread1  17833 24561       4       com.android.tools.r8.internal.jj4::a (60 bytes)
C2 CompilerThread2  17833 24771       4       com.android.tools.r8.graph.i2::a (319 bytes)
C2 CompilerThread3  17833 24628       4       com.android.tools.r8.dex.j::a (131 bytes)
Total: 4

VM state: at safepoint (normal execution)

VM Mutex/Monitor currently owned by a thread:  ([mutex/lock_event])
[0x00007ff87a9586d0] Threads_lock - owner thread: 0x000001ecb3516580
[0x00007ff87a9587d0] Heap_lock - owner thread: 0x000001ecb9824270

Heap address: 0x0000000080000000, size: 2048 MB, Compressed Oops mode: 32-bit

CDS archive(s) not mapped
Compressed class space mapped at: 0x0000000100000000-0x0000000140000000, reserved size: 1073741824
Narrow klass base: 0x0000000000000000, Narrow klass shift: 3, Narrow klass range: 0x140000000

GC Precious Log:
 CardTable entry size: 512
 Card Set container configuration: InlinePtr #cards 5 size 8 Array Of Cards #cards 12 size 40 Howl #buckets 4 coarsen threshold 1843 Howl Bitmap #cards 512 size 80 coarsen threshold 460 Card regions per heap region 1 cards per card region 2048
 CPUs: 24 total, 24 available
 Memory: 15732M
 Large Page Support: Disabled
 NUMA Support: Disabled
 Compressed Oops: Enabled (32-bit)
 Heap Region Size: 1M
 Heap Min Capacity: 8M
 Heap Initial Capacity: 246M
 Heap Max Capacity: 2G
 Pre-touch: Disabled
 Parallel Workers: 18
 Concurrent Workers: 5
 Concurrent Refinement Workers: 18
 Periodic GC: Disabled

Heap:
 garbage-first heap   total 409600K, used 254769K [0x0000000080000000, 0x0000000100000000)
  region size 1024K, 12 young (12288K), 12 survivors (12288K)
 Metaspace       used 149857K, committed 152448K, reserved 1179648K
  class space    used 20771K, committed 22016K, reserved 1048576K

Heap Regions: E=young(eden), S=young(survivor), O=old, HS=humongous(starts), HC=humongous(continues), CS=collection set, F=free, TAMS=top-at-mark-start, PB=parsable bottom
|   0|0x0000000080000000, 0x0000000080100000, 0x0000000080100000|100%|HS|  |TAMS 0x0000000080000000| PB 0x0000000080000000| Complete 
|   1|0x0000000080100000, 0x0000000080200000, 0x0000000080200000|100%|HC|  |TAMS 0x0000000080100000| PB 0x0000000080100000| Complete 
|   2|0x0000000080200000, 0x0000000080300000, 0x0000000080300000|100%|HC|  |TAMS 0x0000000080200000| PB 0x0000000080200000| Complete 
|   3|0x0000000080300000, 0x0000000080400000, 0x0000000080400000|100%|HC|  |TAMS 0x0000000080300000| PB 0x0000000080300000| Complete 
|   4|0x0000000080400000, 0x0000000080500000, 0x0000000080500000|100%| O|  |TAMS 0x0000000080400000| PB 0x0000000080400000| Untracked 
|   5|0x0000000080500000, 0x0000000080600000, 0x0000000080600000|100%| O|  |TAMS 0x0000000080500000| PB 0x0000000080500000| Untracked 
|   6|0x0000000080600000, 0x0000000080700000, 0x0000000080700000|100%| O|  |TAMS 0x0000000080600000| PB 0x0000000080600000| Untracked 
|   7|0x0000000080700000, 0x0000000080800000, 0x0000000080800000|100%|HS|  |TAMS 0x0000000080700000| PB 0x0000000080700000| Complete 
|   8|0x0000000080800000, 0x0000000080900000, 0x0000000080900000|100%| O|  |TAMS 0x0000000080800000| PB 0x0000000080800000| Untracked 
|   9|0x0000000080900000, 0x0000000080a00000, 0x0000000080a00000|100%| O|  |TAMS 0x0000000080900000| PB 0x0000000080900000| Untracked 
|  10|0x0000000080a00000, 0x0000000080b00000, 0x0000000080b00000|100%| O|  |TAMS 0x0000000080a00000| PB 0x0000000080a00000| Untracked 
|  11|0x0000000080b00000, 0x0000000080c00000, 0x0000000080c00000|100%| O|  |TAMS 0x0000000080b00000| PB 0x0000000080b00000| Untracked 
|  12|0x0000000080c00000, 0x0000000080d00000, 0x0000000080d00000|100%| O|  |TAMS 0x0000000080c00000| PB 0x0000000080c00000| Untracked 
|  13|0x0000000080d00000, 0x0000000080e00000, 0x0000000080e00000|100%| O|  |TAMS 0x0000000080d00000| PB 0x0000000080d00000| Untracked 
|  14|0x0000000080e00000, 0x0000000080f00000, 0x0000000080f00000|100%| O|  |TAMS 0x0000000080e00000| PB 0x0000000080e00000| Untracked 
|  15|0x0000000080f00000, 0x0000000081000000, 0x0000000081000000|100%| O|  |TAMS 0x0000000080f00000| PB 0x0000000080f00000| Untracked 
|  16|0x0000000081000000, 0x0000000081100000, 0x0000000081100000|100%| O|  |TAMS 0x0000000081000000| PB 0x0000000081000000| Untracked 
|  17|0x0000000081100000, 0x0000000081200000, 0x0000000081200000|100%| O|  |TAMS 0x0000000081100000| PB 0x0000000081100000| Untracked 
|  18|0x0000000081200000, 0x0000000081300000, 0x0000000081300000|100%| O|  |TAMS 0x0000000081200000| PB 0x0000000081200000| Untracked 
|  19|0x0000000081300000, 0x0000000081400000, 0x0000000081400000|100%| O|  |TAMS 0x0000000081300000| PB 0x0000000081300000| Untracked 
|  20|0x0000000081400000, 0x0000000081500000, 0x0000000081500000|100%| O|  |TAMS 0x0000000081400000| PB 0x0000000081400000| Untracked 
|  21|0x0000000081500000, 0x0000000081600000, 0x0000000081600000|100%| O|  |TAMS 0x0000000081500000| PB 0x0000000081500000| Untracked 
|  22|0x0000000081600000, 0x0000000081700000, 0x0000000081700000|100%| O|  |TAMS 0x0000000081600000| PB 0x0000000081600000| Untracked 
|  23|0x0000000081700000, 0x0000000081800000, 0x0000000081800000|100%| O|  |TAMS 0x0000000081700000| PB 0x0000000081700000| Untracked 
|  24|0x0000000081800000, 0x0000000081900000, 0x0000000081900000|100%| O|  |TAMS 0x0000000081800000| PB 0x0000000081800000| Untracked 
|  25|0x0000000081900000, 0x0000000081a00000, 0x0000000081a00000|100%| O|  |TAMS 0x0000000081900000| PB 0x0000000081900000| Untracked 
|  26|0x0000000081a00000, 0x0000000081b00000, 0x0000000081b00000|100%| O|  |TAMS 0x0000000081a00000| PB 0x0000000081a00000| Untracked 
|  27|0x0000000081b00000, 0x0000000081c00000, 0x0000000081c00000|100%| O|  |TAMS 0x0000000081b00000| PB 0x0000000081b00000| Untracked 
|  28|0x0000000081c00000, 0x0000000081d00000, 0x0000000081d00000|100%|HS|  |TAMS 0x0000000081c00000| PB 0x0000000081c00000| Complete 
|  29|0x0000000081d00000, 0x0000000081e00000, 0x0000000081e00000|100%|HC|  |TAMS 0x0000000081d00000| PB 0x0000000081d00000| Complete 
|  30|0x0000000081e00000, 0x0000000081f00000, 0x0000000081f00000|100%| O|  |TAMS 0x0000000081e00000| PB 0x0000000081e00000| Untracked 
|  31|0x0000000081f00000, 0x0000000082000000, 0x0000000082000000|100%| O|  |TAMS 0x0000000081f00000| PB 0x0000000081f00000| Untracked 
|  32|0x0000000082000000, 0x0000000082100000, 0x0000000082100000|100%| O|  |TAMS 0x0000000082000000| PB 0x0000000082000000| Untracked 
|  33|0x0000000082100000, 0x0000000082200000, 0x0000000082200000|100%| O|  |TAMS 0x0000000082100000| PB 0x0000000082100000| Untracked 
|  34|0x0000000082200000, 0x0000000082300000, 0x0000000082300000|100%| O|  |TAMS 0x0000000082200000| PB 0x0000000082200000| Untracked 
|  35|0x0000000082300000, 0x0000000082400000, 0x0000000082400000|100%| O|  |TAMS 0x0000000082300000| PB 0x0000000082300000| Untracked 
|  36|0x0000000082400000, 0x0000000082500000, 0x0000000082500000|100%| O|  |TAMS 0x0000000082400000| PB 0x0000000082400000| Untracked 
|  37|0x0000000082500000, 0x0000000082600000, 0x0000000082600000|100%| O|  |TAMS 0x0000000082500000| PB 0x0000000082500000| Untracked 
|  38|0x0000000082600000, 0x0000000082700000, 0x0000000082700000|100%| O|  |TAMS 0x0000000082600000| PB 0x0000000082600000| Untracked 
|  39|0x0000000082700000, 0x0000000082800000, 0x0000000082800000|100%| O|  |TAMS 0x0000000082700000| PB 0x0000000082700000| Untracked 
|  40|0x0000000082800000, 0x0000000082900000, 0x0000000082900000|100%| O|  |TAMS 0x0000000082800000| PB 0x0000000082800000| Untracked 
|  41|0x0000000082900000, 0x0000000082a00000, 0x0000000082a00000|100%| O|  |TAMS 0x0000000082900000| PB 0x0000000082900000| Untracked 
|  42|0x0000000082a00000, 0x0000000082b00000, 0x0000000082b00000|100%| O|  |TAMS 0x0000000082a00000| PB 0x0000000082a00000| Untracked 
|  43|0x0000000082b00000, 0x0000000082c00000, 0x0000000082c00000|100%| O|  |TAMS 0x0000000082b00000| PB 0x0000000082b00000| Untracked 
|  44|0x0000000082c00000, 0x0000000082d00000, 0x0000000082d00000|100%| O|  |TAMS 0x0000000082c00000| PB 0x0000000082c00000| Untracked 
|  45|0x0000000082d00000, 0x0000000082e00000, 0x0000000082e00000|100%| O|  |TAMS 0x0000000082d00000| PB 0x0000000082d00000| Untracked 
|  46|0x0000000082e00000, 0x0000000082f00000, 0x0000000082f00000|100%| O|  |TAMS 0x0000000082e00000| PB 0x0000000082e00000| Untracked 
|  47|0x0000000082f00000, 0x0000000083000000, 0x0000000083000000|100%|HS|  |TAMS 0x0000000082f00000| PB 0x0000000082f00000| Complete 
|  48|0x0000000083000000, 0x0000000083100000, 0x0000000083100000|100%| O|  |TAMS 0x0000000083000000| PB 0x0000000083000000| Untracked 
|  49|0x0000000083100000, 0x0000000083200000, 0x0000000083200000|100%|HS|  |TAMS 0x0000000083100000| PB 0x0000000083100000| Complete 
|  50|0x0000000083200000, 0x0000000083300000, 0x0000000083300000|100%|HS|  |TAMS 0x0000000083200000| PB 0x0000000083200000| Complete 
|  51|0x0000000083300000, 0x0000000083400000, 0x0000000083400000|100%|HC|  |TAMS 0x0000000083300000| PB 0x0000000083300000| Complete 
|  52|0x0000000083400000, 0x0000000083500000, 0x0000000083500000|100%|HS|  |TAMS 0x0000000083400000| PB 0x0000000083400000| Complete 
|  53|0x0000000083500000, 0x0000000083600000, 0x0000000083600000|100%|HS|  |TAMS 0x0000000083500000| PB 0x0000000083500000| Complete 
|  54|0x0000000083600000, 0x0000000083700000, 0x0000000083700000|100%| O|  |TAMS 0x0000000083600000| PB 0x0000000083600000| Untracked 
|  55|0x0000000083700000, 0x0000000083800000, 0x0000000083800000|100%|HS|  |TAMS 0x0000000083700000| PB 0x0000000083700000| Complete 
|  56|0x0000000083800000, 0x0000000083900000, 0x0000000083900000|100%|HS|  |TAMS 0x0000000083800000| PB 0x0000000083800000| Complete 
|  57|0x0000000083900000, 0x0000000083a00000, 0x0000000083a00000|100%| O|  |TAMS 0x0000000083900000| PB 0x0000000083900000| Untracked 
|  58|0x0000000083a00000, 0x0000000083b00000, 0x0000000083b00000|100%| O|  |TAMS 0x0000000083a00000| PB 0x0000000083a00000| Untracked 
|  59|0x0000000083b00000, 0x0000000083c00000, 0x0000000083c00000|100%| O|  |TAMS 0x0000000083b00000| PB 0x0000000083b00000| Untracked 
|  60|0x0000000083c00000, 0x0000000083d00000, 0x0000000083d00000|100%| O|  |TAMS 0x0000000083c00000| PB 0x0000000083c00000| Untracked 
|  61|0x0000000083d00000, 0x0000000083e00000, 0x0000000083e00000|100%| O|  |TAMS 0x0000000083d00000| PB 0x0000000083d00000| Untracked 
|  62|0x0000000083e00000, 0x0000000083f00000, 0x0000000083f00000|100%| O|  |TAMS 0x0000000083e00000| PB 0x0000000083e00000| Untracked 
|  63|0x0000000083f00000, 0x0000000084000000, 0x0000000084000000|100%| O|  |TAMS 0x0000000083f00000| PB 0x0000000083f00000| Untracked 
|  64|0x0000000084000000, 0x0000000084100000, 0x0000000084100000|100%| O|  |TAMS 0x0000000084000000| PB 0x0000000084000000| Untracked 
|  65|0x0000000084100000, 0x0000000084200000, 0x0000000084200000|100%| O|  |TAMS 0x0000000084100000| PB 0x0000000084100000| Untracked 
|  66|0x0000000084200000, 0x0000000084300000, 0x0000000084300000|100%| O|  |TAMS 0x0000000084200000| PB 0x0000000084200000| Untracked 
|  67|0x0000000084300000, 0x0000000084400000, 0x0000000084400000|100%|HS|  |TAMS 0x0000000084300000| PB 0x0000000084300000| Complete 
|  68|0x0000000084400000, 0x0000000084500000, 0x0000000084500000|100%|HC|  |TAMS 0x0000000084400000| PB 0x0000000084400000| Complete 
|  69|0x0000000084500000, 0x0000000084600000, 0x0000000084600000|100%| O|  |TAMS 0x0000000084500000| PB 0x0000000084500000| Untracked 
|  70|0x0000000084600000, 0x0000000084700000, 0x0000000084700000|100%| O|  |TAMS 0x0000000084600000| PB 0x0000000084600000| Untracked 
|  71|0x0000000084700000, 0x0000000084800000, 0x0000000084800000|100%| O|  |TAMS 0x0000000084700000| PB 0x0000000084700000| Untracked 
|  72|0x0000000084800000, 0x0000000084900000, 0x0000000084900000|100%|HS|  |TAMS 0x0000000084800000| PB 0x0000000084800000| Complete 
|  73|0x0000000084900000, 0x0000000084a00000, 0x0000000084a00000|100%| O|  |TAMS 0x0000000084900000| PB 0x0000000084900000| Untracked 
|  74|0x0000000084a00000, 0x0000000084b00000, 0x0000000084b00000|100%| O|  |TAMS 0x0000000084a00000| PB 0x0000000084a00000| Untracked 
|  75|0x0000000084b00000, 0x0000000084c00000, 0x0000000084c00000|100%| O|  |TAMS 0x0000000084b00000| PB 0x0000000084b00000| Untracked 
|  76|0x0000000084c00000, 0x0000000084d00000, 0x0000000084d00000|100%| O|  |TAMS 0x0000000084c00000| PB 0x0000000084c00000| Untracked 
|  77|0x0000000084d00000, 0x0000000084e00000, 0x0000000084e00000|100%| O|  |TAMS 0x0000000084d00000| PB 0x0000000084d00000| Untracked 
|  78|0x0000000084e00000, 0x0000000084f00000, 0x0000000084f00000|100%| O|  |TAMS 0x0000000084e00000| PB 0x0000000084e00000| Untracked 
|  79|0x0000000084f00000, 0x0000000085000000, 0x0000000085000000|100%| O|  |TAMS 0x0000000084f00000| PB 0x0000000084f00000| Untracked 
|  80|0x0000000085000000, 0x0000000085100000, 0x0000000085100000|100%| O|  |TAMS 0x0000000085000000| PB 0x0000000085000000| Untracked 
|  81|0x0000000085100000, 0x0000000085200000, 0x0000000085200000|100%| O|  |TAMS 0x0000000085100000| PB 0x0000000085100000| Untracked 
|  82|0x0000000085200000, 0x0000000085300000, 0x0000000085300000|100%| O|  |TAMS 0x0000000085200000| PB 0x0000000085200000| Untracked 
|  83|0x0000000085300000, 0x0000000085400000, 0x0000000085400000|100%| O|  |TAMS 0x0000000085300000| PB 0x0000000085300000| Untracked 
|  84|0x0000000085400000, 0x0000000085500000, 0x0000000085500000|100%| O|  |TAMS 0x0000000085400000| PB 0x0000000085400000| Untracked 
|  85|0x0000000085500000, 0x0000000085600000, 0x0000000085600000|100%| O|  |TAMS 0x0000000085500000| PB 0x0000000085500000| Untracked 
|  86|0x0000000085600000, 0x0000000085700000, 0x0000000085700000|100%| O|  |TAMS 0x0000000085600000| PB 0x0000000085600000| Untracked 
|  87|0x0000000085700000, 0x0000000085800000, 0x0000000085800000|100%| O|  |TAMS 0x0000000085700000| PB 0x0000000085700000| Untracked 
|  88|0x0000000085800000, 0x0000000085900000, 0x0000000085900000|100%| O|  |TAMS 0x0000000085800000| PB 0x0000000085800000| Untracked 
|  89|0x0000000085900000, 0x0000000085a00000, 0x0000000085a00000|100%| O|  |TAMS 0x0000000085900000| PB 0x0000000085900000| Untracked 
|  90|0x0000000085a00000, 0x0000000085b00000, 0x0000000085b00000|100%| O|  |TAMS 0x0000000085a00000| PB 0x0000000085a00000| Untracked 
|  91|0x0000000085b00000, 0x0000000085c00000, 0x0000000085c00000|100%| O|  |TAMS 0x0000000085b00000| PB 0x0000000085b00000| Untracked 
|  92|0x0000000085c00000, 0x0000000085d00000, 0x0000000085d00000|100%| O|  |TAMS 0x0000000085c00000| PB 0x0000000085c00000| Untracked 
|  93|0x0000000085d00000, 0x0000000085e00000, 0x0000000085e00000|100%| O|  |TAMS 0x0000000085d00000| PB 0x0000000085d00000| Untracked 
|  94|0x0000000085e00000, 0x0000000085f00000, 0x0000000085f00000|100%| O|  |TAMS 0x0000000085e00000| PB 0x0000000085e00000| Untracked 
|  95|0x0000000085f00000, 0x0000000086000000, 0x0000000086000000|100%| O|  |TAMS 0x0000000085f00000| PB 0x0000000085f00000| Untracked 
|  96|0x0000000086000000, 0x0000000086100000, 0x0000000086100000|100%| O|  |TAMS 0x0000000086000000| PB 0x0000000086000000| Untracked 
|  97|0x0000000086100000, 0x0000000086200000, 0x0000000086200000|100%| O|  |TAMS 0x0000000086100000| PB 0x0000000086100000| Untracked 
|  98|0x0000000086200000, 0x0000000086300000, 0x0000000086300000|100%| O|  |TAMS 0x0000000086200000| PB 0x0000000086200000| Untracked 
|  99|0x0000000086300000, 0x0000000086400000, 0x0000000086400000|100%| O|  |TAMS 0x0000000086300000| PB 0x0000000086300000| Untracked 
| 100|0x0000000086400000, 0x0000000086500000, 0x0000000086500000|100%| O|  |TAMS 0x0000000086400000| PB 0x0000000086400000| Untracked 
| 101|0x0000000086500000, 0x0000000086600000, 0x0000000086600000|100%| O|  |TAMS 0x0000000086500000| PB 0x0000000086500000| Untracked 
| 102|0x0000000086600000, 0x0000000086700000, 0x0000000086700000|100%| O|  |TAMS 0x0000000086600000| PB 0x0000000086600000| Untracked 
| 103|0x0000000086700000, 0x0000000086800000, 0x0000000086800000|100%| O|  |TAMS 0x0000000086700000| PB 0x0000000086700000| Untracked 
| 104|0x0000000086800000, 0x0000000086900000, 0x0000000086900000|100%| O|  |TAMS 0x0000000086800000| PB 0x0000000086800000| Untracked 
| 105|0x0000000086900000, 0x0000000086a00000, 0x0000000086a00000|100%| O|  |TAMS 0x0000000086900000| PB 0x0000000086900000| Untracked 
| 106|0x0000000086a00000, 0x0000000086b00000, 0x0000000086b00000|100%| O|  |TAMS 0x0000000086a00000| PB 0x0000000086a00000| Untracked 
| 107|0x0000000086b00000, 0x0000000086c00000, 0x0000000086c00000|100%| O|  |TAMS 0x0000000086b00000| PB 0x0000000086b00000| Untracked 
| 108|0x0000000086c00000, 0x0000000086d00000, 0x0000000086d00000|100%| O|  |TAMS 0x0000000086c00000| PB 0x0000000086c00000| Untracked 
| 109|0x0000000086d00000, 0x0000000086e00000, 0x0000000086e00000|100%| O|  |TAMS 0x0000000086d00000| PB 0x0000000086d00000| Untracked 
| 110|0x0000000086e00000, 0x0000000086f00000, 0x0000000086f00000|100%| O|  |TAMS 0x0000000086e00000| PB 0x0000000086e00000| Untracked 
| 111|0x0000000086f00000, 0x0000000087000000, 0x0000000087000000|100%| O|  |TAMS 0x0000000086f00000| PB 0x0000000086f00000| Untracked 
| 112|0x0000000087000000, 0x0000000087100000, 0x0000000087100000|100%|HS|  |TAMS 0x0000000087000000| PB 0x0000000087000000| Complete 
| 113|0x0000000087100000, 0x0000000087200000, 0x0000000087200000|100%| O|  |TAMS 0x0000000087100000| PB 0x0000000087100000| Untracked 
| 114|0x0000000087200000, 0x0000000087300000, 0x0000000087300000|100%| O|  |TAMS 0x0000000087200000| PB 0x0000000087200000| Untracked 
| 115|0x0000000087300000, 0x0000000087300000, 0x0000000087400000|  0%| F|  |TAMS 0x0000000087300000| PB 0x0000000087300000| Untracked 
| 116|0x0000000087400000, 0x0000000087500000, 0x0000000087500000|100%| O|  |TAMS 0x0000000087400000| PB 0x0000000087400000| Untracked 
| 117|0x0000000087500000, 0x0000000087600000, 0x0000000087600000|100%| O|  |TAMS 0x0000000087500000| PB 0x0000000087500000| Untracked 
| 118|0x0000000087600000, 0x0000000087600000, 0x0000000087700000|  0%| F|  |TAMS 0x0000000087600000| PB 0x0000000087600000| Untracked 
| 119|0x0000000087700000, 0x0000000087800000, 0x0000000087800000|100%| O|  |TAMS 0x0000000087700000| PB 0x0000000087700000| Untracked 
| 120|0x0000000087800000, 0x0000000087800000, 0x0000000087900000|  0%| F|  |TAMS 0x0000000087800000| PB 0x0000000087800000| Untracked 
| 121|0x0000000087900000, 0x0000000087900000, 0x0000000087a00000|  0%| F|  |TAMS 0x0000000087900000| PB 0x0000000087900000| Untracked 
| 122|0x0000000087a00000, 0x0000000087a00000, 0x0000000087b00000|  0%| F|  |TAMS 0x0000000087a00000| PB 0x0000000087a00000| Untracked 
| 123|0x0000000087b00000, 0x0000000087b00000, 0x0000000087c00000|  0%| F|  |TAMS 0x0000000087b00000| PB 0x0000000087b00000| Untracked 
| 124|0x0000000087c00000, 0x0000000087d00000, 0x0000000087d00000|100%| O|  |TAMS 0x0000000087c00000| PB 0x0000000087c00000| Untracked 
| 125|0x0000000087d00000, 0x0000000087d00000, 0x0000000087e00000|  0%| F|  |TAMS 0x0000000087d00000| PB 0x0000000087d00000| Untracked 
| 126|0x0000000087e00000, 0x0000000087f00000, 0x0000000087f00000|100%| O|  |TAMS 0x0000000087e00000| PB 0x0000000087e00000| Untracked 
| 127|0x0000000087f00000, 0x0000000087f00000, 0x0000000088000000|  0%| F|  |TAMS 0x0000000087f00000| PB 0x0000000087f00000| Untracked 
| 128|0x0000000088000000, 0x0000000088100000, 0x0000000088100000|100%| O|  |TAMS 0x0000000088000000| PB 0x0000000088000000| Untracked 
| 129|0x0000000088100000, 0x0000000088200000, 0x0000000088200000|100%| O|  |TAMS 0x0000000088100000| PB 0x0000000088100000| Untracked 
| 130|0x0000000088200000, 0x0000000088300000, 0x0000000088300000|100%| O|  |TAMS 0x0000000088200000| PB 0x0000000088200000| Untracked 
| 131|0x0000000088300000, 0x0000000088400000, 0x0000000088400000|100%| O|  |TAMS 0x0000000088300000| PB 0x0000000088300000| Untracked 
| 132|0x0000000088400000, 0x0000000088500000, 0x0000000088500000|100%| O|  |TAMS 0x0000000088400000| PB 0x0000000088400000| Untracked 
| 133|0x0000000088500000, 0x0000000088600000, 0x0000000088600000|100%| O|  |TAMS 0x0000000088500000| PB 0x0000000088500000| Untracked 
| 134|0x0000000088600000, 0x0000000088700000, 0x0000000088700000|100%| O|  |TAMS 0x0000000088600000| PB 0x0000000088600000| Untracked 
| 135|0x0000000088700000, 0x0000000088800000, 0x0000000088800000|100%| O|  |TAMS 0x0000000088700000| PB 0x0000000088700000| Untracked 
| 136|0x0000000088800000, 0x0000000088900000, 0x0000000088900000|100%| O|  |TAMS 0x0000000088800000| PB 0x0000000088800000| Untracked 
| 137|0x0000000088900000, 0x0000000088900000, 0x0000000088a00000|  0%| F|  |TAMS 0x0000000088900000| PB 0x0000000088900000| Untracked 
| 138|0x0000000088a00000, 0x0000000088b00000, 0x0000000088b00000|100%| O|  |TAMS 0x0000000088a00000| PB 0x0000000088a00000| Untracked 
| 139|0x0000000088b00000, 0x0000000088c00000, 0x0000000088c00000|100%| O|  |TAMS 0x0000000088b00000| PB 0x0000000088b00000| Untracked 
| 140|0x0000000088c00000, 0x0000000088c00000, 0x0000000088d00000|  0%| F|  |TAMS 0x0000000088c00000| PB 0x0000000088c00000| Untracked 
| 141|0x0000000088d00000, 0x0000000088e00000, 0x0000000088e00000|100%| O|  |TAMS 0x0000000088d00000| PB 0x0000000088d00000| Untracked 
| 142|0x0000000088e00000, 0x0000000088e00000, 0x0000000088f00000|  0%| F|  |TAMS 0x0000000088e00000| PB 0x0000000088e00000| Untracked 
| 143|0x0000000088f00000, 0x0000000089000000, 0x0000000089000000|100%| O|  |TAMS 0x0000000088f00000| PB 0x0000000088f00000| Untracked 
| 144|0x0000000089000000, 0x0000000089100000, 0x0000000089100000|100%|HS|  |TAMS 0x0000000089000000| PB 0x0000000089000000| Complete 
| 145|0x0000000089100000, 0x0000000089200000, 0x0000000089200000|100%| O|  |TAMS 0x0000000089100000| PB 0x0000000089100000| Untracked 
| 146|0x0000000089200000, 0x0000000089300000, 0x0000000089300000|100%|HS|  |TAMS 0x0000000089200000| PB 0x0000000089200000| Complete 
| 147|0x0000000089300000, 0x0000000089400000, 0x0000000089400000|100%|HC|  |TAMS 0x0000000089300000| PB 0x0000000089300000| Complete 
| 148|0x0000000089400000, 0x0000000089500000, 0x0000000089500000|100%| O|  |TAMS 0x0000000089400000| PB 0x0000000089400000| Untracked 
| 149|0x0000000089500000, 0x0000000089600000, 0x0000000089600000|100%|HS|  |TAMS 0x0000000089500000| PB 0x0000000089500000| Complete 
| 150|0x0000000089600000, 0x0000000089700000, 0x0000000089700000|100%|HC|  |TAMS 0x0000000089600000| PB 0x0000000089600000| Complete 
| 151|0x0000000089700000, 0x0000000089700000, 0x0000000089800000|  0%| F|  |TAMS 0x0000000089700000| PB 0x0000000089700000| Untracked 
| 152|0x0000000089800000, 0x0000000089800000, 0x0000000089900000|  0%| F|  |TAMS 0x0000000089800000| PB 0x0000000089800000| Untracked 
| 153|0x0000000089900000, 0x0000000089a00000, 0x0000000089a00000|100%|HS|  |TAMS 0x0000000089900000| PB 0x0000000089900000| Complete 
| 154|0x0000000089a00000, 0x0000000089b00000, 0x0000000089b00000|100%|HC|  |TAMS 0x0000000089a00000| PB 0x0000000089a00000| Complete 
| 155|0x0000000089b00000, 0x0000000089c00000, 0x0000000089c00000|100%|HC|  |TAMS 0x0000000089b00000| PB 0x0000000089b00000| Complete 
| 156|0x0000000089c00000, 0x0000000089d00000, 0x0000000089d00000|100%| O|  |TAMS 0x0000000089c00000| PB 0x0000000089c00000| Untracked 
| 157|0x0000000089d00000, 0x0000000089e00000, 0x0000000089e00000|100%| O|  |TAMS 0x0000000089d00000| PB 0x0000000089d00000| Untracked 
| 158|0x0000000089e00000, 0x0000000089f00000, 0x0000000089f00000|100%| O|  |TAMS 0x0000000089e00000| PB 0x0000000089e00000| Untracked 
| 159|0x0000000089f00000, 0x000000008a000000, 0x000000008a000000|100%|HS|  |TAMS 0x0000000089f00000| PB 0x0000000089f00000| Complete 
| 160|0x000000008a000000, 0x000000008a100000, 0x000000008a100000|100%|HC|  |TAMS 0x000000008a000000| PB 0x000000008a000000| Complete 
| 161|0x000000008a100000, 0x000000008a200000, 0x000000008a200000|100%|HS|  |TAMS 0x000000008a100000| PB 0x000000008a100000| Complete 
| 162|0x000000008a200000, 0x000000008a300000, 0x000000008a300000|100%| O|  |TAMS 0x000000008a200000| PB 0x000000008a200000| Untracked 
| 163|0x000000008a300000, 0x000000008a400000, 0x000000008a400000|100%| O|  |TAMS 0x000000008a300000| PB 0x000000008a300000| Untracked 
| 164|0x000000008a400000, 0x000000008a500000, 0x000000008a500000|100%| O|  |TAMS 0x000000008a400000| PB 0x000000008a400000| Untracked 
| 165|0x000000008a500000, 0x000000008a600000, 0x000000008a600000|100%| O|  |TAMS 0x000000008a500000| PB 0x000000008a500000| Untracked 
| 166|0x000000008a600000, 0x000000008a700000, 0x000000008a700000|100%| O|  |TAMS 0x000000008a600000| PB 0x000000008a600000| Untracked 
| 167|0x000000008a700000, 0x000000008a800000, 0x000000008a800000|100%| O|  |TAMS 0x000000008a700000| PB 0x000000008a700000| Untracked 
| 168|0x000000008a800000, 0x000000008a900000, 0x000000008a900000|100%| O|  |TAMS 0x000000008a800000| PB 0x000000008a800000| Untracked 
| 169|0x000000008a900000, 0x000000008aa00000, 0x000000008aa00000|100%| O|  |TAMS 0x000000008a900000| PB 0x000000008a900000| Untracked 
| 170|0x000000008aa00000, 0x000000008ab00000, 0x000000008ab00000|100%| O|  |TAMS 0x000000008aa00000| PB 0x000000008aa00000| Untracked 
| 171|0x000000008ab00000, 0x000000008ac00000, 0x000000008ac00000|100%| O|  |TAMS 0x000000008ab00000| PB 0x000000008ab00000| Untracked 
| 172|0x000000008ac00000, 0x000000008ad00000, 0x000000008ad00000|100%| O|  |TAMS 0x000000008ac00000| PB 0x000000008ac00000| Untracked 
| 173|0x000000008ad00000, 0x000000008ae00000, 0x000000008ae00000|100%| O|  |TAMS 0x000000008ad00000| PB 0x000000008ad00000| Untracked 
| 174|0x000000008ae00000, 0x000000008af00000, 0x000000008af00000|100%| O|  |TAMS 0x000000008ae00000| PB 0x000000008ae00000| Untracked 
| 175|0x000000008af00000, 0x000000008b000000, 0x000000008b000000|100%| O|  |TAMS 0x000000008af00000| PB 0x000000008af00000| Untracked 
| 176|0x000000008b000000, 0x000000008b100000, 0x000000008b100000|100%| O|  |TAMS 0x000000008b000000| PB 0x000000008b000000| Untracked 
| 177|0x000000008b100000, 0x000000008b200000, 0x000000008b200000|100%| O|  |TAMS 0x000000008b100000| PB 0x000000008b100000| Untracked 
| 178|0x000000008b200000, 0x000000008b300000, 0x000000008b300000|100%| O|  |TAMS 0x000000008b200000| PB 0x000000008b200000| Untracked 
| 179|0x000000008b300000, 0x000000008b400000, 0x000000008b400000|100%| O|  |TAMS 0x000000008b300000| PB 0x000000008b300000| Untracked 
| 180|0x000000008b400000, 0x000000008b500000, 0x000000008b500000|100%| O|  |TAMS 0x000000008b400000| PB 0x000000008b400000| Untracked 
| 181|0x000000008b500000, 0x000000008b600000, 0x000000008b600000|100%| O|  |TAMS 0x000000008b500000| PB 0x000000008b500000| Untracked 
| 182|0x000000008b600000, 0x000000008b700000, 0x000000008b700000|100%| O|  |TAMS 0x000000008b600000| PB 0x000000008b600000| Untracked 
| 183|0x000000008b700000, 0x000000008b800000, 0x000000008b800000|100%| O|  |TAMS 0x000000008b700000| PB 0x000000008b700000| Untracked 
| 184|0x000000008b800000, 0x000000008b900000, 0x000000008b900000|100%| O|  |TAMS 0x000000008b800000| PB 0x000000008b800000| Untracked 
| 185|0x000000008b900000, 0x000000008ba00000, 0x000000008ba00000|100%| O|  |TAMS 0x000000008b900000| PB 0x000000008b900000| Untracked 
| 186|0x000000008ba00000, 0x000000008bb00000, 0x000000008bb00000|100%| O|  |TAMS 0x000000008ba00000| PB 0x000000008ba00000| Untracked 
| 187|0x000000008bb00000, 0x000000008bc00000, 0x000000008bc00000|100%| O|  |TAMS 0x000000008bb00000| PB 0x000000008bb00000| Untracked 
| 188|0x000000008bc00000, 0x000000008bd00000, 0x000000008bd00000|100%| O|  |TAMS 0x000000008bc00000| PB 0x000000008bc00000| Untracked 
| 189|0x000000008bd00000, 0x000000008be00000, 0x000000008be00000|100%| O|  |TAMS 0x000000008bd00000| PB 0x000000008bd00000| Untracked 
| 190|0x000000008be00000, 0x000000008bf00000, 0x000000008bf00000|100%| O|  |TAMS 0x000000008be00000| PB 0x000000008be00000| Untracked 
| 191|0x000000008bf00000, 0x000000008c000000, 0x000000008c000000|100%| O|  |TAMS 0x000000008bf00000| PB 0x000000008bf00000| Untracked 
| 192|0x000000008c000000, 0x000000008c100000, 0x000000008c100000|100%| O|  |TAMS 0x000000008c000000| PB 0x000000008c000000| Untracked 
| 193|0x000000008c100000, 0x000000008c200000, 0x000000008c200000|100%| O|  |TAMS 0x000000008c100000| PB 0x000000008c100000| Untracked 
| 194|0x000000008c200000, 0x000000008c300000, 0x000000008c300000|100%| O|  |TAMS 0x000000008c200000| PB 0x000000008c200000| Untracked 
| 195|0x000000008c300000, 0x000000008c400000, 0x000000008c400000|100%| O|  |TAMS 0x000000008c300000| PB 0x000000008c300000| Untracked 
| 196|0x000000008c400000, 0x000000008c500000, 0x000000008c500000|100%| O|  |TAMS 0x000000008c400000| PB 0x000000008c400000| Untracked 
| 197|0x000000008c500000, 0x000000008c600000, 0x000000008c600000|100%| O|  |TAMS 0x000000008c500000| PB 0x000000008c500000| Untracked 
| 198|0x000000008c600000, 0x000000008c700000, 0x000000008c700000|100%| O|  |TAMS 0x000000008c600000| PB 0x000000008c600000| Untracked 
| 199|0x000000008c700000, 0x000000008c800000, 0x000000008c800000|100%| O|  |TAMS 0x000000008c700000| PB 0x000000008c700000| Untracked 
| 200|0x000000008c800000, 0x000000008c900000, 0x000000008c900000|100%| O|  |TAMS 0x000000008c800000| PB 0x000000008c800000| Untracked 
| 201|0x000000008c900000, 0x000000008ca00000, 0x000000008ca00000|100%| O|  |TAMS 0x000000008c900000| PB 0x000000008c900000| Untracked 
| 202|0x000000008ca00000, 0x000000008cb00000, 0x000000008cb00000|100%| O|  |TAMS 0x000000008ca00000| PB 0x000000008ca00000| Untracked 
| 203|0x000000008cb00000, 0x000000008cc00000, 0x000000008cc00000|100%| O|  |TAMS 0x000000008cb00000| PB 0x000000008cb00000| Untracked 
| 204|0x000000008cc00000, 0x000000008cd00000, 0x000000008cd00000|100%| O|  |TAMS 0x000000008cc00000| PB 0x000000008cc00000| Untracked 
| 205|0x000000008cd00000, 0x000000008ce00000, 0x000000008ce00000|100%| O|  |TAMS 0x000000008cd00000| PB 0x000000008cd00000| Untracked 
| 206|0x000000008ce00000, 0x000000008cf00000, 0x000000008cf00000|100%| O|  |TAMS 0x000000008ce00000| PB 0x000000008ce00000| Untracked 
| 207|0x000000008cf00000, 0x000000008d000000, 0x000000008d000000|100%| O|  |TAMS 0x000000008cf00000| PB 0x000000008cf00000| Untracked 
| 208|0x000000008d000000, 0x000000008d100000, 0x000000008d100000|100%| O|  |TAMS 0x000000008d000000| PB 0x000000008d000000| Untracked 
| 209|0x000000008d100000, 0x000000008d200000, 0x000000008d200000|100%| O|  |TAMS 0x000000008d100000| PB 0x000000008d100000| Untracked 
| 210|0x000000008d200000, 0x000000008d300000, 0x000000008d300000|100%| O|  |TAMS 0x000000008d200000| PB 0x000000008d200000| Untracked 
| 211|0x000000008d300000, 0x000000008d400000, 0x000000008d400000|100%| O|  |TAMS 0x000000008d300000| PB 0x000000008d300000| Untracked 
| 212|0x000000008d400000, 0x000000008d500000, 0x000000008d500000|100%| O|  |TAMS 0x000000008d400000| PB 0x000000008d400000| Untracked 
| 213|0x000000008d500000, 0x000000008d600000, 0x000000008d600000|100%| O|  |TAMS 0x000000008d500000| PB 0x000000008d500000| Untracked 
| 214|0x000000008d600000, 0x000000008d700000, 0x000000008d700000|100%| O|  |TAMS 0x000000008d600000| PB 0x000000008d600000| Untracked 
| 215|0x000000008d700000, 0x000000008d800000, 0x000000008d800000|100%| O|  |TAMS 0x000000008d700000| PB 0x000000008d700000| Untracked 
| 216|0x000000008d800000, 0x000000008d900000, 0x000000008d900000|100%| O|  |TAMS 0x000000008d800000| PB 0x000000008d800000| Untracked 
| 217|0x000000008d900000, 0x000000008da00000, 0x000000008da00000|100%| O|  |TAMS 0x000000008d900000| PB 0x000000008d900000| Untracked 
| 218|0x000000008da00000, 0x000000008db00000, 0x000000008db00000|100%|HS|  |TAMS 0x000000008da00000| PB 0x000000008da00000| Complete 
| 219|0x000000008db00000, 0x000000008dc00000, 0x000000008dc00000|100%|HS|  |TAMS 0x000000008db00000| PB 0x000000008db00000| Complete 
| 220|0x000000008dc00000, 0x000000008dd00000, 0x000000008dd00000|100%| O|  |TAMS 0x000000008dc00000| PB 0x000000008dc00000| Untracked 
| 221|0x000000008dd00000, 0x000000008de00000, 0x000000008de00000|100%| O|  |TAMS 0x000000008dd00000| PB 0x000000008dd00000| Untracked 
| 222|0x000000008de00000, 0x000000008df00000, 0x000000008df00000|100%| O|  |TAMS 0x000000008de00000| PB 0x000000008de00000| Untracked 
| 223|0x000000008df00000, 0x000000008e000000, 0x000000008e000000|100%| O|  |TAMS 0x000000008df00000| PB 0x000000008df00000| Untracked 
| 224|0x000000008e000000, 0x000000008e100000, 0x000000008e100000|100%| O|  |TAMS 0x000000008e000000| PB 0x000000008e000000| Untracked 
| 225|0x000000008e100000, 0x000000008e200000, 0x000000008e200000|100%| O|  |TAMS 0x000000008e100000| PB 0x000000008e100000| Untracked 
| 226|0x000000008e200000, 0x000000008e300000, 0x000000008e300000|100%| O|  |TAMS 0x000000008e200000| PB 0x000000008e200000| Untracked 
| 227|0x000000008e300000, 0x000000008e400000, 0x000000008e400000|100%| O|  |TAMS 0x000000008e300000| PB 0x000000008e300000| Untracked 
| 228|0x000000008e400000, 0x000000008e500000, 0x000000008e500000|100%| O|  |TAMS 0x000000008e400000| PB 0x000000008e400000| Untracked 
| 229|0x000000008e500000, 0x000000008e600000, 0x000000008e600000|100%| O|  |TAMS 0x000000008e500000| PB 0x000000008e500000| Untracked 
| 230|0x000000008e600000, 0x000000008e700000, 0x000000008e700000|100%| O|  |TAMS 0x000000008e600000| PB 0x000000008e600000| Untracked 
| 231|0x000000008e700000, 0x000000008e800000, 0x000000008e800000|100%| O|  |TAMS 0x000000008e700000| PB 0x000000008e700000| Untracked 
| 232|0x000000008e800000, 0x000000008e900000, 0x000000008e900000|100%| O|  |TAMS 0x000000008e800000| PB 0x000000008e800000| Untracked 
| 233|0x000000008e900000, 0x000000008ea00000, 0x000000008ea00000|100%| O|  |TAMS 0x000000008e900000| PB 0x000000008e900000| Untracked 
| 234|0x000000008ea00000, 0x000000008eb00000, 0x000000008eb00000|100%| O|  |TAMS 0x000000008ea00000| PB 0x000000008ea00000| Untracked 
| 235|0x000000008eb00000, 0x000000008ec00000, 0x000000008ec00000|100%| O|  |TAMS 0x000000008eb00000| PB 0x000000008eb00000| Untracked 
| 236|0x000000008ec00000, 0x000000008ed00000, 0x000000008ed00000|100%| O|  |TAMS 0x000000008ec00000| PB 0x000000008ec00000| Untracked 
| 237|0x000000008ed00000, 0x000000008ee00000, 0x000000008ee00000|100%| O|  |TAMS 0x000000008ed00000| PB 0x000000008ed00000| Untracked 
| 238|0x000000008ee00000, 0x000000008ee9e300, 0x000000008ef00000| 61%| O|  |TAMS 0x000000008ee00000| PB 0x000000008ee00000| Untracked 
| 239|0x000000008ef00000, 0x000000008ef00000, 0x000000008f000000|  0%| F|  |TAMS 0x000000008ef00000| PB 0x000000008ef00000| Untracked 
| 240|0x000000008f000000, 0x000000008f000000, 0x000000008f100000|  0%| F|  |TAMS 0x000000008f000000| PB 0x000000008f000000| Untracked 
| 241|0x000000008f100000, 0x000000008f100000, 0x000000008f200000|  0%| F|  |TAMS 0x000000008f100000| PB 0x000000008f100000| Untracked 
| 242|0x000000008f200000, 0x000000008f200000, 0x000000008f300000|  0%| F|  |TAMS 0x000000008f200000| PB 0x000000008f200000| Untracked 
| 243|0x000000008f300000, 0x000000008f300000, 0x000000008f400000|  0%| F|  |TAMS 0x000000008f300000| PB 0x000000008f300000| Untracked 
| 244|0x000000008f400000, 0x000000008f400000, 0x000000008f500000|  0%| F|  |TAMS 0x000000008f400000| PB 0x000000008f400000| Untracked 
| 245|0x000000008f500000, 0x000000008f500000, 0x000000008f600000|  0%| F|  |TAMS 0x000000008f500000| PB 0x000000008f500000| Untracked 
| 246|0x000000008f600000, 0x000000008f600000, 0x000000008f700000|  0%| F|  |TAMS 0x000000008f600000| PB 0x000000008f600000| Untracked 
| 247|0x000000008f700000, 0x000000008f700000, 0x000000008f800000|  0%| F|  |TAMS 0x000000008f700000| PB 0x000000008f700000| Untracked 
| 248|0x000000008f800000, 0x000000008f800000, 0x000000008f900000|  0%| F|  |TAMS 0x000000008f800000| PB 0x000000008f800000| Untracked 
| 249|0x000000008f900000, 0x000000008f900000, 0x000000008fa00000|  0%| F|  |TAMS 0x000000008f900000| PB 0x000000008f900000| Untracked 
| 250|0x000000008fa00000, 0x000000008fa00000, 0x000000008fb00000|  0%| F|  |TAMS 0x000000008fa00000| PB 0x000000008fa00000| Untracked 
| 251|0x000000008fb00000, 0x000000008fb00000, 0x000000008fc00000|  0%| F|  |TAMS 0x000000008fb00000| PB 0x000000008fb00000| Untracked 
| 252|0x000000008fc00000, 0x000000008fc00000, 0x000000008fd00000|  0%| F|  |TAMS 0x000000008fc00000| PB 0x000000008fc00000| Untracked 
| 253|0x000000008fd00000, 0x000000008fd00000, 0x000000008fe00000|  0%| F|  |TAMS 0x000000008fd00000| PB 0x000000008fd00000| Untracked 
| 254|0x000000008fe00000, 0x000000008fe00000, 0x000000008ff00000|  0%| F|  |TAMS 0x000000008fe00000| PB 0x000000008fe00000| Untracked 
| 255|0x000000008ff00000, 0x000000008ff00000, 0x0000000090000000|  0%| F|  |TAMS 0x000000008ff00000| PB 0x000000008ff00000| Untracked 
| 256|0x0000000090000000, 0x0000000090000000, 0x0000000090100000|  0%| F|  |TAMS 0x0000000090000000| PB 0x0000000090000000| Untracked 
| 257|0x0000000090100000, 0x0000000090100000, 0x0000000090200000|  0%| F|  |TAMS 0x0000000090100000| PB 0x0000000090100000| Untracked 
| 258|0x0000000090200000, 0x0000000090200000, 0x0000000090300000|  0%| F|  |TAMS 0x0000000090200000| PB 0x0000000090200000| Untracked 
| 259|0x0000000090300000, 0x0000000090300000, 0x0000000090400000|  0%| F|  |TAMS 0x0000000090300000| PB 0x0000000090300000| Untracked 
| 260|0x0000000090400000, 0x0000000090400000, 0x0000000090500000|  0%| F|  |TAMS 0x0000000090400000| PB 0x0000000090400000| Untracked 
| 261|0x0000000090500000, 0x0000000090500000, 0x0000000090600000|  0%| F|  |TAMS 0x0000000090500000| PB 0x0000000090500000| Untracked 
| 262|0x0000000090600000, 0x0000000090600000, 0x0000000090700000|  0%| F|  |TAMS 0x0000000090600000| PB 0x0000000090600000| Untracked 
| 263|0x0000000090700000, 0x0000000090700000, 0x0000000090800000|  0%| F|  |TAMS 0x0000000090700000| PB 0x0000000090700000| Untracked 
| 264|0x0000000090800000, 0x0000000090800000, 0x0000000090900000|  0%| F|  |TAMS 0x0000000090800000| PB 0x0000000090800000| Untracked 
| 265|0x0000000090900000, 0x0000000090900000, 0x0000000090a00000|  0%| F|  |TAMS 0x0000000090900000| PB 0x0000000090900000| Untracked 
| 266|0x0000000090a00000, 0x0000000090a00000, 0x0000000090b00000|  0%| F|  |TAMS 0x0000000090a00000| PB 0x0000000090a00000| Untracked 
| 267|0x0000000090b00000, 0x0000000090b00000, 0x0000000090c00000|  0%| F|  |TAMS 0x0000000090b00000| PB 0x0000000090b00000| Untracked 
| 268|0x0000000090c00000, 0x0000000090c00000, 0x0000000090d00000|  0%| F|  |TAMS 0x0000000090c00000| PB 0x0000000090c00000| Untracked 
| 269|0x0000000090d00000, 0x0000000090d00000, 0x0000000090e00000|  0%| F|  |TAMS 0x0000000090d00000| PB 0x0000000090d00000| Untracked 
| 270|0x0000000090e00000, 0x0000000090e00000, 0x0000000090f00000|  0%| F|  |TAMS 0x0000000090e00000| PB 0x0000000090e00000| Untracked 
| 271|0x0000000090f00000, 0x0000000090f00000, 0x0000000091000000|  0%| F|  |TAMS 0x0000000090f00000| PB 0x0000000090f00000| Untracked 
| 272|0x0000000091000000, 0x0000000091000000, 0x0000000091100000|  0%| F|  |TAMS 0x0000000091000000| PB 0x0000000091000000| Untracked 
| 273|0x0000000091100000, 0x0000000091100000, 0x0000000091200000|  0%| F|  |TAMS 0x0000000091100000| PB 0x0000000091100000| Untracked 
| 274|0x0000000091200000, 0x0000000091200000, 0x0000000091300000|  0%| F|  |TAMS 0x0000000091200000| PB 0x0000000091200000| Untracked 
| 275|0x0000000091300000, 0x0000000091300000, 0x0000000091400000|  0%| F|  |TAMS 0x0000000091300000| PB 0x0000000091300000| Untracked 
| 276|0x0000000091400000, 0x0000000091400000, 0x0000000091500000|  0%| F|  |TAMS 0x0000000091400000| PB 0x0000000091400000| Untracked 
| 277|0x0000000091500000, 0x0000000091500000, 0x0000000091600000|  0%| F|  |TAMS 0x0000000091500000| PB 0x0000000091500000| Untracked 
| 278|0x0000000091600000, 0x0000000091600000, 0x0000000091700000|  0%| F|  |TAMS 0x0000000091600000| PB 0x0000000091600000| Untracked 
| 279|0x0000000091700000, 0x000000009172e2b0, 0x0000000091800000| 18%| S|CS|TAMS 0x0000000091700000| PB 0x0000000091700000| Complete 
| 280|0x0000000091800000, 0x0000000091900000, 0x0000000091900000|100%| S|CS|TAMS 0x0000000091800000| PB 0x0000000091800000| Complete 
| 281|0x0000000091900000, 0x0000000091a00000, 0x0000000091a00000|100%| S|CS|TAMS 0x0000000091900000| PB 0x0000000091900000| Complete 
| 282|0x0000000091a00000, 0x0000000091b00000, 0x0000000091b00000|100%| S|CS|TAMS 0x0000000091a00000| PB 0x0000000091a00000| Complete 
| 283|0x0000000091b00000, 0x0000000091c00000, 0x0000000091c00000|100%| S|CS|TAMS 0x0000000091b00000| PB 0x0000000091b00000| Complete 
| 284|0x0000000091c00000, 0x0000000091d00000, 0x0000000091d00000|100%| S|CS|TAMS 0x0000000091c00000| PB 0x0000000091c00000| Complete 
| 285|0x0000000091d00000, 0x0000000091e00000, 0x0000000091e00000|100%| S|CS|TAMS 0x0000000091d00000| PB 0x0000000091d00000| Complete 
| 286|0x0000000091e00000, 0x0000000091f00000, 0x0000000091f00000|100%| S|CS|TAMS 0x0000000091e00000| PB 0x0000000091e00000| Complete 
| 287|0x0000000091f00000, 0x0000000092000000, 0x0000000092000000|100%| S|CS|TAMS 0x0000000091f00000| PB 0x0000000091f00000| Complete 
| 288|0x0000000092000000, 0x0000000092100000, 0x0000000092100000|100%| S|CS|TAMS 0x0000000092000000| PB 0x0000000092000000| Complete 
| 289|0x0000000092100000, 0x0000000092200000, 0x0000000092200000|100%| S|CS|TAMS 0x0000000092100000| PB 0x0000000092100000| Complete 
| 290|0x0000000092200000, 0x0000000092300000, 0x0000000092300000|100%| S|CS|TAMS 0x0000000092200000| PB 0x0000000092200000| Complete 
| 291|0x0000000092300000, 0x0000000092300000, 0x0000000092400000|  0%| F|  |TAMS 0x0000000092300000| PB 0x0000000092300000| Untracked 
| 292|0x0000000092400000, 0x0000000092400000, 0x0000000092500000|  0%| F|  |TAMS 0x0000000092400000| PB 0x0000000092400000| Untracked 
| 293|0x0000000092500000, 0x0000000092500000, 0x0000000092600000|  0%| F|  |TAMS 0x0000000092500000| PB 0x0000000092500000| Untracked 
| 294|0x0000000092600000, 0x0000000092600000, 0x0000000092700000|  0%| F|  |TAMS 0x0000000092600000| PB 0x0000000092600000| Untracked 
| 295|0x0000000092700000, 0x0000000092700000, 0x0000000092800000|  0%| F|  |TAMS 0x0000000092700000| PB 0x0000000092700000| Untracked 
| 296|0x0000000092800000, 0x0000000092800000, 0x0000000092900000|  0%| F|  |TAMS 0x0000000092800000| PB 0x0000000092800000| Untracked 
| 297|0x0000000092900000, 0x0000000092900000, 0x0000000092a00000|  0%| F|  |TAMS 0x0000000092900000| PB 0x0000000092900000| Untracked 
| 298|0x0000000092a00000, 0x0000000092a00000, 0x0000000092b00000|  0%| F|  |TAMS 0x0000000092a00000| PB 0x0000000092a00000| Untracked 
| 299|0x0000000092b00000, 0x0000000092b00000, 0x0000000092c00000|  0%| F|  |TAMS 0x0000000092b00000| PB 0x0000000092b00000| Untracked 
| 300|0x0000000092c00000, 0x0000000092c00000, 0x0000000092d00000|  0%| F|  |TAMS 0x0000000092c00000| PB 0x0000000092c00000| Untracked 
| 301|0x0000000092d00000, 0x0000000092d00000, 0x0000000092e00000|  0%| F|  |TAMS 0x0000000092d00000| PB 0x0000000092d00000| Untracked 
| 302|0x0000000092e00000, 0x0000000092e00000, 0x0000000092f00000|  0%| F|  |TAMS 0x0000000092e00000| PB 0x0000000092e00000| Untracked 
| 303|0x0000000092f00000, 0x0000000092f00000, 0x0000000093000000|  0%| F|  |TAMS 0x0000000092f00000| PB 0x0000000092f00000| Untracked 
| 304|0x0000000093000000, 0x0000000093000000, 0x0000000093100000|  0%| F|  |TAMS 0x0000000093000000| PB 0x0000000093000000| Untracked 
| 305|0x0000000093100000, 0x0000000093100000, 0x0000000093200000|  0%| F|  |TAMS 0x0000000093100000| PB 0x0000000093100000| Untracked 
| 306|0x0000000093200000, 0x0000000093200000, 0x0000000093300000|  0%| F|  |TAMS 0x0000000093200000| PB 0x0000000093200000| Untracked 
| 307|0x0000000093300000, 0x0000000093300000, 0x0000000093400000|  0%| F|  |TAMS 0x0000000093300000| PB 0x0000000093300000| Untracked 
| 308|0x0000000093400000, 0x0000000093400000, 0x0000000093500000|  0%| F|  |TAMS 0x0000000093400000| PB 0x0000000093400000| Untracked 
| 309|0x0000000093500000, 0x0000000093500000, 0x0000000093600000|  0%| F|  |TAMS 0x0000000093500000| PB 0x0000000093500000| Untracked 
| 310|0x0000000093600000, 0x0000000093600000, 0x0000000093700000|  0%| F|  |TAMS 0x0000000093600000| PB 0x0000000093600000| Untracked 
| 311|0x0000000093700000, 0x0000000093700000, 0x0000000093800000|  0%| F|  |TAMS 0x0000000093700000| PB 0x0000000093700000| Untracked 
| 312|0x0000000093800000, 0x0000000093800000, 0x0000000093900000|  0%| F|  |TAMS 0x0000000093800000| PB 0x0000000093800000| Untracked 
| 313|0x0000000093900000, 0x0000000093900000, 0x0000000093a00000|  0%| F|  |TAMS 0x0000000093900000| PB 0x0000000093900000| Untracked 
| 314|0x0000000093a00000, 0x0000000093a00000, 0x0000000093b00000|  0%| F|  |TAMS 0x0000000093a00000| PB 0x0000000093a00000| Untracked 
| 315|0x0000000093b00000, 0x0000000093b00000, 0x0000000093c00000|  0%| F|  |TAMS 0x0000000093b00000| PB 0x0000000093b00000| Untracked 
| 316|0x0000000093c00000, 0x0000000093c00000, 0x0000000093d00000|  0%| F|  |TAMS 0x0000000093c00000| PB 0x0000000093c00000| Untracked 
| 317|0x0000000093d00000, 0x0000000093d00000, 0x0000000093e00000|  0%| F|  |TAMS 0x0000000093d00000| PB 0x0000000093d00000| Untracked 
| 318|0x0000000093e00000, 0x0000000093e00000, 0x0000000093f00000|  0%| F|  |TAMS 0x0000000093e00000| PB 0x0000000093e00000| Untracked 
| 319|0x0000000093f00000, 0x0000000093f00000, 0x0000000094000000|  0%| F|  |TAMS 0x0000000093f00000| PB 0x0000000093f00000| Untracked 
| 320|0x0000000094000000, 0x0000000094000000, 0x0000000094100000|  0%| F|  |TAMS 0x0000000094000000| PB 0x0000000094000000| Untracked 
| 321|0x0000000094100000, 0x0000000094100000, 0x0000000094200000|  0%| F|  |TAMS 0x0000000094100000| PB 0x0000000094100000| Untracked 
| 322|0x0000000094200000, 0x0000000094200000, 0x0000000094300000|  0%| F|  |TAMS 0x0000000094200000| PB 0x0000000094200000| Untracked 
| 323|0x0000000094300000, 0x0000000094300000, 0x0000000094400000|  0%| F|  |TAMS 0x0000000094300000| PB 0x0000000094300000| Untracked 
| 324|0x0000000094400000, 0x0000000094400000, 0x0000000094500000|  0%| F|  |TAMS 0x0000000094400000| PB 0x0000000094400000| Untracked 
| 325|0x0000000094500000, 0x0000000094500000, 0x0000000094600000|  0%| F|  |TAMS 0x0000000094500000| PB 0x0000000094500000| Untracked 
| 326|0x0000000094600000, 0x0000000094600000, 0x0000000094700000|  0%| F|  |TAMS 0x0000000094600000| PB 0x0000000094600000| Untracked 
| 327|0x0000000094700000, 0x0000000094700000, 0x0000000094800000|  0%| F|  |TAMS 0x0000000094700000| PB 0x0000000094700000| Untracked 
| 328|0x0000000094800000, 0x0000000094800000, 0x0000000094900000|  0%| F|  |TAMS 0x0000000094800000| PB 0x0000000094800000| Untracked 
| 329|0x0000000094900000, 0x0000000094900000, 0x0000000094a00000|  0%| F|  |TAMS 0x0000000094900000| PB 0x0000000094900000| Untracked 
| 330|0x0000000094a00000, 0x0000000094a00000, 0x0000000094b00000|  0%| F|  |TAMS 0x0000000094a00000| PB 0x0000000094a00000| Untracked 
| 331|0x0000000094b00000, 0x0000000094b00000, 0x0000000094c00000|  0%| F|  |TAMS 0x0000000094b00000| PB 0x0000000094b00000| Untracked 
| 332|0x0000000094c00000, 0x0000000094c00000, 0x0000000094d00000|  0%| F|  |TAMS 0x0000000094c00000| PB 0x0000000094c00000| Untracked 
| 333|0x0000000094d00000, 0x0000000094d00000, 0x0000000094e00000|  0%| F|  |TAMS 0x0000000094d00000| PB 0x0000000094d00000| Untracked 
| 334|0x0000000094e00000, 0x0000000094e00000, 0x0000000094f00000|  0%| F|  |TAMS 0x0000000094e00000| PB 0x0000000094e00000| Untracked 
| 335|0x0000000094f00000, 0x0000000094f00000, 0x0000000095000000|  0%| F|  |TAMS 0x0000000094f00000| PB 0x0000000094f00000| Untracked 
| 336|0x0000000095000000, 0x0000000095000000, 0x0000000095100000|  0%| F|  |TAMS 0x0000000095000000| PB 0x0000000095000000| Untracked 
| 337|0x0000000095100000, 0x0000000095100000, 0x0000000095200000|  0%| F|  |TAMS 0x0000000095100000| PB 0x0000000095100000| Untracked 
| 338|0x0000000095200000, 0x0000000095200000, 0x0000000095300000|  0%| F|  |TAMS 0x0000000095200000| PB 0x0000000095200000| Untracked 
| 339|0x0000000095300000, 0x0000000095300000, 0x0000000095400000|  0%| F|  |TAMS 0x0000000095300000| PB 0x0000000095300000| Untracked 
| 340|0x0000000095400000, 0x0000000095400000, 0x0000000095500000|  0%| F|  |TAMS 0x0000000095400000| PB 0x0000000095400000| Untracked 
| 341|0x0000000095500000, 0x0000000095500000, 0x0000000095600000|  0%| F|  |TAMS 0x0000000095500000| PB 0x0000000095500000| Untracked 
| 342|0x0000000095600000, 0x0000000095600000, 0x0000000095700000|  0%| F|  |TAMS 0x0000000095600000| PB 0x0000000095600000| Untracked 
| 343|0x0000000095700000, 0x0000000095700000, 0x0000000095800000|  0%| F|  |TAMS 0x0000000095700000| PB 0x0000000095700000| Untracked 
| 344|0x0000000095800000, 0x0000000095800000, 0x0000000095900000|  0%| F|  |TAMS 0x0000000095800000| PB 0x0000000095800000| Untracked 
| 345|0x0000000095900000, 0x0000000095900000, 0x0000000095a00000|  0%| F|  |TAMS 0x0000000095900000| PB 0x0000000095900000| Untracked 
| 346|0x0000000095a00000, 0x0000000095a00000, 0x0000000095b00000|  0%| F|  |TAMS 0x0000000095a00000| PB 0x0000000095a00000| Untracked 
| 347|0x0000000095b00000, 0x0000000095b00000, 0x0000000095c00000|  0%| F|  |TAMS 0x0000000095b00000| PB 0x0000000095b00000| Untracked 
| 348|0x0000000095c00000, 0x0000000095c00000, 0x0000000095d00000|  0%| F|  |TAMS 0x0000000095c00000| PB 0x0000000095c00000| Untracked 
| 349|0x0000000095d00000, 0x0000000095d00000, 0x0000000095e00000|  0%| F|  |TAMS 0x0000000095d00000| PB 0x0000000095d00000| Untracked 
| 350|0x0000000095e00000, 0x0000000095e00000, 0x0000000095f00000|  0%| F|  |TAMS 0x0000000095e00000| PB 0x0000000095e00000| Untracked 
| 351|0x0000000095f00000, 0x0000000095f00000, 0x0000000096000000|  0%| F|  |TAMS 0x0000000095f00000| PB 0x0000000095f00000| Untracked 
| 352|0x0000000096000000, 0x0000000096000000, 0x0000000096100000|  0%| F|  |TAMS 0x0000000096000000| PB 0x0000000096000000| Untracked 
| 353|0x0000000096100000, 0x0000000096100000, 0x0000000096200000|  0%| F|  |TAMS 0x0000000096100000| PB 0x0000000096100000| Untracked 
| 354|0x0000000096200000, 0x0000000096200000, 0x0000000096300000|  0%| F|  |TAMS 0x0000000096200000| PB 0x0000000096200000| Untracked 
| 355|0x0000000096300000, 0x0000000096300000, 0x0000000096400000|  0%| F|  |TAMS 0x0000000096300000| PB 0x0000000096300000| Untracked 
| 356|0x0000000096400000, 0x0000000096400000, 0x0000000096500000|  0%| F|  |TAMS 0x0000000096400000| PB 0x0000000096400000| Untracked 
| 357|0x0000000096500000, 0x0000000096500000, 0x0000000096600000|  0%| F|  |TAMS 0x0000000096500000| PB 0x0000000096500000| Untracked 
| 358|0x0000000096600000, 0x0000000096600000, 0x0000000096700000|  0%| F|  |TAMS 0x0000000096600000| PB 0x0000000096600000| Untracked 
| 359|0x0000000096700000, 0x0000000096700000, 0x0000000096800000|  0%| F|  |TAMS 0x0000000096700000| PB 0x0000000096700000| Untracked 
| 360|0x0000000096800000, 0x0000000096800000, 0x0000000096900000|  0%| F|  |TAMS 0x0000000096800000| PB 0x0000000096800000| Untracked 
| 361|0x0000000096900000, 0x0000000096900000, 0x0000000096a00000|  0%| F|  |TAMS 0x0000000096900000| PB 0x0000000096900000| Untracked 
| 362|0x0000000096a00000, 0x0000000096a00000, 0x0000000096b00000|  0%| F|  |TAMS 0x0000000096a00000| PB 0x0000000096a00000| Untracked 
| 363|0x0000000096b00000, 0x0000000096b00000, 0x0000000096c00000|  0%| F|  |TAMS 0x0000000096b00000| PB 0x0000000096b00000| Untracked 
| 364|0x0000000096c00000, 0x0000000096c00000, 0x0000000096d00000|  0%| F|  |TAMS 0x0000000096c00000| PB 0x0000000096c00000| Untracked 
| 365|0x0000000096d00000, 0x0000000096d00000, 0x0000000096e00000|  0%| F|  |TAMS 0x0000000096d00000| PB 0x0000000096d00000| Untracked 
| 366|0x0000000096e00000, 0x0000000096e00000, 0x0000000096f00000|  0%| F|  |TAMS 0x0000000096e00000| PB 0x0000000096e00000| Untracked 
| 367|0x0000000096f00000, 0x0000000096f00000, 0x0000000097000000|  0%| F|  |TAMS 0x0000000096f00000| PB 0x0000000096f00000| Untracked 
| 368|0x0000000097000000, 0x0000000097000000, 0x0000000097100000|  0%| F|  |TAMS 0x0000000097000000| PB 0x0000000097000000| Untracked 
| 369|0x0000000097100000, 0x0000000097100000, 0x0000000097200000|  0%| F|  |TAMS 0x0000000097100000| PB 0x0000000097100000| Untracked 
| 370|0x0000000097200000, 0x0000000097200000, 0x0000000097300000|  0%| F|  |TAMS 0x0000000097200000| PB 0x0000000097200000| Untracked 
| 371|0x0000000097300000, 0x0000000097300000, 0x0000000097400000|  0%| F|  |TAMS 0x0000000097300000| PB 0x0000000097300000| Untracked 
| 372|0x0000000097400000, 0x0000000097400000, 0x0000000097500000|  0%| F|  |TAMS 0x0000000097400000| PB 0x0000000097400000| Untracked 
| 373|0x0000000097500000, 0x0000000097500000, 0x0000000097600000|  0%| F|  |TAMS 0x0000000097500000| PB 0x0000000097500000| Untracked 
| 374|0x0000000097600000, 0x0000000097600000, 0x0000000097700000|  0%| F|  |TAMS 0x0000000097600000| PB 0x0000000097600000| Untracked 
| 375|0x0000000097700000, 0x0000000097700000, 0x0000000097800000|  0%| F|  |TAMS 0x0000000097700000| PB 0x0000000097700000| Untracked 
| 376|0x0000000097800000, 0x0000000097800000, 0x0000000097900000|  0%| F|  |TAMS 0x0000000097800000| PB 0x0000000097800000| Untracked 
| 377|0x0000000097900000, 0x0000000097900000, 0x0000000097a00000|  0%| F|  |TAMS 0x0000000097900000| PB 0x0000000097900000| Untracked 
| 378|0x0000000097a00000, 0x0000000097a00000, 0x0000000097b00000|  0%| F|  |TAMS 0x0000000097a00000| PB 0x0000000097a00000| Untracked 
|2027|0x00000000feb00000, 0x00000000fec00000, 0x00000000fec00000|100%| O|  |TAMS 0x00000000feb00000| PB 0x00000000feb00000| Untracked 
|2028|0x00000000fec00000, 0x00000000fed00000, 0x00000000fed00000|100%| O|  |TAMS 0x00000000fec00000| PB 0x00000000fec00000| Untracked 
|2029|0x00000000fed00000, 0x00000000fee00000, 0x00000000fee00000|100%| O|  |TAMS 0x00000000fed00000| PB 0x00000000fed00000| Untracked 
|2030|0x00000000fee00000, 0x00000000fef00000, 0x00000000fef00000|100%| O|  |TAMS 0x00000000fee00000| PB 0x00000000fee00000| Untracked 
|2031|0x00000000fef00000, 0x00000000ff000000, 0x00000000ff000000|100%| O|  |TAMS 0x00000000fef00000| PB 0x00000000fef00000| Untracked 
|2032|0x00000000ff000000, 0x00000000ff100000, 0x00000000ff100000|100%| O|  |TAMS 0x00000000ff000000| PB 0x00000000ff000000| Untracked 
|2033|0x00000000ff100000, 0x00000000ff200000, 0x00000000ff200000|100%| O|  |TAMS 0x00000000ff100000| PB 0x00000000ff100000| Untracked 
|2034|0x00000000ff200000, 0x00000000ff300000, 0x00000000ff300000|100%| O|  |TAMS 0x00000000ff200000| PB 0x00000000ff200000| Untracked 
|2035|0x00000000ff300000, 0x00000000ff300000, 0x00000000ff400000|  0%| F|  |TAMS 0x00000000ff300000| PB 0x00000000ff300000| Untracked 
|2036|0x00000000ff400000, 0x00000000ff400000, 0x00000000ff500000|  0%| F|  |TAMS 0x00000000ff400000| PB 0x00000000ff400000| Untracked 
|2037|0x00000000ff500000, 0x00000000ff600000, 0x00000000ff600000|100%| O|  |TAMS 0x00000000ff500000| PB 0x00000000ff500000| Untracked 
|2038|0x00000000ff600000, 0x00000000ff600000, 0x00000000ff700000|  0%| F|  |TAMS 0x00000000ff600000| PB 0x00000000ff600000| Untracked 
|2039|0x00000000ff700000, 0x00000000ff700000, 0x00000000ff800000|  0%| F|  |TAMS 0x00000000ff700000| PB 0x00000000ff700000| Untracked 
|2040|0x00000000ff800000, 0x00000000ff800000, 0x00000000ff900000|  0%| F|  |TAMS 0x00000000ff800000| PB 0x00000000ff800000| Untracked 
|2041|0x00000000ff900000, 0x00000000ff900000, 0x00000000ffa00000|  0%| F|  |TAMS 0x00000000ff900000| PB 0x00000000ff900000| Untracked 
|2042|0x00000000ffa00000, 0x00000000ffa00000, 0x00000000ffb00000|  0%| F|  |TAMS 0x00000000ffa00000| PB 0x00000000ffa00000| Untracked 
|2043|0x00000000ffb00000, 0x00000000ffc00000, 0x00000000ffc00000|100%| O|  |TAMS 0x00000000ffb00000| PB 0x00000000ffb00000| Untracked 
|2044|0x00000000ffc00000, 0x00000000ffd00000, 0x00000000ffd00000|100%| O|  |TAMS 0x00000000ffc00000| PB 0x00000000ffc00000| Untracked 
|2045|0x00000000ffd00000, 0x00000000ffd00000, 0x00000000ffe00000|  0%| F|  |TAMS 0x00000000ffd00000| PB 0x00000000ffd00000| Untracked 
|2046|0x00000000ffe00000, 0x00000000ffe00000, 0x00000000fff00000|  0%| F|  |TAMS 0x00000000ffe00000| PB 0x00000000ffe00000| Untracked 
|2047|0x00000000fff00000, 0x0000000100000000, 0x0000000100000000|100%| O|  |TAMS 0x00000000fff00000| PB 0x00000000fff00000| Untracked 

Card table byte_map: [0x000001ecada10000,0x000001ecade10000] _byte_map_base: 0x000001ecad610000

Marking Bits: (CMBitMap*) 0x000001ec98a09de0
 Bits: [0x000001ecade10000, 0x000001ecafe10000)

Polling page: 0x000001ec98300000

Metaspace:

Usage:
  Non-class:    126.06 MB used.
      Class:     20.29 MB used.
       Both:    146.35 MB used.

Virtual space:
  Non-class space:      128.00 MB reserved,     127.38 MB (>99%) committed,  2 nodes.
      Class space:        1.00 GB reserved,      21.50 MB (  2%) committed,  1 nodes.
             Both:        1.12 GB reserved,     148.88 MB ( 13%) committed. 

Chunk freelists:
   Non-Class:  352.00 KB
       Class:  10.47 MB
        Both:  10.81 MB

MaxMetaspaceSize: unlimited
CompressedClassSpaceSize: 1.00 GB
Initial GC threshold: 21.00 MB
Current GC threshold: 246.38 MB
CDS: off
 - commit_granule_bytes: 65536.
 - commit_granule_words: 8192.
 - virtual_space_node_default_size: 8388608.
 - enlarge_chunks_in_place: 1.
 - use_allocation_guard: 0.


Internal statistics:

num_allocs_failed_limit: 11.
num_arena_births: 4968.
num_arena_deaths: 8.
num_vsnodes_births: 3.
num_vsnodes_deaths: 0.
num_space_committed: 2380.
num_space_uncommitted: 0.
num_chunks_returned_to_freelist: 23.
num_chunks_taken_from_freelist: 11409.
num_chunk_merges: 12.
num_chunk_splits: 7506.
num_chunks_enlarged: 4837.
num_inconsistent_stats: 0.

CodeHeap 'non-profiled nmethods': size=119168Kb used=15401Kb max_used=15690Kb free=103766Kb
 bounds [0x000001eca4ca0000, 0x000001eca5c00000, 0x000001ecac100000]
CodeHeap 'profiled nmethods': size=119104Kb used=34611Kb max_used=36577Kb free=84492Kb
 bounds [0x000001ec9d100000, 0x000001ec9f4c0000, 0x000001eca4550000]
CodeHeap 'non-nmethods': size=7488Kb used=3797Kb max_used=3879Kb free=3690Kb
 bounds [0x000001eca4550000, 0x000001eca4930000, 0x000001eca4ca0000]
CodeCache: size=245760Kb, used=53809Kb, max_used=56146Kb, free=191948Kb
 total_blobs=18735, nmethods=17758, adapters=876, full_count=0
Compilation: enabled, stopped_count=0, restarted_count=0

Compilation events (20 events):
Event: 16.691 Thread 0x000001ecb811ad60 24554   !   4       java.lang.Thread::blockedOn (27 bytes)
Event: 16.691 Thread 0x000001ecb37e1b50 nmethod 24766 0x000001ec9db2d010 code [0x000001ec9db2d1e0, 0x000001ec9db2d420]
Event: 16.691 Thread 0x000001ecb37c1490 24767       2       com.android.tools.r8.internal.wm0::a (1 bytes)
Event: 16.691 Thread 0x000001ecb37c1490 nmethod 24767 0x000001ec9db2c010 code [0x000001ec9db2c1a0, 0x000001ec9db2c2a8]
Event: 16.692 Thread 0x000001ecb811ad60 nmethod 24554 0x000001eca5ad1a90 code [0x000001eca5ad1c20, 0x000001eca5ad1ef8]
Event: 16.692 Thread 0x000001ecb811ad60 24691       4       com.android.tools.r8.internal.iq0::a (1 bytes)
Event: 16.692 Thread 0x000001ecb811ad60 nmethod 24691 0x000001eca5ab6f90 code [0x000001eca5ab7120, 0x000001eca5ab71a8]
Event: 16.692 Thread 0x000001ecb811ad60 24561       4       com.android.tools.r8.internal.jj4::a (60 bytes)
Event: 16.692 Thread 0x000001ecb37e1b50 24769   !   2       com.google.common.io.ByteSource::isEmpty (87 bytes)
Event: 16.692 Thread 0x000001ecb37e2610 24770       3       com.android.tools.build.apkzlib.zip.ZipField::verify (77 bytes)
Event: 16.693 Thread 0x000001ecb37e1b50 nmethod 24769 0x000001ec9df40d90 code [0x000001ec9df41000, 0x000001ec9df41688]
Event: 16.693 Thread 0x000001ecb37e2610 nmethod 24770 0x000001ec9d37a810 code [0x000001ec9d37ab00, 0x000001ec9d37bb10]
Event: 16.693 Thread 0x000001ecbb0bde80 nmethod 24426 0x000001eca5a4e490 code [0x000001eca5a4f180, 0x000001eca5a5aa90]
Event: 16.694 Thread 0x000001ecbb0bde80 24771       4       com.android.tools.r8.graph.i2::a (319 bytes)
Event: 16.694 Thread 0x000001ecb37c1490 24772       1       com.android.builder.merge.LazyIncrementalFileMergerInput::getName (5 bytes)
Event: 16.694 Thread 0x000001ecb37c1490 nmethod 24772 0x000001eca57fdf10 code [0x000001eca57fe0a0, 0x000001eca57fe168]
Event: 16.694 Thread 0x000001ecbb0bca10 nmethod 24763% 0x000001eca5893590 code [0x000001eca58937a0, 0x000001eca58941c0]
Event: 16.694 Thread 0x000001ecbb0bca10 24628       4       com.android.tools.r8.dex.j::a (131 bytes)
Event: 16.695 Thread 0x000001ecb37c1490 24773       2       java.util.jar.JarFile$JarFileEntry::realEntry (67 bytes)
Event: 16.695 Thread 0x000001ecb37c1490 nmethod 24773 0x000001ec9f1f3a90 code [0x000001ec9f1f3c60, 0x000001ec9f1f4000]

GC Heap History (20 events):
Event: 14.790 GC heap after
{Heap after GC invocations=71 (full 0):
 garbage-first heap   total 296960K, used 169568K [0x0000000080000000, 0x0000000100000000)
  region size 1024K, 8 young (8192K), 8 survivors (8192K)
 Metaspace       used 142799K, committed 145280K, reserved 1179648K
  class space    used 19813K, committed 20992K, reserved 1048576K
}
Event: 14.962 GC heap before
{Heap before GC invocations=71 (full 0):
 garbage-first heap   total 296960K, used 281184K [0x0000000080000000, 0x0000000100000000)
  region size 1024K, 117 young (119808K), 8 survivors (8192K)
 Metaspace       used 142803K, committed 145280K, reserved 1179648K
  class space    used 19813K, committed 20992K, reserved 1048576K
}
Event: 14.965 GC heap after
{Heap after GC invocations=72 (full 0):
 garbage-first heap   total 296960K, used 166967K [0x0000000080000000, 0x0000000100000000)
  region size 1024K, 8 young (8192K), 8 survivors (8192K)
 Metaspace       used 142803K, committed 145280K, reserved 1179648K
  class space    used 19813K, committed 20992K, reserved 1048576K
}
Event: 15.171 GC heap before
{Heap before GC invocations=72 (full 0):
 garbage-first heap   total 296960K, used 280631K [0x0000000080000000, 0x0000000100000000)
  region size 1024K, 119 young (121856K), 8 survivors (8192K)
 Metaspace       used 143015K, committed 145536K, reserved 1179648K
  class space    used 19846K, committed 21056K, reserved 1048576K
}
Event: 15.174 GC heap after
{Heap after GC invocations=73 (full 0):
 garbage-first heap   total 296960K, used 167673K [0x0000000080000000, 0x0000000100000000)
  region size 1024K, 8 young (8192K), 8 survivors (8192K)
 Metaspace       used 143015K, committed 145536K, reserved 1179648K
  class space    used 19846K, committed 21056K, reserved 1048576K
}
Event: 15.841 GC heap before
{Heap before GC invocations=74 (full 0):
 garbage-first heap   total 296960K, used 293625K [0x0000000080000000, 0x0000000100000000)
  region size 1024K, 119 young (121856K), 8 survivors (8192K)
 Metaspace       used 146054K, committed 148544K, reserved 1179648K
  class space    used 20278K, committed 21504K, reserved 1048576K
}
Event: 15.846 GC heap after
{Heap after GC invocations=75 (full 0):
 garbage-first heap   total 304128K, used 172497K [0x0000000080000000, 0x0000000100000000)
  region size 1024K, 8 young (8192K), 8 survivors (8192K)
 Metaspace       used 146054K, committed 148544K, reserved 1179648K
  class space    used 20278K, committed 21504K, reserved 1048576K
}
Event: 15.936 GC heap before
{Heap before GC invocations=75 (full 0):
 garbage-first heap   total 310272K, used 307665K [0x0000000080000000, 0x0000000100000000)
  region size 1024K, 110 young (112640K), 8 survivors (8192K)
 Metaspace       used 146611K, committed 149120K, reserved 1179648K
  class space    used 20356K, committed 21568K, reserved 1048576K
}
Event: 15.942 GC heap after
{Heap after GC invocations=76 (full 0):
 garbage-first heap   total 324608K, used 189497K [0x0000000080000000, 0x0000000100000000)
  region size 1024K, 14 young (14336K), 14 survivors (14336K)
 Metaspace       used 146611K, committed 149120K, reserved 1179648K
  class space    used 20356K, committed 21568K, reserved 1048576K
}
Event: 16.090 GC heap before
{Heap before GC invocations=76 (full 0):
 garbage-first heap   total 324608K, used 256057K [0x0000000080000000, 0x0000000100000000)
  region size 1024K, 81 young (82944K), 14 survivors (14336K)
 Metaspace       used 146726K, committed 149248K, reserved 1179648K
  class space    used 20367K, committed 21568K, reserved 1048576K
}
Event: 16.096 GC heap after
{Heap after GC invocations=77 (full 0):
 garbage-first heap   total 324608K, used 200484K [0x0000000080000000, 0x0000000100000000)
  region size 1024K, 16 young (16384K), 16 survivors (16384K)
 Metaspace       used 146726K, committed 149248K, reserved 1179648K
  class space    used 20367K, committed 21568K, reserved 1048576K
}
Event: 16.245 GC heap before
{Heap before GC invocations=78 (full 0):
 garbage-first heap   total 334848K, used 299812K [0x0000000080000000, 0x0000000100000000)
  region size 1024K, 113 young (115712K), 16 survivors (16384K)
 Metaspace       used 147504K, committed 150016K, reserved 1179648K
  class space    used 20480K, committed 21696K, reserved 1048576K
}
Event: 16.254 GC heap after
{Heap after GC invocations=79 (full 0):
 garbage-first heap   total 334848K, used 216871K [0x0000000080000000, 0x0000000100000000)
  region size 1024K, 15 young (15360K), 15 survivors (15360K)
 Metaspace       used 147504K, committed 150016K, reserved 1179648K
  class space    used 20480K, committed 21696K, reserved 1048576K
}
Event: 16.282 GC heap before
{Heap before GC invocations=79 (full 0):
 garbage-first heap   total 334848K, used 304935K [0x0000000080000000, 0x0000000100000000)
  region size 1024K, 102 young (104448K), 15 survivors (15360K)
 Metaspace       used 147614K, committed 150080K, reserved 1179648K
  class space    used 20500K, committed 21696K, reserved 1048576K
}
Event: 16.289 GC heap after
{Heap after GC invocations=80 (full 0):
 garbage-first heap   total 334848K, used 223786K [0x0000000080000000, 0x0000000100000000)
  region size 1024K, 10 young (10240K), 10 survivors (10240K)
 Metaspace       used 147614K, committed 150080K, reserved 1179648K
  class space    used 20500K, committed 21696K, reserved 1048576K
}
Event: 16.379 GC heap before
{Heap before GC invocations=80 (full 0):
 garbage-first heap   total 334848K, used 297514K [0x0000000080000000, 0x0000000100000000)
  region size 1024K, 84 young (86016K), 10 survivors (10240K)
 Metaspace       used 148732K, committed 151232K, reserved 1179648K
  class space    used 20639K, committed 21824K, reserved 1048576K
}
Event: 16.391 GC heap after
{Heap after GC invocations=81 (full 0):
 garbage-first heap   total 342016K, used 255595K [0x0000000080000000, 0x0000000100000000)
  region size 1024K, 12 young (12288K), 12 survivors (12288K)
 Metaspace       used 148732K, committed 151232K, reserved 1179648K
  class space    used 20639K, committed 21824K, reserved 1048576K
}
Event: 16.547 GC heap before
{Heap before GC invocations=82 (full 0):
 garbage-first heap   total 409600K, used 297579K [0x0000000080000000, 0x0000000100000000)
  region size 1024K, 64 young (65536K), 12 survivors (12288K)
 Metaspace       used 148880K, committed 151360K, reserved 1179648K
  class space    used 20645K, committed 21824K, reserved 1048576K
}
Event: 16.554 GC heap after
{Heap after GC invocations=83 (full 0):
 garbage-first heap   total 409600K, used 254737K [0x0000000080000000, 0x0000000100000000)
  region size 1024K, 8 young (8192K), 8 survivors (8192K)
 Metaspace       used 148880K, committed 151360K, reserved 1179648K
  class space    used 20645K, committed 21824K, reserved 1048576K
}
Event: 16.696 GC heap before
{Heap before GC invocations=83 (full 0):
 garbage-first heap   total 409600K, used 344849K [0x0000000080000000, 0x0000000100000000)
  region size 1024K, 97 young (99328K), 8 survivors (8192K)
 Metaspace       used 149857K, committed 152448K, reserved 1179648K
  class space    used 20771K, committed 22016K, reserved 1048576K
}

Dll operation events (3 events):
Event: 0.006 Loaded shared library D:\Android Studio\jbr\bin\java.dll
Event: 0.010 Loaded shared library D:\Android Studio\jbr\bin\zip.dll
Event: 0.347 Loaded shared library D:\Android Studio\jbr\bin\verify.dll

Deoptimization events (20 events):
Event: 16.675 Thread 0x000001ecba143a50 Uncommon trap: trap_request=0xffffffde fr.pc=0x000001eca536e5f8 relative=0x00000000000003f8
Event: 16.675 Thread 0x000001ecba143a50 Uncommon trap: reason=class_check action=maybe_recompile pc=0x000001eca536e5f8 method=java.util.regex.Pattern$NotBehind.match(Ljava/util/regex/Matcher;ILjava/lang/CharSequence;)Z @ 125 c2
Event: 16.675 Thread 0x000001ecba143a50 DEOPT PACKING pc=0x000001eca536e5f8 sp=0x0000006a909f7f00
Event: 16.675 Thread 0x000001ecba143a50 DEOPT UNPACKING pc=0x000001eca45a43a2 sp=0x0000006a909f7e78 mode 2
Event: 16.675 Thread 0x000001ecba143a50 Uncommon trap: trap_request=0xffffffde fr.pc=0x000001eca536e5f8 relative=0x00000000000003f8
Event: 16.675 Thread 0x000001ecba143a50 Uncommon trap: reason=class_check action=maybe_recompile pc=0x000001eca536e5f8 method=java.util.regex.Pattern$NotBehind.match(Ljava/util/regex/Matcher;ILjava/lang/CharSequence;)Z @ 125 c2
Event: 16.675 Thread 0x000001ecba143a50 DEOPT PACKING pc=0x000001eca536e5f8 sp=0x0000006a909f7f00
Event: 16.675 Thread 0x000001ecba143a50 DEOPT UNPACKING pc=0x000001eca45a43a2 sp=0x0000006a909f7e78 mode 2
Event: 16.675 Thread 0x000001ecba143a50 Uncommon trap: trap_request=0xffffffde fr.pc=0x000001eca536e5f8 relative=0x00000000000003f8
Event: 16.675 Thread 0x000001ecba143a50 Uncommon trap: reason=class_check action=maybe_recompile pc=0x000001eca536e5f8 method=java.util.regex.Pattern$NotBehind.match(Ljava/util/regex/Matcher;ILjava/lang/CharSequence;)Z @ 125 c2
Event: 16.675 Thread 0x000001ecba143a50 DEOPT PACKING pc=0x000001eca536e5f8 sp=0x0000006a909f7f00
Event: 16.675 Thread 0x000001ecba143a50 DEOPT UNPACKING pc=0x000001eca45a43a2 sp=0x0000006a909f7e78 mode 2
Event: 16.689 Thread 0x000001ecb9824270 DEOPT PACKING pc=0x000001ec9d4cea9a sp=0x0000006a95dfd470
Event: 16.689 Thread 0x000001ecb9824270 DEOPT UNPACKING pc=0x000001eca45a4b42 sp=0x0000006a95dfc990 mode 0
Event: 16.692 Thread 0x000001ecbb1b3b30 Uncommon trap: trap_request=0xffffff45 fr.pc=0x000001eca57fe790 relative=0x0000000000000370
Event: 16.692 Thread 0x000001ecbb1b3b30 Uncommon trap: reason=unstable_if action=reinterpret pc=0x000001eca57fe790 method=com.android.tools.build.apkzlib.zip.ZipField.verify(Ljava/nio/ByteBuffer;JLcom/android/tools/build/apkzlib/zip/VerifyLog;)V @ 16 c2
Event: 16.692 Thread 0x000001ecbb1b3b30 DEOPT PACKING pc=0x000001eca57fe790 sp=0x0000006a853fd7a0
Event: 16.692 Thread 0x000001ecbb1b3b30 DEOPT UNPACKING pc=0x000001eca45a43a2 sp=0x0000006a853fd730 mode 2
Event: 16.693 Thread 0x000001ecb9824270 DEOPT PACKING pc=0x000001ec9d4cea9a sp=0x0000006a95dfd470
Event: 16.693 Thread 0x000001ecb9824270 DEOPT UNPACKING pc=0x000001eca45a4b42 sp=0x0000006a95dfc990 mode 0

Classes loaded (20 events):
Event: 16.639 Loading class sun/util/locale/provider/DateFormatProviderImpl
Event: 16.639 Loading class sun/util/locale/provider/DateFormatProviderImpl done
Event: 16.647 Loading class sun/util/locale/provider/JRELocaleProviderAdapter$AvailableJRELocales
Event: 16.647 Loading class sun/util/locale/provider/JRELocaleProviderAdapter$AvailableJRELocales done
Event: 16.648 Loading class sun/util/locale/provider/CurrencyNameProviderImpl
Event: 16.648 Loading class sun/util/locale/provider/CurrencyNameProviderImpl done
Event: 16.651 Loading class sun/util/locale/provider/LocaleNameProviderImpl
Event: 16.651 Loading class sun/util/locale/provider/LocaleNameProviderImpl done
Event: 16.659 Loading class java/text/ParsePosition
Event: 16.659 Loading class java/text/ParsePosition done
Event: 16.659 Loading class java/text/CalendarBuilder
Event: 16.659 Loading class java/text/CalendarBuilder done
Event: 16.691 Loading class java/security/NoSuchProviderException
Event: 16.691 Loading class java/security/NoSuchProviderException done
Event: 16.692 Loading class java/security/spec/InvalidKeySpecException
Event: 16.692 Loading class java/security/spec/InvalidKeySpecException done
Event: 16.694 Loading class java/util/stream/ReferencePipeline$15
Event: 16.694 Loading class java/util/stream/ReferencePipeline$15 done
Event: 16.694 Loading class java/util/stream/ReferencePipeline$15$1
Event: 16.694 Loading class java/util/stream/ReferencePipeline$15$1 done

Classes unloaded (4 events):
Event: 16.434 Thread 0x000001ecb3516580 Unloading class 0x0000000101539000 'java/lang/invoke/LambdaForm$DMH+0x0000000101539000'
Event: 16.434 Thread 0x000001ecb3516580 Unloading class 0x0000000101538c00 'java/lang/invoke/LambdaForm$DMH+0x0000000101538c00'
Event: 16.434 Thread 0x000001ecb3516580 Unloading class 0x0000000101538400 'java/lang/invoke/LambdaForm$DMH+0x0000000101538400'
Event: 16.434 Thread 0x000001ecb3516580 Unloading class 0x0000000101538000 'java/lang/invoke/LambdaForm$DMH+0x0000000101538000'

Classes redefined (0 events):
No events

Internal exceptions (20 events):
Event: 16.685 Thread 0x000001ecba143a50 Exception <a 'sun/nio/fs/WindowsException'{0x0000000092726848}> (0x0000000092726848) 
thrown [s\src\hotspot\share\prims\jni.cpp, line 537]
Event: 16.686 Thread 0x000001ecba143a50 Exception <a 'sun/nio/fs/WindowsException'{0x000000009279a518}> (0x000000009279a518) 
thrown [s\src\hotspot\share\prims\jni.cpp, line 537]
Event: 16.687 Thread 0x000001ecba143a50 Exception <a 'sun/nio/fs/WindowsException'{0x00000000927e73b0}> (0x00000000927e73b0) 
thrown [s\src\hotspot\share\prims\jni.cpp, line 537]
Event: 16.687 Thread 0x000001ecba143a50 Exception <a 'sun/nio/fs/WindowsException'{0x000000009265c350}> (0x000000009265c350) 
thrown [s\src\hotspot\share\prims\jni.cpp, line 537]
Event: 16.688 Thread 0x000001ecba143a50 Exception <a 'sun/nio/fs/WindowsException'{0x00000000926e0900}> (0x00000000926e0900) 
thrown [s\src\hotspot\share\prims\jni.cpp, line 537]
Event: 16.688 Thread 0x000001ecba143a50 Exception <a 'sun/nio/fs/WindowsException'{0x00000000926ed5b0}> (0x00000000926ed5b0) 
thrown [s\src\hotspot\share\prims\jni.cpp, line 537]
Event: 16.690 Thread 0x000001ecba143a50 Exception <a 'sun/nio/fs/WindowsException'{0x00000000926fb3c0}> (0x00000000926fb3c0) 
thrown [s\src\hotspot\share\prims\jni.cpp, line 537]
Event: 16.690 Thread 0x000001ecba143a50 Exception <a 'sun/nio/fs/WindowsException'{0x000000009258e4f8}> (0x000000009258e4f8) 
thrown [s\src\hotspot\share\prims\jni.cpp, line 537]
Event: 16.691 Thread 0x000001ecba143a50 Exception <a 'sun/nio/fs/WindowsException'{0x000000009242ace8}> (0x000000009242ace8) 
thrown [s\src\hotspot\share\prims\jni.cpp, line 537]
Event: 16.692 Thread 0x000001ecba143a50 Exception <a 'sun/nio/fs/WindowsException'{0x00000000924928c0}> (0x00000000924928c0) 
thrown [s\src\hotspot\share\prims\jni.cpp, line 537]
Event: 16.692 Thread 0x000001ecba143a50 Exception <a 'sun/nio/fs/WindowsException'{0x000000009249c670}> (0x000000009249c670) 
thrown [s\src\hotspot\share\prims\jni.cpp, line 537]
Event: 16.693 Thread 0x000001ecba143a50 Exception <a 'sun/nio/fs/WindowsException'{0x00000000924a5ef0}> (0x00000000924a5ef0) 
thrown [s\src\hotspot\share\prims\jni.cpp, line 537]
Event: 16.693 Thread 0x000001ecba143a50 Exception <a 'sun/nio/fs/WindowsException'{0x00000000923157d0}> (0x00000000923157d0) 
thrown [s\src\hotspot\share\prims\jni.cpp, line 537]
Event: 16.693 Thread 0x000001ecbb1b3b30 Exception <a 'sun/nio/fs/WindowsException'{0x00000000924fb038}> (0x00000000924fb038) 
thrown [s\src\hotspot\share\prims\jni.cpp, line 537]
Event: 16.694 Thread 0x000001ecba143a50 Exception <a 'sun/nio/fs/WindowsException'{0x0000000092321290}> (0x0000000092321290) 
thrown [s\src\hotspot\share\prims\jni.cpp, line 537]
Event: 16.694 Thread 0x000001ecba143a50 Exception <a 'sun/nio/fs/WindowsException'{0x00000000923993b0}> (0x00000000923993b0) 
thrown [s\src\hotspot\share\prims\jni.cpp, line 537]
Event: 16.694 Thread 0x000001ecbb1b3b30 Exception <a 'sun/nio/fs/WindowsException'{0x0000000092336e08}> (0x0000000092336e08) 
thrown [s\src\hotspot\share\prims\jni.cpp, line 537]
Event: 16.695 Thread 0x000001ecba143a50 Exception <a 'sun/nio/fs/WindowsException'{0x00000000923a3eb0}> (0x00000000923a3eb0) 
thrown [s\src\hotspot\share\prims\jni.cpp, line 537]
Event: 16.695 Thread 0x000001ecbb1b3b30 Exception <a 'sun/nio/fs/WindowsException'{0x000000009233de08}> (0x000000009233de08) 
thrown [s\src\hotspot\share\prims\jni.cpp, line 537]
Event: 16.695 Thread 0x000001ecba143a50 Exception <a 'sun/nio/fs/WindowsException'{0x00000000923ae120}> (0x00000000923ae120) 
thrown [s\src\hotspot\share\prims\jni.cpp, line 537]

ZGC Phase Switch (0 events):
No events

VM Operations (20 events):
Event: 16.200 Executing non-safepoint VM operation: HandshakeAllThreads (Deoptimize) done
Event: 16.203 Executing non-safepoint VM operation: HandshakeAllThreads (Deoptimize)
Event: 16.203 Executing non-safepoint VM operation: HandshakeAllThreads (Deoptimize) done
Event: 16.236 Executing non-safepoint VM operation: HandshakeAllThreads (Deoptimize)
Event: 16.237 Executing non-safepoint VM operation: HandshakeAllThreads (Deoptimize) done
Event: 16.245 Executing safepoint VM operation: G1CollectForAllocation (G1 Evacuation Pause)
Event: 16.254 Executing safepoint VM operation: G1CollectForAllocation (G1 Evacuation Pause) done
Event: 16.282 Executing safepoint VM operation: G1CollectForAllocation (G1 Evacuation Pause)
Event: 16.289 Executing safepoint VM operation: G1CollectForAllocation (G1 Evacuation Pause) done
Event: 16.308 Executing non-safepoint VM operation: HandshakeAllThreads (Deoptimize)
Event: 16.309 Executing non-safepoint VM operation: HandshakeAllThreads (Deoptimize) done
Event: 16.379 Executing safepoint VM operation: G1TryInitiateConcMark (G1 Humongous Allocation)
Event: 16.391 Executing safepoint VM operation: G1TryInitiateConcMark (G1 Humongous Allocation) done
Event: 16.433 Executing safepoint VM operation: G1PauseRemark
Event: 16.449 Executing safepoint VM operation: G1PauseRemark done
Event: 16.493 Executing safepoint VM operation: G1PauseCleanup
Event: 16.494 Executing safepoint VM operation: G1PauseCleanup done
Event: 16.547 Executing safepoint VM operation: G1CollectForAllocation (G1 Evacuation Pause)
Event: 16.554 Executing safepoint VM operation: G1CollectForAllocation (G1 Evacuation Pause) done
Event: 16.695 Executing safepoint VM operation: G1CollectForAllocation (G1 Evacuation Pause)

Memory protections (0 events):
No events

Nmethod flushes (20 events):
Event: 16.448 Thread 0x000001ecb3516580 flushing  nmethod 0x000001ec9dc52a10
Event: 16.448 Thread 0x000001ecb3516580 flushing  nmethod 0x000001ec9dc52d90
Event: 16.448 Thread 0x000001ecb3516580 flushing  nmethod 0x000001ec9dc53110
Event: 16.448 Thread 0x000001ecb3516580 flushing  nmethod 0x000001ec9dc53910
Event: 16.448 Thread 0x000001ecb3516580 flushing  nmethod 0x000001ec9dc53f10
Event: 16.448 Thread 0x000001ecb3516580 flushing  nmethod 0x000001ec9dc54410
Event: 16.448 Thread 0x000001ecb3516580 flushing  nmethod 0x000001ec9de09290
Event: 16.448 Thread 0x000001ecb3516580 flushing  nmethod 0x000001ec9ded7910
Event: 16.448 Thread 0x000001ecb3516580 flushing  nmethod 0x000001ec9dedd410
Event: 16.448 Thread 0x000001ecb3516580 flushing  nmethod 0x000001ec9df8ef90
Event: 16.448 Thread 0x000001ecb3516580 flushing  nmethod 0x000001ec9df8f610
Event: 16.448 Thread 0x000001ecb3516580 flushing  nmethod 0x000001ec9e5ee810
Event: 16.448 Thread 0x000001ecb3516580 flushing  nmethod 0x000001ec9e866410
Event: 16.448 Thread 0x000001ecb3516580 flushing  nmethod 0x000001ec9e96e110
Event: 16.448 Thread 0x000001ecb3516580 flushing  nmethod 0x000001ec9e96f510
Event: 16.448 Thread 0x000001ecb3516580 flushing  nmethod 0x000001ec9e96fd90
Event: 16.448 Thread 0x000001ecb3516580 flushing  nmethod 0x000001ec9ec35310
Event: 16.448 Thread 0x000001ecb3516580 flushing  nmethod 0x000001ec9f452690
Event: 16.448 Thread 0x000001ecb3516580 flushing  nmethod 0x000001ec9f452a10
Event: 16.448 Thread 0x000001ecb3516580 flushing  nmethod 0x000001ec9f452f90

Events (20 events):
Event: 16.192 Thread 0x000001ecbb1cbe60 Thread added: 0x000001ecbb1c9d90
Event: 16.201 Thread 0x000001ecba13de70 Thread added: 0x000001ecbb1c9070
Event: 16.209 Thread 0x000001ecba143a50 Thread added: 0x000001ecbb1cc4f0
Event: 16.212 Thread 0x000001ecbb1b2e10 Thread added: 0x000001ecbb1ccb80
Event: 16.214 Thread 0x000001ecbb1b2e10 Thread added: 0x000001ecbb1ce5c0
Event: 16.215 Thread 0x000001ecbb1b2e10 Thread added: 0x000001ecbb1d0000
Event: 16.217 Thread 0x000001ecbb1b2e10 Thread added: 0x000001ecbb1d0690
Event: 16.219 Thread 0x000001ecbb1b2e10 Thread added: 0x000001ecbb1cf970
Event: 16.220 Thread 0x000001ecbb1b2e10 Thread added: 0x000001ecbb1cd210
Event: 16.223 Thread 0x000001ecbb1b2e10 Thread added: 0x000001ecbb1d0d20
Event: 16.224 Thread 0x000001ecbb1b2e10 Thread added: 0x000001ecbb1cd8a0
Event: 16.226 Thread 0x000001ecbb1b2e10 Thread added: 0x000001ecbb1d13b0
Event: 16.227 Thread 0x000001ecbb1b2e10 Thread added: 0x000001ecbb1cdf30
Event: 16.229 Thread 0x000001ecbb1b2e10 Thread added: 0x000001ecbb1d1a40
Event: 16.231 Thread 0x000001ecbb1b2e10 Thread added: 0x000001ecbb1cec50
Event: 16.234 Thread 0x000001ecbb1b2e10 Thread added: 0x000001ecbb1cf2e0
Event: 16.235 Thread 0x000001ecbb1b2e10 Thread added: 0x000001ecbb1d20d0
Event: 16.237 Thread 0x000001ecbb1b2e10 Thread added: 0x000001ecc5c3b8c0
Event: 16.239 Thread 0x000001ecbb1b2e10 Thread added: 0x000001ecc5c3b230
Event: 16.239 Thread 0x000001ecbb1b2e10 Thread added: 0x000001ecc5c3bf50


Dynamic libraries:
0x00007ff62a7f0000 - 0x00007ff62a7fa000 	D:\Android Studio\jbr\bin\java.exe
0x00007ff9ffe60000 - 0x00007ffa000c7000 	C:\Windows\SYSTEM32\ntdll.dll
0x00007ff9fe990000 - 0x00007ff9fea59000 	C:\Windows\System32\KERNEL32.DLL
0x00007ff9fd330000 - 0x00007ff9fd727000 	C:\Windows\System32\KERNELBASE.dll
0x00007ff9fd820000 - 0x00007ff9fd96b000 	C:\Windows\System32\ucrtbase.dll
0x00007ff9d9d10000 - 0x00007ff9d9d28000 	D:\Android Studio\jbr\bin\jli.dll
0x00007ff9e0ab0000 - 0x00007ff9e0acb000 	D:\Android Studio\jbr\bin\VCRUNTIME140.dll
0x00007ff9feef0000 - 0x00007ff9ff0b6000 	C:\Windows\System32\USER32.dll
0x00007ff9fd7f0000 - 0x00007ff9fd817000 	C:\Windows\System32\win32u.dll
0x00007ff9de7d0000 - 0x00007ff9dea62000 	C:\Windows\WinSxS\amd64_microsoft.windows.common-controls_6595b64144ccf1df_6.0.26100.8457_none_3e0b2faee331e92d\COMCTL32.dll
0x00007ff9fdbe0000 - 0x00007ff9fdc0b000 	C:\Windows\System32\GDI32.dll
0x00007ff9ffab0000 - 0x00007ff9ffb59000 	C:\Windows\System32\msvcrt.dll
0x00007ff9fda00000 - 0x00007ff9fdb2c000 	C:\Windows\System32\gdi32full.dll
0x00007ff9fc890000 - 0x00007ff9fc933000 	C:\Windows\System32\msvcp_win.dll
0x00007ff9ffc90000 - 0x00007ff9ffcc2000 	C:\Windows\System32\IMM32.DLL
0x00007ff9f7c60000 - 0x00007ff9f7c6c000 	D:\Android Studio\jbr\bin\vcruntime140_1.dll
0x00007ff985a50000 - 0x00007ff985add000 	D:\Android Studio\jbr\bin\msvcp140.dll
0x00007ff879da0000 - 0x00007ff87aa36000 	D:\Android Studio\jbr\bin\server\jvm.dll
0x00007ff9ffd60000 - 0x00007ff9ffe16000 	C:\Windows\System32\ADVAPI32.dll
0x00007ff9ffb90000 - 0x00007ff9ffc37000 	C:\Windows\System32\sechost.dll
0x00007ff9ff840000 - 0x00007ff9ff958000 	C:\Windows\System32\RPCRT4.dll
0x00007ff9fe390000 - 0x00007ff9fe410000 	C:\Windows\System32\WS2_32.dll
0x00007ff9fc0f0000 - 0x00007ff9fc14e000 	C:\Windows\SYSTEM32\POWRPROF.dll
0x00007ff9ed390000 - 0x00007ff9ed3c6000 	C:\Windows\SYSTEM32\WINMM.dll
0x00007ff9f5770000 - 0x00007ff9f577b000 	C:\Windows\SYSTEM32\VERSION.dll
0x00007ff9fc0d0000 - 0x00007ff9fc0e4000 	C:\Windows\SYSTEM32\UMPDC.dll
0x00007ff9fb5e0000 - 0x00007ff9fb5fb000 	C:\Windows\SYSTEM32\kernel.appcore.dll
0x00007ff9f4600000 - 0x00007ff9f460a000 	D:\Android Studio\jbr\bin\jimage.dll
0x00007ff9fa490000 - 0x00007ff9fa6d2000 	C:\Windows\SYSTEM32\DBGHELP.DLL
0x00007ff9fdef0000 - 0x00007ff9fe273000 	C:\Windows\System32\combase.dll
0x00007ff9ff960000 - 0x00007ff9ffa39000 	C:\Windows\System32\OLEAUT32.dll
0x00007ff9bdd30000 - 0x00007ff9bdd6b000 	C:\Windows\SYSTEM32\dbgcore.DLL
0x00007ff9fdb30000 - 0x00007ff9fdbd8000 	C:\Windows\System32\bcryptPrimitives.dll
0x00007ff9e1320000 - 0x00007ff9e132e000 	D:\Android Studio\jbr\bin\instrument.dll
0x00007ff9dfbc0000 - 0x00007ff9dfbe0000 	D:\Android Studio\jbr\bin\java.dll
0x00007ff9dad90000 - 0x00007ff9dada8000 	D:\Android Studio\jbr\bin\zip.dll
0x00007ff9ff0c0000 - 0x00007ff9ff82e000 	C:\Windows\System32\SHELL32.dll
0x00007ff9fcac0000 - 0x00007ff9fd32c000 	C:\Windows\System32\windows.storage.dll
0x00007ff9fdc10000 - 0x00007ff9fdd06000 	C:\Windows\System32\SHCORE.dll
0x00007ff9fe6f0000 - 0x00007ff9fe756000 	C:\Windows\System32\shlwapi.dll
0x00007ff9fc7b0000 - 0x00007ff9fc7d9000 	C:\Windows\SYSTEM32\profapi.dll
0x00007ff9f4310000 - 0x00007ff9f4320000 	D:\Android Studio\jbr\bin\net.dll
0x00007ff9f6d10000 - 0x00007ff9f6e39000 	C:\Windows\SYSTEM32\WINHTTP.dll
0x00007ff9fbb30000 - 0x00007ff9fbb9c000 	C:\Windows\system32\mswsock.dll
0x00007ff9dace0000 - 0x00007ff9dacf6000 	D:\Android Studio\jbr\bin\nio.dll
0x00007ff9e1570000 - 0x00007ff9e1580000 	D:\Android Studio\jbr\bin\verify.dll
0x00007ff9d8ff0000 - 0x00007ff9d9017000 	C:\Users\33947\.gradle\native\660c5614fbf4a5f2a75b1949f50a0caf5cd603558e7d8a26e50b933a0cfb79d1\windows-amd64\native-platform.dll
0x00007ff985070000 - 0x00007ff9850e7000 	C:\Users\33947\.gradle\native\0.2.8\x86_64-windows-gnu\gradle-fileevents.dll
0x00007ff9e6b50000 - 0x00007ff9e6b59000 	D:\Android Studio\jbr\bin\management.dll
0x00007ff9e6aa0000 - 0x00007ff9e6aab000 	D:\Android Studio\jbr\bin\management_ext.dll
0x00007ff9ffb80000 - 0x00007ff9ffb88000 	C:\Windows\System32\PSAPI.DLL
0x00007ff9fb120000 - 0x00007ff9fb152000 	C:\Windows\SYSTEM32\IPHLPAPI.DLL
0x00007ff9fe380000 - 0x00007ff9fe38a000 	C:\Windows\System32\NSI.dll
0x00007ff9e6c20000 - 0x00007ff9e6c29000 	D:\Android Studio\jbr\bin\extnet.dll
0x00007ff9fbf30000 - 0x00007ff9fbf4b000 	C:\Windows\SYSTEM32\CRYPTSP.dll
0x00007ff9fb540000 - 0x00007ff9fb579000 	C:\Windows\system32\rsaenh.dll
0x00007ff9fbbe0000 - 0x00007ff9fbc13000 	C:\Windows\SYSTEM32\USERENV.dll
0x00007ff9fc780000 - 0x00007ff9fc7aa000 	C:\Windows\SYSTEM32\bcrypt.dll
0x00007ff9fbf10000 - 0x00007ff9fbf1c000 	C:\Windows\SYSTEM32\CRYPTBASE.dll
0x00007ff9acf00000 - 0x00007ff9acf08000 	C:\Windows\system32\wshunix.dll
0x00007ff9dfbb0000 - 0x00007ff9dfbb7000 	D:\Android Studio\jbr\bin\rmi.dll

JVMTI agents:
C:\Users\33947\.gradle\wrapper\dists\gradle-9.3.1-bin\e6fpmcitnr2cbhj7h6pdk7btv\gradle-9.3.1\lib\agents\gradle-instrumentation-agent-9.3.1.jar path:D:\Android Studio\jbr\bin\instrument.dll, loaded, initialized, instrumentlib options:none

dbghelp: loaded successfully - version: 4.0.5 - missing functions: none
symbol engine: initialized successfully - sym options: 0x614 - pdb path: .;D:\Android Studio\jbr\bin;C:\Windows\SYSTEM32;C:\Windows\WinSxS\amd64_microsoft.windows.common-controls_6595b64144ccf1df_6.0.26100.8457_none_3e0b2faee331e92d;D:\Android Studio\jbr\bin\server;C:\Users\33947\.gradle\native\660c5614fbf4a5f2a75b1949f50a0caf5cd603558e7d8a26e50b933a0cfb79d1\windows-amd64;C:\Users\33947\.gradle\native\0.2.8\x86_64-windows-gnu

VM Arguments:
jvm_args: --add-opens=java.base/java.lang=ALL-UNNAMED --add-opens=java.base/java.lang.invoke=ALL-UNNAMED --add-opens=java.base/java.util=ALL-UNNAMED --add-opens=java.prefs/java.util.prefs=ALL-UNNAMED --add-exports=jdk.compiler/com.sun.tools.javac.api=ALL-UNNAMED --add-exports=jdk.compiler/com.sun.tools.javac.util=ALL-UNNAMED --add-opens=java.base/java.util=ALL-UNNAMED --add-opens=java.prefs/java.util.prefs=ALL-UNNAMED --add-opens=java.base/java.nio.charset=ALL-UNNAMED --add-opens=java.base/java.net=ALL-UNNAMED --add-opens=java.base/java.util.concurrent=ALL-UNNAMED --add-opens=java.base/java.util.concurrent.atomic=ALL-UNNAMED --add-opens=java.xml/javax.xml.namespace=ALL-UNNAMED --add-opens=java.base/java.time=ALL-UNNAMED -Xmx2048m -Dfile.encoding=UTF-8 -Duser.country=CN -Duser.language=zh -Duser.variant -javaagent:C:\Users\33947\.gradle\wrapper\dists\gradle-9.3.1-bin\e6fpmcitnr2cbhj7h6pdk7btv\gradle-9.3.1\lib\agents\gradle-instrumentation-agent-9.3.1.jar 
java_command: org.gradle.launcher.daemon.bootstrap.GradleDaemon 9.3.1
java_class_path (initial): C:\Users\33947\.gradle\wrapper\dists\gradle-9.3.1-bin\e6fpmcitnr2cbhj7h6pdk7btv\gradle-9.3.1\lib\gradle-daemon-main-9.3.1.jar
Launcher Type: SUN_STANDARD

[Global flags]
     intx CICompilerCount                          = 12                                        {product} {ergonomic}
     uint ConcGCThreads                            = 5                                         {product} {ergonomic}
     uint G1ConcRefinementThreads                  = 18                                        {product} {ergonomic}
   size_t G1HeapRegionSize                         = 1048576                                   {product} {ergonomic}
    uintx GCDrainStackTargetSize                   = 64                                        {product} {ergonomic}
   size_t InitialHeapSize                          = 257949696                                 {product} {ergonomic}
   size_t MarkStackSize                            = 4194304                                   {product} {ergonomic}
   size_t MaxHeapSize                              = 2147483648                                {product} {command line}
   size_t MaxNewSize                               = 1287651328                                {product} {ergonomic}
   size_t MinHeapDeltaBytes                        = 1048576                                   {product} {ergonomic}
   size_t MinHeapSize                              = 8388608                                   {product} {ergonomic}
    uintx NonNMethodCodeHeapSize                   = 7602480                                {pd product} {ergonomic}
    uintx NonProfiledCodeHeapSize                  = 122027880                              {pd product} {ergonomic}
     bool PerfDisableSharedMem                     = true                                      {product} {ergonomic}
    uintx ProfiledCodeHeapSize                     = 122027880                              {pd product} {ergonomic}
    uintx ReservedCodeCacheSize                    = 251658240                              {pd product} {ergonomic}
     bool SegmentedCodeCache                       = true                                      {product} {ergonomic}
   size_t SoftMaxHeapSize                          = 2147483648                             {manageable} {ergonomic}
     bool UseCompressedOops                        = true                           {product lp64_product} {ergonomic}
     bool UseG1GC                                  = true                                      {product} {ergonomic}
     bool UseLargePagesIndividualAllocation        = false                                  {pd product} {ergonomic}

Logging:
Log output configuration:
 #0: stdout all=warning uptime,level,tags foldmultilines=false
 #1: stderr all=off uptime,level,tags foldmultilines=false

Release file:
JAVA_VERSION="21.0.10" 
MODULES="java.base java.compiler java.datatransfer java.xml java.prefs java.desktop java.instrument java.logging java.management java.security.sasl java.naming java.rmi java.management.rmi java.net.http java.scripting java.security.jgss java.transaction.xa java.sql java.sql.rowset java.xml.crypto java.se java.smartcardio jdk.accessibility jdk.internal.jvmstat jdk.attach jdk.charsets jdk.internal.opt jdk.zipfs jdk.compiler jdk.crypto.ec jdk.crypto.cryptoki jdk.dynalink jdk.hotspot.agent jdk.httpserver jdk.internal.ed jdk.internal.le jdk.internal.vm.ci jdk.jartool jdk.javadoc jdk.jcmd jdk.jdeps jdk.jdwp.agent jdk.jdi jdk.jfr jdk.jlink jdk.jsobject jdk.localedata jdk.management jdk.management.agent jdk.management.jfr jdk.naming.dns jdk.naming.rmi jdk.net jdk.sctp jdk.security.auth jdk.security.jgss jdk.unsupported jdk.unsupported.desktop jdk.xml.dom" 
IMPLEMENTOR="JetBrains s.r.o." 
JAVA_RUNTIME_VERSION="21.0.10+-14961533-b1163.108" 
LIBC="default" 
OS_ARCH="x86_64" 
OS_NAME="Windows" 
SOURCE=".:git:1351622c2ff2" 

Environment Variables:
PATH=C:\Program Files (x86)\Common Files\Intel\Shared Libraries\redist\intel64\compiler;D:\python3.14\Scripts\;D:\python3.14\;C:\Users\33947\AppData\Local\Programs\Python\Python313\Scripts\;C:\Users\33947\AppData\Local\Programs\Python\Python313\;D:\python3.12\Scripts\;D:\python3.12\;C:\ProgramData\Oracle\Java\javapath;C:\Program Files\Common Files\Oracle\Java\javapath;C:\Program Files (x86)\Common Files\Oracle\Java\java8path;C:\Program Files (x86)\Common Files\Oracle\Java\javapath;C:\Windows\system32;C:\Windows;C:\Windows\System32\Wbem;C:\Windows\System32\WindowsPowerShell\v1.0\;C:\Windows\System32\OpenSSH\;C:\Program Files (x86)\NVIDIA Corporation\PhysX\Common;C:\Program Files\NVIDIA Corporation\NVIDIA App\NvDLISR;C:\Program Files\dotnet\;D:\cmake\bin;D:\msys64\mingw64\bin;D:\nodejs\;C:\ProgramData\chocolatey\bin;d:\Git\cmd;C:\Program Files\Microsoft SQL Server\170\Tools\Binn\;C:\Program Files\Microsoft SQL Server\Client SDK\ODBC\170\Tools\Binn\;C:\Program Files\Common Files\Autodesk Shared\;D:\ollama-ipex-llm-2.2.0-win;C:\Program Files (x86)\Windows Kits\10\Windows Performance Toolkit\;C:\Program Files\MySQL\MySQL Shell 8.0\bin\;C:\Users\33947\AppData\Local\Microsoft\WindowsApps;d:\ollama;D:\PyCharm 2026.1\bin;D:\IntelliJ IDEA 2026.1\bin;D:\CLion 2026.1\bin;C:\Users\33947\AppData\Roaming\npm;D:\Microsoft VS Code\bin;D:\WebStorm 2026.1.2\bin;C:\Users\33947\.dotnet\tools
USERNAME=33947
OS=Windows_NT
PROCESSOR_IDENTIFIER=Intel64 Family 6 Model 198 Stepping 2, GenuineIntel
TMP=C:\Users\33947\AppData\Local\Temp
TEMP=C:\Users\33947\AppData\Local\Temp




Periodic native trim disabled

JNI global refs:
JNI global refs: 41, weak refs: 64

JNI global refs memory usage: 835, weak refs: 1465

Process memory usage:
Resident Set Size: 930672K (5% of 16109904K total physical memory with 996960K free physical memory)

OOME stack traces (most recent first):
Classloader memory used:
Loader org.gradle.internal.classloader.VisitableURLClassLoader$InstrumentingVisitableURLClassLoader: 56524K
Loader org.gradle.internal.classloader.VisitableURLClassLoader                         : 47542K
Loader bootstrap                                                                       : 31334K
Loader org.gradle.initialization.MixInLegacyTypesClassLoader                           : 13179K
Loader jdk.internal.reflect.DelegatingClassLoader                                      : 550K
Loader jdk.internal.loader.ClassLoaders$AppClassLoader                                 : 231K
Loader jdk.internal.loader.ClassLoaders$PlatformClassLoader                            : 199K
Loader org.gradle.internal.classloader.VisitableURLClassLoader                         : 163K
Loader org.gradle.groovy.scripts.internal.DefaultScriptCompilationHandler$ScriptClassLoader: 128K
Loader sun.reflect.misc.MethodUtil                                                     : 2984B

Classes loaded by more than one classloader:
Class Program                                                                         : loaded 5 times (x 72B)
Class Build_gradle                                                                    : loaded 3 times (x 126B)
Class com.google.common.collect.RegularImmutableMap$KeySet                            : loaded 2 times (x 152B)
Class org.gradle.internal.classloader.FilteringClassLoader                            : loaded 2 times (x 105B)
Class com.google.common.base.CharMatcher$IsEither                                     : loaded 2 times (x 111B)
Class org.gradle.internal.classloader.ClassLoaderHierarchy                            : loaded 2 times (x 70B)
Class com.google.common.collect.ImmutableEnumSet                                      : loaded 2 times (x 146B)
Class com.google.common.util.concurrent.ExecutionError                                : loaded 2 times (x 82B)
Class com.google.common.collect.ImmutableList$1                                       : loaded 2 times (x 97B)
Class org.gradle.api.internal.classpath.ManifestUtil                                  : loaded 2 times (x 71B)
Class com.google.common.io.ByteArrayDataOutput                                        : loaded 2 times (x 70B)
Class com.google.common.collect.RegularImmutableMap                                   : loaded 2 times (x 121B)
Class com.google.common.collect.ImmutableMap$MapViewOfValuesAsSingletonSets           : loaded 2 times (x 126B)
Class com.google.common.reflect.TypeCapture                                           : loaded 2 times (x 71B)
Class [Lorg.objectweb.asm.Symbol;                                                     : loaded 2 times (x 69B)
Class org.objectweb.asm.ClassVisitor                                                  : loaded 2 times (x 88B)
Class com.google.common.collect.UnmodifiableListIterator                              : loaded 2 times (x 95B)
Class com.google.common.base.Platform$JdkPatternCompiler                              : loaded 2 times (x 75B)
Class org.objectweb.asm.MethodTooLargeException                                       : loaded 2 times (x 83B)
Class [Lcom.google.common.cache.CacheBuilder$OneWeigher;                              : loaded 2 times (x 69B)
Class com.google.common.base.Suppliers                                                : loaded 2 times (x 71B)
Class org.gradle.internal.classloader.DefaultClassLoaderFactory                       : loaded 2 times (x 82B)
Class com.google.common.io.ByteSource$ConcatenatedByteSource                          : loaded 2 times (x 85B)
Class org.gradle.internal.classloader.ClassLoaderVisitor                              : loaded 2 times (x 76B)
Class [Lcom.google.common.collect.ImmutableMapEntry;                                  : loaded 2 times (x 69B)
Class org.gradle.api.internal.classpath.EffectiveClassPath                            : loaded 2 times (x 90B)
Class com.google.common.collect.ListMultimap                                          : loaded 2 times (x 70B)
Class com.google.common.collect.ImmutableEnumMap                                      : loaded 2 times (x 126B)
Class com.google.common.collect.ImmutableSet$SerializedForm                           : loaded 2 times (x 73B)
Class com.google.common.collect.Sets$1                                                : loaded 2 times (x 139B)
Class org.objectweb.asm.AnnotationVisitor                                             : loaded 2 times (x 78B)
Class org.gradle.api.internal.DefaultClassPathProvider                                : loaded 2 times (x 76B)
Class com.google.common.collect.Sets$2                                                : loaded 2 times (x 139B)
Class ijJvmDebugger1_btttkr9x6it830kae6z84z3b$_run_closure1                           : loaded 2 times (x 139B)
Class [Lorg.gradle.api.internal.ClassPathProvider;                                    : loaded 2 times (x 69B)
Class org.gradle.api.internal.ClassPathProvider                                       : loaded 2 times (x 70B)
Class com.google.common.reflect.Types$ClassOwnership$1                                : loaded 2 times (x 80B)
Class [Lorg.objectweb.asm.AnnotationVisitor;                                          : loaded 2 times (x 69B)
Class com.google.common.collect.Sets$3                                                : loaded 2 times (x 139B)
Class com.google.common.cache.LocalCache$LocalLoadingCache                            : loaded 2 times (x 134B)
Class org.gradle.internal.service.UnknownServiceException                             : loaded 2 times (x 83B)
Class com.google.common.reflect.Types$ClassOwnership$2                                : loaded 2 times (x 80B)
Class com.google.common.reflect.TypeResolver                                          : loaded 2 times (x 72B)
Class com.google.common.io.ByteArrayDataInput                                         : loaded 2 times (x 70B)
Class com.google.common.collect.Sets$4                                                : loaded 2 times (x 139B)
Class org.objectweb.asm.ModuleVisitor                                                 : loaded 2 times (x 81B)
Class com.google.common.cache.LocalCache$Strength$1                                   : loaded 2 times (x 81B)
Class ijJvmDebugger1_btttkr9x6it830kae6z84z3b$_run_closure1$_closure2                 : loaded 2 times (x 140B)
Class com.google.common.reflect.Types$ClassOwnership$3                                : loaded 2 times (x 71B)
Class com.google.common.util.concurrent.SettableFuture                                : loaded 2 times (x 114B)
Class com.google.common.cache.LocalCache$Strength$2                                   : loaded 2 times (x 81B)
Class com.google.common.io.ByteStreams                                                : loaded 2 times (x 71B)
Class com.google.common.cache.LocalCache$Strength$3                                   : loaded 2 times (x 81B)
Class com.google.common.collect.MapDifference                                         : loaded 2 times (x 70B)
Class com.google.common.reflect.Invokable                                             : loaded 2 times (x 103B)
Class org.objectweb.asm.FieldWriter                                                   : loaded 2 times (x 78B)
Class com.google.common.cache.CacheBuilder$NullListener                               : loaded 2 times (x 82B)
Class org.gradle.internal.classpath.TransformedClassPath                              : loaded 2 times (x 96B)
Class org.gradle.internal.classloader.InstrumentingClassLoader                        : loaded 2 times (x 70B)
Class com.google.common.reflect.Types$ParameterizedTypeImpl                           : loaded 2 times (x 81B)
Class com.google.common.cache.CacheLoader$FunctionToCacheLoader                       : loaded 2 times (x 75B)
Class com.google.common.collect.Iterators$ArrayItr                                    : loaded 2 times (x 97B)
Class com.google.common.collect.ImmutableCollection$Builder                           : loaded 2 times (x 76B)
Class com.google.common.reflect.TypeResolver$TypeVariableKey                          : loaded 2 times (x 72B)
Class com.google.common.base.Joiner                                                   : loaded 2 times (x 79B)
Class com.google.common.base.Equivalence$Identity                                     : loaded 2 times (x 82B)
Class com.google.common.collect.Platform                                              : loaded 2 times (x 71B)
Class [Lorg.objectweb.asm.Type;                                                       : loaded 2 times (x 69B)
Class com.google.common.collect.UnmodifiableIterator                                  : loaded 2 times (x 80B)
Class org.gradle.internal.service.ServiceLocator                                      : loaded 2 times (x 70B)
Class com.google.common.base.Ascii                                                    : loaded 2 times (x 71B)
Class com.google.common.collect.SingletonImmutableBiMap                               : loaded 2 times (x 143B)
Class com.google.common.cache.LocalCache$1                                            : loaded 2 times (x 89B)
Class com.google.common.collect.Iterators$SingletonIterator                           : loaded 2 times (x 81B)
Class com.google.common.collect.AbstractMapEntry                                      : loaded 2 times (x 81B)
Class com.google.common.io.ByteSource$ByteArrayByteSource                             : loaded 2 times (x 85B)
Class com.google.common.reflect.TypeToken$SimpleTypeToken                             : loaded 2 times (x 73B)
Class com.google.common.collect.Sets$ImprovedAbstractSet                              : loaded 2 times (x 135B)
Class com.google.common.collect.ImmutableList$Builder                                 : loaded 2 times (x 77B)
Class com.google.common.collect.AbstractMultimap                                      : loaded 2 times (x 123B)
Class com.google.common.cache.LocalCache$2                                            : loaded 2 times (x 142B)
Class com.google.common.collect.RegularImmutableAsList                                : loaded 2 times (x 217B)
Class com.google.common.base.Optional                                                 : loaded 2 times (x 80B)
Class com.google.common.util.concurrent.AbstractFuture$Trusted                        : loaded 2 times (x 70B)
Class com.google.common.collect.Iterators                                             : loaded 2 times (x 71B)
Class com.google.common.collect.Lists$StringAsImmutableList                           : loaded 2 times (x 207B)
Class com.google.common.util.concurrent.UncheckedExecutionException                   : loaded 2 times (x 82B)
Class org.gradle.kotlin.dsl.VersionCatalogAccessorsKt                                 : loaded 2 times (x 71B)
Class com.google.common.collect.AbstractMapBasedMultimap$KeySet$1                     : loaded 2 times (x 82B)
Class org.objectweb.asm.ClassWriter                                                   : loaded 2 times (x 106B)
Class com.google.common.base.CharMatcher$And                                          : loaded 2 times (x 112B)
Class com.google.common.cache.CacheLoader$UnsupportedLoadingOperationException        : loaded 2 times (x 82B)
Class org.gradle.internal.classloader.ClasspathUtil$1                                 : loaded 2 times (x 76B)
Class com.google.common.base.Objects                                                  : loaded 2 times (x 71B)
Class org.objectweb.asm.FieldVisitor                                                  : loaded 2 times (x 77B)
Class com.google.common.collect.IndexedImmutableSet                                   : loaded 2 times (x 152B)
Class com.google.common.collect.ImmutableMap$1                                        : loaded 2 times (x 81B)
Class com.google.common.collect.BiMap                                                 : loaded 2 times (x 70B)
Class org.gradle.api.internal.classpath.DefaultModuleRegistry$DefaultModule           : loaded 2 times (x 86B)
Class com.google.common.base.Absent                                                   : loaded 2 times (x 80B)
Class com.google.common.reflect.Reflection                                            : loaded 2 times (x 71B)
Class com.google.common.primitives.Ints                                               : loaded 2 times (x 71B)
Class com.google.common.collect.AbstractIterator                                      : loaded 2 times (x 82B)
Class com.google.common.collect.ObjectArrays                                          : loaded 2 times (x 71B)
Class com.google.common.math.MathPreconditions                                        : loaded 2 times (x 71B)
Class com.google.common.collect.Multiset                                              : loaded 2 times (x 70B)
Class com.google.common.collect.ArrayListMultimapGwtSerializationDependencies         : loaded 2 times (x 172B)
Class com.google.common.collect.AbstractIndexedListIterator                           : loaded 2 times (x 96B)
Class com.google.common.collect.ImmutableMapEntrySet                                  : loaded 2 times (x 152B)
Class org.gradle.api.internal.classpath.Module                                        : loaded 2 times (x 70B)
Class com.google.common.cache.Weigher                                                 : loaded 2 times (x 70B)
Class org.gradle.api.internal.classpath.UnknownModuleException                        : loaded 2 times (x 82B)
Class com.google.common.base.Stopwatch                                                : loaded 2 times (x 72B)
Class com.google.common.cache.LocalCache$Strength                                     : loaded 2 times (x 81B)
Class com.google.common.cache.Cache                                                   : loaded 2 times (x 70B)
Class ijKotlinCoroutineJvmDebugInit1_6d33x7s045lq1k8k96s0faped                        : loaded 2 times (x 171B)
Class com.google.common.base.NullnessCasts                                            : loaded 2 times (x 71B)
Class com.google.common.util.concurrent.AbstractFuture$Cancellation                   : loaded 2 times (x 72B)
Class com.google.common.collect.ImmutableMap$Builder                                  : loaded 2 times (x 82B)
Class com.google.common.base.Present                                                  : loaded 2 times (x 81B)
Class com.google.common.cache.RemovalListener                                         : loaded 2 times (x 70B)
Class org.gradle.api.internal.DefaultClassPathRegistry                                : loaded 2 times (x 76B)
Class com.google.common.reflect.Invokable$ConstructorInvokable                        : loaded 2 times (x 107B)
Class com.google.common.primitives.IntsMethodsForWeb                                  : loaded 2 times (x 71B)
Class com.google.common.collect.Multimap                                              : loaded 2 times (x 70B)
Class org.gradle.api.internal.ClassPathRegistry                                       : loaded 2 times (x 70B)
Class org.gradle.internal.classpath.DefaultClassPath$ImmutableUniqueList              : loaded 2 times (x 199B)
Class com.google.common.reflect.TypeToken                                             : loaded 2 times (x 73B)
Class com.google.common.base.ExtraObjectsMethodsForWeb                                : loaded 2 times (x 71B)
Class com.google.common.base.MoreObjects                                              : loaded 2 times (x 71B)
Class com.google.common.cache.CacheBuilder                                            : loaded 2 times (x 72B)
Class com.google.common.collect.SingletonImmutableList                                : loaded 2 times (x 207B)
Class Settings_gradle$1                                                               : loaded 2 times (x 74B)
Class org.gradle.internal.classpath.ClassPath                                         : loaded 2 times (x 70B)
Class [Lcom.google.common.reflect.Types$JavaVersion;                                  : loaded 2 times (x 69B)
Class com.google.common.base.JdkPattern                                               : loaded 2 times (x 75B)
Class com.google.common.collect.ImmutableList$ReverseImmutableList                    : loaded 2 times (x 209B)
Class org.objectweb.asm.SymbolTable$Entry                                             : loaded 2 times (x 74B)
Class org.objectweb.asm.Edge                                                          : loaded 2 times (x 72B)
Class com.google.common.base.Suppliers$SupplierOfInstance                             : loaded 2 times (x 79B)
Class com.google.common.collect.Iterators$1                                           : loaded 2 times (x 81B)
Class com.google.common.reflect.TypeToken$1                                           : loaded 2 times (x 110B)
Class com.google.common.cache.LocalCache$ComputingValueReference                      : loaded 2 times (x 96B)
Class com.google.common.collect.SingletonImmutableSet                                 : loaded 2 times (x 146B)
Class com.google.common.collect.ImmutableMap$IteratorBasedImmutableMap                : loaded 2 times (x 126B)
Class com.google.common.reflect.TypeToken$2                                           : loaded 2 times (x 110B)
Class com.google.common.cache.LocalCache$Segment                                      : loaded 2 times (x 154B)
Class ijJvmDebugger1_btttkr9x6it830kae6z84z3b                                         : loaded 2 times (x 171B)
Class com.google.common.collect.AbstractListMultimap                                  : loaded 2 times (x 172B)
Class [Lorg.objectweb.asm.SymbolTable$Entry;                                          : loaded 2 times (x 69B)
Class com.google.common.cache.CacheLoader                                             : loaded 2 times (x 74B)
Class com.google.common.collect.Iterators$4                                           : loaded 2 times (x 82B)
Class com.google.common.collect.ImmutableBiMap                                        : loaded 2 times (x 143B)
Class org.gradle.api.internal.classpath.ModuleRegistry                                : loaded 2 times (x 70B)
Class org.gradle.internal.installation.GradleInstallation$1                           : loaded 2 times (x 75B)
Class com.google.common.collect.ImmutableSet$JdkBackedSetBuilderImpl                  : loaded 2 times (x 76B)
Class com.google.common.util.concurrent.internal.InternalFutureFailureAccess          : loaded 2 times (x 72B)
Class com.google.common.collect.Iterators$5                                           : loaded 2 times (x 82B)
Class com.google.common.base.CharMatcher$ForPredicate                                 : loaded 2 times (x 112B)
Class com.google.common.cache.LocalCache$LocalManualCache$1                           : loaded 2 times (x 75B)
Class com.google.common.base.CharMatcher$AnyOf                                        : loaded 2 times (x 112B)
Class com.google.common.collect.ImmutableCollection                                   : loaded 2 times (x 125B)
Class org.gradle.api.internal.classpath.DefaultModuleRegistry                         : loaded 2 times (x 86B)
Class com.google.common.collect.Lists                                                 : loaded 2 times (x 71B)
Class com.google.common.util.concurrent.ListenableFuture                              : loaded 2 times (x 70B)
Class com.google.common.cache.ReferenceEntry                                          : loaded 2 times (x 70B)
Class com.google.common.base.Converter                                                : loaded 2 times (x 90B)
Class com.google.common.collect.ImmutableSet$CachingAsList                            : loaded 2 times (x 148B)
Class com.google.common.collect.AbstractMapBasedMultimap                              : loaded 2 times (x 139B)
Class com.google.common.util.concurrent.AbstractFuture                                : loaded 2 times (x 106B)
Class com.google.common.base.FunctionalEquivalence                                    : loaded 2 times (x 83B)
Class com.google.common.collect.Iterators$9                                           : loaded 2 times (x 81B)
Class com.google.common.collect.ImmutableAsList                                       : loaded 2 times (x 209B)
Class com.google.common.reflect.TypeResolver$TypeTable                                : loaded 2 times (x 73B)
Class org.objectweb.asm.RecordComponentVisitor                                        : loaded 2 times (x 77B)
Class com.google.common.cache.CacheLoader$SupplierToCacheLoader                       : loaded 2 times (x 75B)
Class com.google.common.reflect.TypeResolver$TypeTable$1                              : loaded 2 times (x 73B)
Class com.google.common.collect.Maps$EntryTransformer                                 : loaded 2 times (x 70B)
Class org.gradle.internal.service.ServiceLookupException                              : loaded 2 times (x 82B)
Class [Lcom.google.common.cache.LocalCache$EntryFactory;                              : loaded 2 times (x 69B)
Class org.gradle.internal.classloader.ClassLoaderFactory                              : loaded 2 times (x 70B)
Class com.google.common.base.CommonPattern                                            : loaded 2 times (x 74B)
Class com.google.common.base.CharMatcher$IsNot                                        : loaded 2 times (x 111B)
Class com.google.common.cache.LocalCache$LocalManualCache                             : loaded 2 times (x 99B)
Class org.gradle.internal.service.CachingServiceLocator                               : loaded 2 times (x 82B)
Class com.google.common.collect.AbstractMapBasedMultimap$KeySet                       : loaded 2 times (x 137B)
Class com.google.common.math.IntMath                                                  : loaded 2 times (x 71B)
Class ijKotlinCoroutineJvmDebugInit1_6d33x7s045lq1k8k96s0faped$_run_closure1          : loaded 2 times (x 139B)
Class com.google.common.reflect.Types$TypeVariableInvocationHandler                   : loaded 2 times (x 75B)
Class com.google.common.collect.ImmutableMapEntry                                     : loaded 2 times (x 85B)
Class com.google.common.base.Equivalence                                              : loaded 2 times (x 82B)
Class com.google.common.base.Function                                                 : loaded 2 times (x 70B)
Class com.google.common.collect.ImmutableMapEntry$NonTerminalImmutableMapEntry        : loaded 2 times (x 85B)
Class com.google.common.collect.IndexedImmutableSet$1                                 : loaded 2 times (x 213B)
Class com.google.common.cache.CacheBuilder$OneWeigher                                 : loaded 2 times (x 82B)
Class com.google.common.collect.RegularImmutableList                                  : loaded 2 times (x 213B)
Class com.google.common.reflect.Types$ClassOwnership$1LocalClass                      : loaded 2 times (x 71B)
Class org.gradle.internal.classloader.ClasspathUtil                                   : loaded 2 times (x 71B)
Class com.google.common.util.concurrent.Uninterruptibles                              : loaded 2 times (x 71B)
Class com.google.common.io.CharSource                                                 : loaded 2 times (x 85B)
Class com.google.common.util.concurrent.LazyLogger                                    : loaded 2 times (x 72B)
Class com.google.common.collect.Maps                                                  : loaded 2 times (x 71B)
Class ijKotlinCoroutineJvmDebugInit1_6d33x7s045lq1k8k96s0faped$_run_closure1$_closure2: loaded 2 times (x 139B)
Class org.gradle.api.specs.Spec                                                       : loaded 2 times (x 70B)
Class com.google.common.reflect.Types$JavaVersion                                     : loaded 2 times (x 83B)
Class [Lcom.google.common.collect.ImmutableEntry;                                     : loaded 2 times (x 69B)
Class com.google.common.cache.LocalCache$LoadingValueReference                        : loaded 2 times (x 96B)
Class com.google.common.reflect.Invokable$MethodInvokable                             : loaded 2 times (x 107B)
Class com.google.common.base.Platform                                                 : loaded 2 times (x 71B)
Class [Lorg.objectweb.asm.AnnotationWriter;                                           : loaded 2 times (x 69B)
Class com.google.common.collect.Maps$8                                                : loaded 2 times (x 82B)
Class com.google.common.collect.Sets$SetView                                          : loaded 2 times (x 138B)
Class com.google.common.cache.LocalCache$StrongValueReference                         : loaded 2 times (x 90B)
Class org.objectweb.asm.Type                                                          : loaded 2 times (x 72B)
Class org.gradle.internal.classloader.VisitableURLClassLoader$InstrumentingVisitableURLClassLoader: loaded 2 times (x 123B)
Class com.google.common.math.IntMath$1                                                : loaded 2 times (x 71B)
Class org.objectweb.asm.ByteVector                                                    : loaded 2 times (x 79B)
Class [Lcom.google.common.cache.CacheBuilder$NullListener;                            : loaded 2 times (x 69B)
Class org.gradle.internal.classloader.VisitableURLClassLoader$Spec                    : loaded 2 times (x 74B)
Class org.gradle.internal.classpath.DefaultClassPath                                  : loaded 2 times (x 90B)
Class com.google.common.reflect.Types$ClassOwnership                                  : loaded 2 times (x 80B)
Class org.objectweb.asm.Symbol                                                        : loaded 2 times (x 73B)
Class com.google.common.io.Closer                                                     : loaded 2 times (x 78B)
Class com.google.common.base.CharMatcher$BitSetMatcher                                : loaded 2 times (x 112B)
Class com.google.common.collect.RegularImmutableMap$Values                            : loaded 2 times (x 207B)
Class com.google.common.collect.ImmutableSet                                          : loaded 2 times (x 145B)
Class org.gradle.internal.classloader.ClassLoaderSpec                                 : loaded 2 times (x 71B)
Class com.google.common.io.ByteSource$EmptyByteSource                                 : loaded 2 times (x 85B)
Class org.objectweb.asm.AnnotationWriter                                              : loaded 2 times (x 79B)
Class com.google.common.cache.CacheStats                                              : loaded 2 times (x 71B)
Class com.google.common.io.Closer$Suppressor                                          : loaded 2 times (x 70B)
Class org.objectweb.asm.RecordComponentWriter                                         : loaded 2 times (x 78B)
Class com.google.common.util.concurrent.AbstractFuture$Listener                       : loaded 2 times (x 72B)
Class com.google.common.base.CharMatcher$Or                                           : loaded 2 times (x 112B)
Class Settings_gradle$1$1                                                             : loaded 2 times (x 74B)
Class org.objectweb.asm.Attribute                                                     : loaded 2 times (x 77B)
Class com.google.common.base.Supplier                                                 : loaded 2 times (x 70B)
Class org.gradle.internal.classloader.VisitableURLClassLoader                         : loaded 2 times (x 117B)
Class Settings_gradle                                                                 : loaded 2 times (x 124B)
Class org.gradle.internal.Cast                                                        : loaded 2 times (x 71B)
Class org.gradle.api.Action                                                           : loaded 2 times (x 70B)
Class com.google.common.base.Strings                                                  : loaded 2 times (x 71B)
Class com.google.common.collect.Sets                                                  : loaded 2 times (x 71B)
Class org.objectweb.asm.Handler                                                       : loaded 2 times (x 72B)
Class com.google.common.base.CharMatcher$FastMatcher                                  : loaded 2 times (x 111B)
Class com.google.common.base.Ticker                                                   : loaded 2 times (x 72B)
Class [Lcom.google.common.cache.LocalCache$Segment;                                   : loaded 2 times (x 69B)
Class com.google.common.base.Predicate                                                : loaded 2 times (x 70B)
Class [Lcom.google.common.cache.LocalCache$Strength;                                  : loaded 2 times (x 69B)
Class com.google.common.cache.CacheBuilder$1                                          : loaded 2 times (x 85B)
Class com.google.common.collect.ImmutableMap                                          : loaded 2 times (x 120B)
Class org.gradle.internal.classpath.DefaultClassPath$ImmutableUniqueList$Builder      : loaded 2 times (x 75B)
Class com.google.common.base.CharMatcher$NegatedFastMatcher                           : loaded 2 times (x 113B)
Class com.google.common.cache.LocalCache                                              : loaded 2 times (x 187B)
Class com.google.common.cache.CacheBuilder$2                                          : loaded 2 times (x 79B)
Class com.google.common.collect.ArrayListMultimap                                     : loaded 2 times (x 172B)
Class com.google.common.cache.CacheBuilder$3                                          : loaded 2 times (x 72B)
Class [Lcom.google.common.collect.AbstractMapEntry;                                   : loaded 2 times (x 69B)
Class com.google.common.collect.ImmutableEntry                                        : loaded 2 times (x 82B)
Class org.gradle.api.GradleException                                                  : loaded 2 times (x 82B)
Class com.google.common.base.Suppliers$MemoizingSupplier                              : loaded 2 times (x 79B)
Class com.google.common.collect.CollectPreconditions                                  : loaded 2 times (x 71B)
Class com.google.common.collect.SortedMapDifference                                   : loaded 2 times (x 70B)
Class com.google.common.cache.LocalCache$EntryFactory                                 : loaded 2 times (x 83B)
Class com.google.common.reflect.Types$NativeTypeVariableEquals                        : loaded 2 times (x 71B)
Class com.google.common.reflect.TypeParameter                                         : loaded 2 times (x 72B)
Class com.google.common.cache.LocalCache$AbstractReferenceEntry                       : loaded 2 times (x 107B)
Class org.gradle.internal.IoActions                                                   : loaded 2 times (x 71B)
Class org.objectweb.asm.SymbolTable                                                   : loaded 2 times (x 72B)
Class com.google.common.cache.CacheLoader$InvalidCacheLoadException                   : loaded 2 times (x 82B)
Class com.google.common.collect.ImmutableSet$RegularSetBuilderImpl                    : loaded 2 times (x 77B)
Class org.gradle.internal.classloader.SystemClassLoaderSpec                           : loaded 2 times (x 71B)
Class com.google.common.cache.LocalCache$StrongEntry                                  : loaded 2 times (x 108B)
Class com.google.common.util.concurrent.AbstractFuture$TrustedFuture                  : loaded 2 times (x 114B)
Class com.google.common.cache.LoadingCache                                            : loaded 2 times (x 70B)
Class com.google.common.io.ByteStreams$LimitedInputStream                             : loaded 2 times (x 92B)
Class com.google.common.base.Suppliers$NonSerializableMemoizingSupplier               : loaded 2 times (x 79B)
Class org.objectweb.asm.MethodWriter                                                  : loaded 2 times (x 106B)
Class [Lcom.google.common.cache.Weigher;                                              : loaded 2 times (x 69B)
Class com.google.common.collect.RegularImmutableMap$BucketOverflowException           : loaded 2 times (x 82B)
Class com.google.common.reflect.Types$JavaVersion$1                                   : loaded 2 times (x 83B)
Class com.google.common.collect.RegularImmutableBiMap                                 : loaded 2 times (x 149B)
Class com.google.common.base.CharMatcher$Negated                                      : loaded 2 times (x 113B)
Class com.google.common.base.CharMatcher$Is                                           : loaded 2 times (x 111B)
Class com.google.common.cache.LocalCache$ValueReference                               : loaded 2 times (x 70B)
Class com.google.common.hash.PrimitiveSink                                            : loaded 2 times (x 70B)
Class com.google.common.reflect.Types$JavaVersion$2                                   : loaded 2 times (x 83B)
Class com.google.common.reflect.Types                                                 : loaded 2 times (x 71B)
Class com.google.common.base.PatternCompiler                                          : loaded 2 times (x 70B)
Class com.google.common.util.concurrent.AbstractFuture$Failure                        : loaded 2 times (x 72B)
Class com.google.common.base.Equivalence$Equals                                       : loaded 2 times (x 82B)
Class com.google.common.collect.Hashing                                               : loaded 2 times (x 71B)
Class com.google.common.base.Preconditions                                            : loaded 2 times (x 71B)
Class com.google.common.reflect.Types$JavaVersion$3                                   : loaded 2 times (x 83B)
Class com.google.common.base.Joiner$1                                                 : loaded 2 times (x 80B)
Class org.objectweb.asm.Label                                                         : loaded 2 times (x 73B)
Class org.objectweb.asm.CurrentFrame                                                  : loaded 2 times (x 73B)
Class org.objectweb.asm.ClassTooLargeException                                        : loaded 2 times (x 83B)
Class com.google.common.base.CharMatcher                                              : loaded 2 times (x 111B)
Class com.google.common.collect.PeekingIterator                                       : loaded 2 times (x 70B)
Class com.google.common.io.ByteSource$AsCharSource                                    : loaded 2 times (x 86B)
Class com.google.common.reflect.Types$JavaVersion$4                                   : loaded 2 times (x 83B)
Class com.google.common.collect.Maps$IteratorBasedAbstractMap                         : loaded 2 times (x 125B)
Class com.google.common.base.Joiner$2                                                 : loaded 2 times (x 79B)
Class org.objectweb.asm.Frame                                                         : loaded 2 times (x 73B)
Class org.objectweb.asm.MethodVisitor                                                 : loaded 2 times (x 105B)
Class com.google.common.base.CharMatcher$1                                            : loaded 2 times (x 113B)
Class com.google.common.base.CharMatcher$NamedFastMatcher                             : loaded 2 times (x 112B)
Class com.google.common.cache.LocalCache$EntryFactory$1                               : loaded 2 times (x 83B)
Class [Lcom.google.common.cache.RemovalListener;                                      : loaded 2 times (x 69B)
Class com.google.common.reflect.Types$JavaVersion$5                                   : loaded 2 times (x 71B)
Class [Lcom.google.common.reflect.Types$ClassOwnership;                               : loaded 2 times (x 69B)
Class com.google.common.cache.LocalCache$EntryFactory$2                               : loaded 2 times (x 83B)
Class org.gradle.api.internal.classpath.GlobalCacheRootsProvider                      : loaded 2 times (x 70B)
Class org.objectweb.asm.ModuleWriter                                                  : loaded 2 times (x 82B)
Class com.google.common.cache.LocalCache$EntryFactory$3                               : loaded 2 times (x 83B)
Class com.google.common.base.Ticker$1                                                 : loaded 2 times (x 72B)
Class com.google.common.collect.Maps$BiMapConverter                                   : loaded 2 times (x 90B)
Class com.google.common.collect.ImmutableMapEntrySet$RegularEntrySet                  : loaded 2 times (x 152B)
Class com.google.common.collect.ImmutableSet$Builder                                  : loaded 2 times (x 85B)
Class com.google.common.base.CharMatcher$InRange                                      : loaded 2 times (x 111B)
Class com.google.common.cache.LocalCache$EntryFactory$4                               : loaded 2 times (x 83B)
Class com.google.common.io.ByteStreams$1                                              : loaded 2 times (x 85B)
Class com.google.common.cache.LocalCache$EntryFactory$5                               : loaded 2 times (x 83B)
Class com.google.common.base.PairwiseEquivalence                                      : loaded 2 times (x 83B)
Class com.google.common.cache.LocalCache$EntryFactory$6                               : loaded 2 times (x 83B)
Class org.gradle.internal.installation.CurrentGradleInstallationLocator               : loaded 2 times (x 71B)
Class com.google.common.io.ByteSource$SlicedByteSource                                : loaded 2 times (x 85B)
Class com.google.common.collect.Maps$KeySet                                           : loaded 2 times (x 137B)
Class com.google.common.collect.ImmutableSet$EmptySetBuilderImpl                      : loaded 2 times (x 76B)
Class com.google.common.cache.LocalCache$EntryFactory$7                               : loaded 2 times (x 83B)
Class com.google.common.collect.ImmutableList                                         : loaded 2 times (x 206B)
Class org.gradle.internal.service.DefaultServiceLocator                               : loaded 2 times (x 83B)
Class com.google.common.cache.LocalCache$EntryFactory$8                               : loaded 2 times (x 83B)
Class com.google.common.collect.ImmutableSet$SetBuilderImpl                           : loaded 2 times (x 76B)
Class org.gradle.internal.installation.CurrentGradleInstallation                      : loaded 2 times (x 73B)
Class com.google.common.cache.CacheLoader$1                                           : loaded 2 times (x 75B)
Class com.google.common.collect.ForwardingObject                                      : loaded 2 times (x 72B)
Class com.google.common.collect.ImmutableList$SubList                                 : loaded 2 times (x 209B)
Class org.gradle.util.internal.GUtil                                                  : loaded 2 times (x 71B)
Class com.google.common.io.ByteSource                                                 : loaded 2 times (x 84B)
Class com.google.common.cache.AbstractCache$StatsCounter                              : loaded 2 times (x 70B)
Class com.google.common.reflect.Types$TypeVariableImpl                                : loaded 2 times (x 72B)
Class com.google.common.collect.Iterators$MergingIterator                             : loaded 2 times (x 81B)
Class com.google.common.collect.RegularImmutableSet                                   : loaded 2 times (x 149B)
Class org.gradle.internal.installation.GradleInstallation                             : loaded 2 times (x 75B)
Class com.google.common.collect.Iterables                                             : loaded 2 times (x 71B)

---------------  S Y S T E M  ---------------

OS:
 Windows 11 , 64 bit Build 26100 (10.0.26100.8328)
OS uptime: 4 days 13:11 hours
Hyper-V role detected

CPU: total 24 (initial active 24) (24 cores per cpu, 1 threads per core) family 6 model 198 stepping 2 microcode 0x11b, cx8, cmov, fxsr, mmx, 3dnowpref, sse, sse2, sse3, ssse3, sse4.1, sse4.2, popcnt, lzcnt, tsc, tscinvbit, avx, avx2, aes, erms, clmul, bmi1, bmi2, adx, sha, fma, vzeroupper, clflush, clflushopt, clwb, hv, serialize, rdtscp, rdpid, fsrm, f16c, cet_ibt, cet_ss
Processor Information for processor 0
  Max Mhz: 2700, Current Mhz: 2700, Mhz Limit: 2700
Processor Information for processor 1
  Max Mhz: 2700, Current Mhz: 2700, Mhz Limit: 2700
Processor Information for processor 2
  Max Mhz: 2100, Current Mhz: 2100, Mhz Limit: 2100
Processor Information for processor 3
  Max Mhz: 2100, Current Mhz: 2100, Mhz Limit: 2100
Processor Information for processor 4
  Max Mhz: 2100, Current Mhz: 2100, Mhz Limit: 2100
Processor Information for processor 5
  Max Mhz: 2100, Current Mhz: 2100, Mhz Limit: 2100
Processor Information for processor 6
  Max Mhz: 2100, Current Mhz: 2100, Mhz Limit: 2100
Processor Information for processor 7
  Max Mhz: 2100, Current Mhz: 2100, Mhz Limit: 2100
Processor Information for processor 8
  Max Mhz: 2100, Current Mhz: 2100, Mhz Limit: 2100
Processor Information for processor 9
  Max Mhz: 2100, Current Mhz: 2100, Mhz Limit: 2100
Processor Information for processor 10
  Max Mhz: 2700, Current Mhz: 2700, Mhz Limit: 2700
Processor Information for processor 11
  Max Mhz: 2700, Current Mhz: 2700, Mhz Limit: 2700
Processor Information for processor 12
  Max Mhz: 2700, Current Mhz: 2700, Mhz Limit: 2700
Processor Information for processor 13
  Max Mhz: 2700, Current Mhz: 2700, Mhz Limit: 2700
Processor Information for processor 14
  Max Mhz: 2100, Current Mhz: 2100, Mhz Limit: 2100
Processor Information for processor 15
  Max Mhz: 2100, Current Mhz: 2100, Mhz Limit: 2100
Processor Information for processor 16
  Max Mhz: 2100, Current Mhz: 2100, Mhz Limit: 2100
Processor Information for processor 17
  Max Mhz: 2100, Current Mhz: 2100, Mhz Limit: 2100
Processor Information for processor 18
  Max Mhz: 2100, Current Mhz: 2100, Mhz Limit: 2100
Processor Information for processor 19
  Max Mhz: 2100, Current Mhz: 2100, Mhz Limit: 2100
Processor Information for processor 20
  Max Mhz: 2100, Current Mhz: 2100, Mhz Limit: 2100
Processor Information for processor 21
  Max Mhz: 2100, Current Mhz: 2100, Mhz Limit: 2100
Processor Information for processor 22
  Max Mhz: 2700, Current Mhz: 2700, Mhz Limit: 2700
Processor Information for processor 23
  Max Mhz: 2700, Current Mhz: 2700, Mhz Limit: 2700

Memory: 4k page, system-wide physical 15732M (972M free)
TotalPageFile size 64884M (AvailPageFile size 83M)
current process WorkingSet (physical memory assigned to process): 908M, peak: 913M
current process commit charge ("private bytes"): 971M, peak: 1302M

vm_info: OpenJDK 64-Bit Server VM (21.0.10+-14961533-b1163.108) for windows-amd64 JRE (21.0.10+-14961533-b1163.108), built on 2026-03-02T19:58:50Z by "builder" with MS VC++ 16.10 / 16.11 (VS2019)

END.
