#
# There is insufficient memory for the Java Runtime Environment to continue.
# Native memory allocation (malloc) failed to allocate 1148816 bytes. Error detail: Chunk::new
# Possible reasons:
#   The system is out of physical RAM or swap space
#   This process is running with CompressedOops enabled, and the Java Heap may be blocking the growth of the native heap
# Possible solutions:
#   Reduce memory load on the system
#   Increase physical memory or swap space
#   Check if swap backing store is full
#   Decrease Java heap size (-Xmx/-Xms)
#   Decrease number of Java threads
#   Decrease Java thread stack sizes (-Xss)
#   Set larger code cache with -XX:ReservedCodeCacheSize=
#   JVM is running with Unscaled Compressed Oops mode in which the Java heap is
#     placed in the first 4GB address space. The Java Heap base address is the
#     maximum limit for the native heap growth. Please use -XX:HeapBaseMinAddress
#     to set the Java Heap base and to place the Java Heap above 4GB virtual address.
# This output file may be truncated or incomplete.
#
#  Out of Memory Error (arena.cpp:168), pid=92176, tid=49956
#
# JRE version: OpenJDK Runtime Environment (21.0.10) (build 21.0.10+-14961533-b1163.108)
# Java VM: OpenJDK 64-Bit Server VM (21.0.10+-14961533-b1163.108, mixed mode, tiered, compressed oops, compressed class ptrs, g1 gc, windows-amd64)
# No core dump will be written. Minidumps are not enabled by default on client versions of Windows
#

---------------  S U M M A R Y ------------

Command Line: --add-opens=java.base/java.lang=ALL-UNNAMED --add-opens=java.base/java.lang.invoke=ALL-UNNAMED --add-opens=java.base/java.util=ALL-UNNAMED --add-opens=java.prefs/java.util.prefs=ALL-UNNAMED --add-exports=jdk.compiler/com.sun.tools.javac.api=ALL-UNNAMED --add-exports=jdk.compiler/com.sun.tools.javac.util=ALL-UNNAMED --add-opens=java.base/java.util=ALL-UNNAMED --add-opens=java.prefs/java.util.prefs=ALL-UNNAMED --add-opens=java.base/java.nio.charset=ALL-UNNAMED --add-opens=java.base/java.net=ALL-UNNAMED --add-opens=java.base/java.util.concurrent=ALL-UNNAMED --add-opens=java.base/java.util.concurrent.atomic=ALL-UNNAMED --add-opens=java.xml/javax.xml.namespace=ALL-UNNAMED --add-opens=java.base/java.time=ALL-UNNAMED -Xmx2048m -Dfile.encoding=UTF-8 -Duser.country=CN -Duser.language=zh -Duser.variant -javaagent:C:\Users\33947\.gradle\wrapper\dists\gradle-9.3.1-bin\e6fpmcitnr2cbhj7h6pdk7btv\gradle-9.3.1\lib\agents\gradle-instrumentation-agent-9.3.1.jar org.gradle.launcher.daemon.bootstrap.GradleDaemon 9.3.1

Host: Intel(R) Core(TM) Ultra 9 275HX, 24 cores, 15G,  Windows 11 , 64 bit Build 26100 (10.0.26100.8328)
Time: Wed May 27 22:13:18 2026 elapsed time: 72.691127 seconds (0d 0h 1m 12s)

---------------  T H R E A D  ---------------

Current thread (0x0000028169dfbe10):  JavaThread "C2 CompilerThread0" daemon [_thread_in_native, id=49956, stack(0x000000ef02700000,0x000000ef02800000) (1024K)]


Current CompileTask:
C2:72691 24045       4       com.android.tools.r8.internal.ag0::a (634 bytes)

Stack: [0x000000ef02700000,0x000000ef02800000]
Native frames: (J=compiled Java code, j=interpreted, Vv=VM code, C=native code)
V  [jvm.dll+0x6d78a9]
V  [jvm.dll+0x8665b3]
V  [jvm.dll+0x868bde]
V  [jvm.dll+0x8692c3]
V  [jvm.dll+0x280ee6]
V  [jvm.dll+0xc07cd]
V  [jvm.dll+0xc0d03]
V  [jvm.dll+0x2f6170]
V  [jvm.dll+0x6003e9]
V  [jvm.dll+0x252ce2]
V  [jvm.dll+0x24b62a]
V  [jvm.dll+0x24909e]
V  [jvm.dll+0x1c76e4]
V  [jvm.dll+0x25891e]
V  [jvm.dll+0x256e66]
V  [jvm.dll+0x3f513e]
V  [jvm.dll+0x80fd28]
V  [jvm.dll+0x6d60fd]
C  [ucrtbase.dll+0x37b0]
C  [KERNEL32.DLL+0x2e957]
C  [ntdll.dll+0x427c]


---------------  P R O C E S S  ---------------

Threads class SMR info:
_java_thread_list=0x0000028173e8e5d0, length=339, elements={
0x000002814f19c760, 0x0000028169dabc40, 0x0000028169dad0c0, 0x0000028169dcbf40,
0x0000028169dd4c10, 0x0000028169dd6a90, 0x0000028169de89f0, 0x0000028169de9060,
0x0000028169dfbe10, 0x0000028169dfc8b0, 0x000002816a258b60, 0x0000028170c47410,
0x0000028171314d80, 0x00000281700ce6e0, 0x000002816f517500, 0x0000028170bc7170,
0x000002816f7bf760, 0x000002816f7bfdf0, 0x000002816f7bea40, 0x00000281725c2a80,
0x00000281725c3110, 0x00000281725bfc90, 0x00000281725c37a0, 0x00000281725c0320,
0x00000281725c3e30, 0x00000281725c1040, 0x00000281725c16d0, 0x00000281725c09b0,
0x00000281725c51e0, 0x00000281725c5f00, 0x00000281725c44c0, 0x00000281725c4b50,
0x00000281725c6590, 0x00000281725c6c20, 0x00000281725c5870, 0x00000281725c72b0,
0x000002817383d000, 0x000002817383f0d0, 0x000002817383f760, 0x000002817383ea40,
0x000002817383dd20, 0x000002817383fdf0, 0x000002817383c970, 0x000002817383d690,
0x0000028173841830, 0x00000281738411a0, 0x0000028174970d10, 0x00000281757874f0,
0x000002817044aaa0, 0x000002817044ec40, 0x000002817044d200, 0x000002817044f2d0,
0x000002817044f960, 0x000002817044c4e0, 0x000002817044df20, 0x000002817044d890,
0x000002817044cb70, 0x00000281704513a0, 0x0000028170451a30, 0x000002817044e5b0,
0x00000281704520c0, 0x0000028170453470, 0x0000028170452750, 0x0000028170452de0,
0x000002817044fff0, 0x0000028170456260, 0x0000028170454eb0, 0x0000028170454190,
0x000002817bc8dec0, 0x0000028170454820, 0x0000028170455540, 0x0000028170456f80,
0x0000028170455bd0, 0x0000028170453b00, 0x0000028170458330, 0x0000028170457610,
0x0000028170459050, 0x00000281704596e0, 0x0000028170457ca0, 0x000002817c367260,
0x000002817c365eb0, 0x000002817bc8b5e0, 0x000002817bc8c380, 0x000002817c36a050,
0x000002817c36a6e0, 0x000002817c36ad70, 0x000002817c368610, 0x000002817c36ba90,
0x000002817c36c120, 0x000002817c368ca0, 0x000002817c36db60, 0x000002817c36e1f0,
0x000002817c36e880, 0x000002817c36ef10, 0x000002817c36f5a0, 0x000002817c36ce40,
0x000002817c36fc30, 0x000002817c36c7b0, 0x000002817c372a20, 0x000002817c370950,
0x000002817c3702c0, 0x000002817c3730b0, 0x000002817c371d00, 0x000002817c372390,
0x000002817c373740, 0x000002817c374460, 0x000002817c373dd0, 0x000002817c370fe0,
0x000002817c374af0, 0x000002817c375180, 0x0000028175786e60, 0x0000028175785420,
0x0000028175788f30, 0x00000281757867d0, 0x0000028175785ab0, 0x00000281757895c0,
0x0000028175786140, 0x0000028175789c50, 0x0000028175787b80, 0x000002817578eb10,
0x000002817578e480, 0x000002817578b690, 0x000002817578d0d0, 0x000002817578f1a0,
0x000002817578ca40, 0x000002817578d760, 0x000002817578f830, 0x000002817578c3b0,
0x000002817578fec0, 0x000002817496b130, 0x000002817496ec40, 0x000002817496aaa0,
0x000002817496f960, 0x0000028174970680, 0x000002817423af60, 0x0000028174239bb0,
0x000002817423b5f0, 0x000002817423c310, 0x000002817423a240, 0x0000028174238e90,
0x000002817423c9a0, 0x000002817423d6c0, 0x000002817423a8d0, 0x000002817423e3e0,
0x000002817423f100, 0x000002817423bc80, 0x000002817423f790, 0x000002817423fe20,
0x000002817383e3b0, 0x0000028173843900, 0x0000028173840b10, 0x0000028173841ec0,
0x0000028173840480, 0x0000028173842550, 0x0000028173842be0, 0x0000028175781910,
0x000002817578ddf0, 0x000002817578bd20, 0x000002816f7be3b0, 0x000002816f7bf0d0,
0x000002816f7c0480, 0x00000281725c1d60, 0x00000281725c23f0, 0x0000028175790be0,
0x000002817c369330, 0x00000281738d0250, 0x00000281738ce810, 0x00000281738ceea0,
0x00000281738ce180, 0x00000281738d0f70, 0x00000281738d08e0, 0x00000281738d1600,
0x00000281738d1c90, 0x00000281738d2320, 0x00000281738d29b0, 0x00000281738cf530,
0x00000281738d3040, 0x00000281738cfbc0, 0x00000281738d3d60, 0x00000281738d64c0,
0x00000281738d43f0, 0x00000281738d5e30, 0x00000281738d5110, 0x00000281738d6b50,
0x00000281738d36d0, 0x00000281738d7f00, 0x00000281738d4a80, 0x00000281738d71e0,
0x00000281738d57a0, 0x00000281738dacf0, 0x00000281738d8590, 0x00000281738d92b0,
0x00000281738da660, 0x00000281738d9fd0, 0x00000281738d9940, 0x00000281738d7870,
0x00000281738dba10, 0x00000281738db380, 0x00000281738dc730, 0x00000281738dc0a0,
0x00000281738dcdc0, 0x00000281738d8c20, 0x00000281738dd450, 0x000002817c36b400,
0x0000028175790550, 0x000002817b782e70, 0x000002817b783500, 0x000002817b7848b0,
0x000002817b784f40, 0x000002817b781ac0, 0x000002817b7855d0, 0x000002817b782150,
0x000002817b785c60, 0x000002817b7827e0, 0x000002817b788a50, 0x000002817b10e5a0,
0x000002817f399e50, 0x000002817f398aa0, 0x000002817f399130, 0x000002817f39a4e0,
0x000002817f39ab70, 0x000002817f3976f0, 0x000002817f39b200, 0x000002817f39d2d0,
0x000002817f39cc40, 0x000002817f39d960, 0x000002817f39b890, 0x000002817f39e680,
0x000002817f39ed10, 0x000002817f39f3a0, 0x000002817f39c5b0, 0x000002817f39bf20,
0x000002817f39fa30, 0x000002817f3a2820, 0x000002817f3a0750, 0x000002817f3a0de0,
0x000002817f3a1b00, 0x000002817f3a2eb0, 0x000002817f398410, 0x000002817f397d80,
0x000002817f3a00c0, 0x000002817f3a1470, 0x000002817f39dff0, 0x000002817f3a3bd0,
0x000002817f3a48f0, 0x000002817f3a4260, 0x000002817f3a4f80, 0x000002817f3a3540,
0x000002817f3a2190, 0x000002817f3a8400, 0x000002817f3a69c0, 0x000002817f3a7050,
0x000002817f3a6330, 0x000002817f3a76e0, 0x000002817f3a7d70, 0x000002817f3a8a90,
0x000002817f3a5610, 0x000002817f3a9120, 0x000002817f3a5ca0, 0x000002817f3ab1f0,
0x000002817f3a9e40, 0x000002817f3a97b0, 0x000002817f3aab60, 0x000002817f3ad950,
0x000002817f3aa4d0, 0x000002817f3adfe0, 0x000002817f3ad2c0, 0x000002817f3ae670,
0x000002817f3aed00, 0x000002817f3ab880, 0x000002817f3af390, 0x000002817f3abf10,
0x000002817f3afa20, 0x000002817f3ac5a0, 0x000002817f3b00b0, 0x000002817f3acc30,
0x000002817f3b0740, 0x000002817f3b0dd0, 0x000002817f3b1af0, 0x000002817f3b2ea0,
0x000002817f3b48e0, 0x000002817f3b3530, 0x000002817f3b3bc0, 0x000002817f3b1460,
0x000002817f3b4f70, 0x000002817f3b2810, 0x000002817f3b4250, 0x000002817f3b5600,
0x000002817f3b2180, 0x000002817f3b5c90, 0x000002817f3b6320, 0x000002817b100d10,
0x000002817b101a30, 0x000002817b0ffff0, 0x000002817b102de0, 0x000002817b103470,
0x000002817b102750, 0x000002817b1013a0, 0x000002817b103b00, 0x000002817b1020c0,
0x000002817b100680, 0x000002817b1068f0, 0x000002817b106260, 0x000002817b105540,
0x000002817b104eb0, 0x000002817b104820, 0x000002817b105bd0, 0x000002817b106f80,
0x000002817b104190, 0x000002817b109d70, 0x000002817b1089c0, 0x000002817b10a400,
0x000002817b10aa90, 0x000002817b10b120, 0x000002817b107ca0, 0x000002817b108330,
0x000002817b10b7b0, 0x000002817b10cb60, 0x000002817b10c4d0, 0x000002817b10df10,
0x000002817b10f2c0, 0x000002817b10ec30, 0x000002817b10d880, 0x000002817b10be40,
0x000002817b7862f0, 0x000002817b786980, 0x000002817b787010, 0x000002817b7876a0,
0x000002817b789770, 0x000002817b7890e0, 0x000002817b789e00, 0x0000028175f0cd80,
0x000002817f5862d0, 0x000002817f585c40, 0x000002817f586ff0, 0x000002817f586960,
0x000002817df9cf10, 0x000002817b4dd770, 0x000002817e9bf0f0
}

Java Threads: ( => current thread )
  0x000002814f19c760 JavaThread "main"                              [_thread_blocked, id=91644, stack(0x000000ef01800000,0x000000ef01900000) (1024K)]
  0x0000028169dabc40 JavaThread "Common-Cleaner"             daemon [_thread_blocked, id=40004, stack(0x000000ef02000000,0x000000ef02100000) (1024K)]
  0x0000028169dad0c0 JavaThread "Reference Handler"          daemon [_thread_blocked, id=78888, stack(0x000000ef02100000,0x000000ef02200000) (1024K)]
  0x0000028169dcbf40 JavaThread "Finalizer"                  daemon [_thread_blocked, id=94044, stack(0x000000ef02200000,0x000000ef02300000) (1024K)]
  0x0000028169dd4c10 JavaThread "Signal Dispatcher"          daemon [_thread_blocked, id=61668, stack(0x000000ef02300000,0x000000ef02400000) (1024K)]
  0x0000028169dd6a90 JavaThread "Attach Listener"            daemon [_thread_blocked, id=17768, stack(0x000000ef02400000,0x000000ef02500000) (1024K)]
  0x0000028169de89f0 JavaThread "Service Thread"             daemon [_thread_blocked, id=46152, stack(0x000000ef02500000,0x000000ef02600000) (1024K)]
  0x0000028169de9060 JavaThread "Monitor Deflation Thread"   daemon [_thread_blocked, id=56380, stack(0x000000ef02600000,0x000000ef02700000) (1024K)]
=>0x0000028169dfbe10 JavaThread "C2 CompilerThread0"         daemon [_thread_in_native, id=49956, stack(0x000000ef02700000,0x000000ef02800000) (1024K)]
  0x0000028169dfc8b0 JavaThread "C1 CompilerThread0"         daemon [_thread_blocked, id=89668, stack(0x000000ef02800000,0x000000ef02900000) (1024K)]
  0x000002816a258b60 JavaThread "Notification Thread"        daemon [_thread_blocked, id=29736, stack(0x000000ef02c00000,0x000000ef02d00000) (1024K)]
  0x0000028170c47410 JavaThread "Daemon health stats"               [_thread_blocked, id=94224, stack(0x000000ef03300000,0x000000ef03400000) (1024K)]
  0x0000028171314d80 JavaThread "Incoming local TCP Connector on port 50566"        [_thread_in_native, id=91152, stack(0x000000ef03500000,0x000000ef03600000) (1024K)]
  0x00000281700ce6e0 JavaThread "Daemon periodic checks"            [_thread_blocked, id=86288, stack(0x000000ef03600000,0x000000ef03700000) (1024K)]
  0x000002816f517500 JavaThread "Daemon"                            [_thread_blocked, id=39324, stack(0x000000ef03f00000,0x000000ef04000000) (1024K)]
  0x0000028170bc7170 JavaThread "Daemon worker"                     [_thread_blocked, id=41164, stack(0x000000ef04700000,0x000000ef04800000) (1024K)]
  0x000002816f7bf760 JavaThread "Cache worker for journal cache (C:\Users\33947\.gradle\caches\journal-1)"        [_thread_blocked, id=92328, stack(0x000000ef04b00000,0x000000ef04c00000) (1024K)]
  0x000002816f7bfdf0 JavaThread "File lock request listener"        [_thread_in_native, id=56332, stack(0x000000ef04c00000,0x000000ef04d00000) (1024K)]
  0x000002816f7bea40 JavaThread "Cache worker for file hash cache (C:\Users\33947\.gradle\caches\9.3.1\fileHashes)"        [_thread_blocked, id=60756, stack(0x000000ef04d00000,0x000000ef04e00000) (1024K)]
  0x00000281725c2a80 JavaThread "File watcher server"        daemon [_thread_in_native, id=55036, stack(0x000000ef05400000,0x000000ef05500000) (1024K)]
  0x00000281725c3110 JavaThread "File watcher consumer"      daemon [_thread_blocked, id=2408, stack(0x000000ef05500000,0x000000ef05600000) (1024K)]
  0x00000281725bfc90 JavaThread "jar transforms"                    [_thread_blocked, id=60508, stack(0x000000ef05600000,0x000000ef05700000) (1024K)]
  0x00000281725c37a0 JavaThread "jar transforms Thread 2"           [_thread_blocked, id=13644, stack(0x000000ef05700000,0x000000ef05800000) (1024K)]
  0x00000281725c0320 JavaThread "jar transforms Thread 3"           [_thread_blocked, id=79440, stack(0x000000ef05800000,0x000000ef05900000) (1024K)]
  0x00000281725c3e30 JavaThread "jar transforms Thread 4"           [_thread_blocked, id=91956, stack(0x000000ef05900000,0x000000ef05a00000) (1024K)]
  0x00000281725c1040 JavaThread "jar transforms Thread 5"           [_thread_blocked, id=38132, stack(0x000000ef05a00000,0x000000ef05b00000) (1024K)]
  0x00000281725c16d0 JavaThread "jar transforms Thread 6"           [_thread_blocked, id=80920, stack(0x000000ef05b00000,0x000000ef05c00000) (1024K)]
  0x00000281725c09b0 JavaThread "jar transforms Thread 7"           [_thread_blocked, id=66548, stack(0x000000ef05c00000,0x000000ef05d00000) (1024K)]
  0x00000281725c51e0 JavaThread "jar transforms Thread 8"           [_thread_blocked, id=84820, stack(0x000000ef05d00000,0x000000ef05e00000) (1024K)]
  0x00000281725c5f00 JavaThread "jar transforms Thread 9"           [_thread_blocked, id=43884, stack(0x000000ef05e00000,0x000000ef05f00000) (1024K)]
  0x00000281725c44c0 JavaThread "jar transforms Thread 10"          [_thread_blocked, id=67184, stack(0x000000ef05f00000,0x000000ef06000000) (1024K)]
  0x00000281725c4b50 JavaThread "jar transforms Thread 11"          [_thread_blocked, id=56684, stack(0x000000ef06000000,0x000000ef06100000) (1024K)]
  0x00000281725c6590 JavaThread "jar transforms Thread 12"          [_thread_blocked, id=16956, stack(0x000000ef06100000,0x000000ef06200000) (1024K)]
  0x00000281725c6c20 JavaThread "jar transforms Thread 13"          [_thread_blocked, id=51628, stack(0x000000ef06200000,0x000000ef06300000) (1024K)]
  0x00000281725c5870 JavaThread "jar transforms Thread 14"          [_thread_blocked, id=80580, stack(0x000000ef06300000,0x000000ef06400000) (1024K)]
  0x00000281725c72b0 JavaThread "jar transforms Thread 15"          [_thread_blocked, id=84952, stack(0x000000ef06400000,0x000000ef06500000) (1024K)]
  0x000002817383d000 JavaThread "jar transforms Thread 16"          [_thread_blocked, id=26940, stack(0x000000ef06500000,0x000000ef06600000) (1024K)]
  0x000002817383f0d0 JavaThread "jar transforms Thread 17"          [_thread_blocked, id=92696, stack(0x000000ef06600000,0x000000ef06700000) (1024K)]
  0x000002817383f760 JavaThread "jar transforms Thread 18"          [_thread_blocked, id=58764, stack(0x000000ef06700000,0x000000ef06800000) (1024K)]
  0x000002817383ea40 JavaThread "jar transforms Thread 19"          [_thread_blocked, id=41628, stack(0x000000ef06800000,0x000000ef06900000) (1024K)]
  0x000002817383dd20 JavaThread "jar transforms Thread 20"          [_thread_blocked, id=92768, stack(0x000000ef06900000,0x000000ef06a00000) (1024K)]
  0x000002817383fdf0 JavaThread "jar transforms Thread 21"          [_thread_blocked, id=73428, stack(0x000000ef06a00000,0x000000ef06b00000) (1024K)]
  0x000002817383c970 JavaThread "jar transforms Thread 22"          [_thread_blocked, id=49756, stack(0x000000ef06b00000,0x000000ef06c00000) (1024K)]
  0x000002817383d690 JavaThread "jar transforms Thread 23"          [_thread_blocked, id=44392, stack(0x000000ef06c00000,0x000000ef06d00000) (1024K)]
  0x0000028173841830 JavaThread "jar transforms Thread 24"          [_thread_blocked, id=59468, stack(0x000000ef06d00000,0x000000ef06e00000) (1024K)]
  0x00000281738411a0 JavaThread "Cache worker for file content cache (C:\Users\33947\.gradle\caches\9.3.1\fileContent)"        [_thread_blocked, id=68724, stack(0x000000ef06f00000,0x000000ef07000000) (1024K)]
  0x0000028174970d10 JavaThread "Memory manager"                    [_thread_blocked, id=92832, stack(0x000000ef03400000,0x000000ef03500000) (1024K)]
  0x00000281757874f0 JavaThread "pool-3-thread-1"                   [_thread_blocked, id=82416, stack(0x000000ef0d500000,0x000000ef0d600000) (1024K)]
  0x000002817044aaa0 JavaThread "Handler for socket connection from /127.0.0.1:50566 to /127.0.0.1:62079"        [_thread_in_native, id=61712, stack(0x000000ef01500000,0x000000ef01600000) (1024K)]
  0x000002817044ec40 JavaThread "Cancel handler"                    [_thread_blocked, id=69336, stack(0x000000ef01700000,0x000000ef01800000) (1024K)]
  0x000002817044d200 JavaThread "Asynchronous log dispatcher for DefaultDaemonConnection: socket connection from /127.0.0.1:50566 to /127.0.0.1:62079"        [_thread_blocked, id=78472, stack(0x000000ef02a00000,0x000000ef02b00000) (1024K)]
  0x000002817044f2d0 JavaThread "Stdin handler"                     [_thread_blocked, id=84320, stack(0x000000ef02b00000,0x000000ef02c00000) (1024K)]
  0x000002817044f960 JavaThread "Daemon client event forwarder"        [_thread_blocked, id=78844, stack(0x000000ef02d00000,0x000000ef02e00000) (1024K)]
  0x000002817044c4e0 JavaThread "Cache worker for file hash cache (C:\Users\33947\Desktop\Android项目\click\.gradle\9.3.1\fileHashes)"        [_thread_blocked, id=19140, stack(0x000000ef02e00000,0x000000ef02f00000) (1024K)]
  0x000002817044df20 JavaThread "Cache worker for Build Output Cleanup Cache (C:\Users\33947\Desktop\Android项目\click\.gradle\buildOutputCleanup)"        [_thread_blocked, id=80428, stack(0x000000ef04000000,0x000000ef04100000) (1024K)]
  0x000002817044d890 JavaThread "Cache worker for checksums cache (C:\Users\33947\Desktop\Android项目\click\.gradle\9.3.1\checksums)"        [_thread_blocked, id=30464, stack(0x000000ef04600000,0x000000ef04700000) (1024K)]
  0x000002817044cb70 JavaThread "Cache worker for cache directory md-supplier (C:\Users\33947\.gradle\caches\9.3.1\md-supplier)"        [_thread_blocked, id=30780, stack(0x000000ef04900000,0x000000ef04a00000) (1024K)]
  0x00000281704513a0 JavaThread "Cache worker for cache directory md-rule (C:\Users\33947\.gradle\caches\9.3.1\md-rule)"        [_thread_blocked, id=85564, stack(0x000000ef04a00000,0x000000ef04b00000) (1024K)]
  0x0000028170451a30 JavaThread "Unconstrained build operations"        [_thread_blocked, id=94188, stack(0x000000ef05200000,0x000000ef05300000) (1024K)]
  0x000002817044e5b0 JavaThread "Unconstrained build operations Thread 2"        [_thread_blocked, id=47236, stack(0x000000ef05300000,0x000000ef05400000) (1024K)]
  0x00000281704520c0 JavaThread "Unconstrained build operations Thread 3"        [_thread_blocked, id=58912, stack(0x000000ef06e00000,0x000000ef06f00000) (1024K)]
  0x0000028170453470 JavaThread "Unconstrained build operations Thread 4"        [_thread_blocked, id=50912, stack(0x000000ef07000000,0x000000ef07100000) (1024K)]
  0x0000028170452750 JavaThread "Unconstrained build operations Thread 5"        [_thread_blocked, id=57260, stack(0x000000ef07100000,0x000000ef07200000) (1024K)]
  0x0000028170452de0 JavaThread "Unconstrained build operations Thread 6"        [_thread_blocked, id=95040, stack(0x000000ef07200000,0x000000ef07300000) (1024K)]
  0x000002817044fff0 JavaThread "Unconstrained build operations Thread 7"        [_thread_blocked, id=83988, stack(0x000000ef07300000,0x000000ef07400000) (1024K)]
  0x0000028170456260 JavaThread "Unconstrained build operations Thread 8"        [_thread_blocked, id=77084, stack(0x000000ef07400000,0x000000ef07500000) (1024K)]
  0x0000028170454eb0 JavaThread "Unconstrained build operations Thread 9"        [_thread_blocked, id=62652, stack(0x000000ef07500000,0x000000ef07600000) (1024K)]
  0x0000028170454190 JavaThread "Unconstrained build operations Thread 10"        [_thread_blocked, id=2492, stack(0x000000ef07600000,0x000000ef07700000) (1024K)]
  0x000002817bc8dec0 JavaThread "C2 CompilerThread1"         daemon [_thread_in_native, id=60784, stack(0x000000ef07700000,0x000000ef07800000) (1024K)]
  0x0000028170454820 JavaThread "Unconstrained build operations Thread 11"        [_thread_blocked, id=608, stack(0x000000ef07800000,0x000000ef07900000) (1024K)]
  0x0000028170455540 JavaThread "Unconstrained build operations Thread 12"        [_thread_blocked, id=55636, stack(0x000000ef07900000,0x000000ef07a00000) (1024K)]
  0x0000028170456f80 JavaThread "Unconstrained build operations Thread 13"        [_thread_blocked, id=92400, stack(0x000000ef07a00000,0x000000ef07b00000) (1024K)]
  0x0000028170455bd0 JavaThread "Unconstrained build operations Thread 14"        [_thread_blocked, id=40128, stack(0x000000ef07b00000,0x000000ef07c00000) (1024K)]
  0x0000028170453b00 JavaThread "Unconstrained build operations Thread 15"        [_thread_blocked, id=47592, stack(0x000000ef07c00000,0x000000ef07d00000) (1024K)]
  0x0000028170458330 JavaThread "Unconstrained build operations Thread 16"        [_thread_blocked, id=92024, stack(0x000000ef07d00000,0x000000ef07e00000) (1024K)]
  0x0000028170457610 JavaThread "Unconstrained build operations Thread 17"        [_thread_blocked, id=6908, stack(0x000000ef07e00000,0x000000ef07f00000) (1024K)]
  0x0000028170459050 JavaThread "Unconstrained build operations Thread 18"        [_thread_blocked, id=79368, stack(0x000000ef07f00000,0x000000ef08000000) (1024K)]
  0x00000281704596e0 JavaThread "Unconstrained build operations Thread 19"        [_thread_blocked, id=90476, stack(0x000000ef08000000,0x000000ef08100000) (1024K)]
  0x0000028170457ca0 JavaThread "Unconstrained build operations Thread 20"        [_thread_blocked, id=46360, stack(0x000000ef08100000,0x000000ef08200000) (1024K)]
  0x000002817c367260 JavaThread "Unconstrained build operations Thread 21"        [_thread_blocked, id=20024, stack(0x000000ef08200000,0x000000ef08300000) (1024K)]
  0x000002817c365eb0 JavaThread "Unconstrained build operations Thread 22"        [_thread_blocked, id=58724, stack(0x000000ef08300000,0x000000ef08400000) (1024K)]
  0x000002817bc8b5e0 JavaThread "C1 CompilerThread1"         daemon [_thread_blocked, id=89224, stack(0x000000ef08400000,0x000000ef08500000) (1024K)]
  0x000002817bc8c380 JavaThread "C2 CompilerThread2"         daemon [_thread_in_native, id=84272, stack(0x000000ef08500000,0x000000ef08600000) (1024K)]
  0x000002817c36a050 JavaThread "Unconstrained build operations Thread 23"        [_thread_blocked, id=60696, stack(0x000000ef08600000,0x000000ef08700000) (1024K)]
  0x000002817c36a6e0 JavaThread "Unconstrained build operations Thread 24"        [_thread_blocked, id=61236, stack(0x000000ef08700000,0x000000ef08800000) (1024K)]
  0x000002817c36ad70 JavaThread "Unconstrained build operations Thread 25"        [_thread_blocked, id=70548, stack(0x000000ef08800000,0x000000ef08900000) (1024K)]
  0x000002817c368610 JavaThread "Unconstrained build operations Thread 26"        [_thread_blocked, id=16560, stack(0x000000ef08900000,0x000000ef08a00000) (1024K)]
  0x000002817c36ba90 JavaThread "Unconstrained build operations Thread 27"        [_thread_blocked, id=30952, stack(0x000000ef08a00000,0x000000ef08b00000) (1024K)]
  0x000002817c36c120 JavaThread "Unconstrained build operations Thread 28"        [_thread_blocked, id=54908, stack(0x000000ef08b00000,0x000000ef08c00000) (1024K)]
  0x000002817c368ca0 JavaThread "Unconstrained build operations Thread 29"        [_thread_blocked, id=78288, stack(0x000000ef08c00000,0x000000ef08d00000) (1024K)]
  0x000002817c36db60 JavaThread "Unconstrained build operations Thread 30"        [_thread_blocked, id=87852, stack(0x000000ef08d00000,0x000000ef08e00000) (1024K)]
  0x000002817c36e1f0 JavaThread "Unconstrained build operations Thread 31"        [_thread_blocked, id=28788, stack(0x000000ef08e00000,0x000000ef08f00000) (1024K)]
  0x000002817c36e880 JavaThread "Unconstrained build operations Thread 32"        [_thread_blocked, id=80640, stack(0x000000ef08f00000,0x000000ef09000000) (1024K)]
  0x000002817c36ef10 JavaThread "Unconstrained build operations Thread 33"        [_thread_blocked, id=58684, stack(0x000000ef09000000,0x000000ef09100000) (1024K)]
  0x000002817c36f5a0 JavaThread "Unconstrained build operations Thread 34"        [_thread_blocked, id=95120, stack(0x000000ef09100000,0x000000ef09200000) (1024K)]
  0x000002817c36ce40 JavaThread "Unconstrained build operations Thread 35"        [_thread_blocked, id=88108, stack(0x000000ef09200000,0x000000ef09300000) (1024K)]
  0x000002817c36fc30 JavaThread "Unconstrained build operations Thread 36"        [_thread_blocked, id=45620, stack(0x000000ef09300000,0x000000ef09400000) (1024K)]
  0x000002817c36c7b0 JavaThread "Unconstrained build operations Thread 37"        [_thread_blocked, id=85320, stack(0x000000ef09400000,0x000000ef09500000) (1024K)]
  0x000002817c372a20 JavaThread "Unconstrained build operations Thread 38"        [_thread_blocked, id=20968, stack(0x000000ef09500000,0x000000ef09600000) (1024K)]
  0x000002817c370950 JavaThread "Unconstrained build operations Thread 39"        [_thread_blocked, id=15328, stack(0x000000ef09600000,0x000000ef09700000) (1024K)]
  0x000002817c3702c0 JavaThread "Unconstrained build operations Thread 40"        [_thread_blocked, id=67564, stack(0x000000ef09700000,0x000000ef09800000) (1024K)]
  0x000002817c3730b0 JavaThread "Unconstrained build operations Thread 41"        [_thread_blocked, id=10568, stack(0x000000ef09800000,0x000000ef09900000) (1024K)]
  0x000002817c371d00 JavaThread "Unconstrained build operations Thread 42"        [_thread_blocked, id=81616, stack(0x000000ef09900000,0x000000ef09a00000) (1024K)]
  0x000002817c372390 JavaThread "Unconstrained build operations Thread 43"        [_thread_blocked, id=16848, stack(0x000000ef09a00000,0x000000ef09b00000) (1024K)]
  0x000002817c373740 JavaThread "Unconstrained build operations Thread 44"        [_thread_blocked, id=31636, stack(0x000000ef09b00000,0x000000ef09c00000) (1024K)]
  0x000002817c374460 JavaThread "Unconstrained build operations Thread 45"        [_thread_blocked, id=51308, stack(0x000000ef09c00000,0x000000ef09d00000) (1024K)]
  0x000002817c373dd0 JavaThread "Unconstrained build operations Thread 46"        [_thread_blocked, id=87344, stack(0x000000ef09e00000,0x000000ef09f00000) (1024K)]
  0x000002817c370fe0 JavaThread "Unconstrained build operations Thread 47"        [_thread_blocked, id=54796, stack(0x000000ef09f00000,0x000000ef0a000000) (1024K)]
  0x000002817c374af0 JavaThread "Unconstrained build operations Thread 48"        [_thread_blocked, id=84548, stack(0x000000ef0a000000,0x000000ef0a100000) (1024K)]
  0x000002817c375180 JavaThread "Unconstrained build operations Thread 49"        [_thread_blocked, id=74520, stack(0x000000ef0a100000,0x000000ef0a200000) (1024K)]
  0x0000028175786e60 JavaThread "Unconstrained build operations Thread 50"        [_thread_blocked, id=86984, stack(0x000000ef0a200000,0x000000ef0a300000) (1024K)]
  0x0000028175785420 JavaThread "Unconstrained build operations Thread 51"        [_thread_blocked, id=42124, stack(0x000000ef0a300000,0x000000ef0a400000) (1024K)]
  0x0000028175788f30 JavaThread "Unconstrained build operations Thread 52"        [_thread_blocked, id=76116, stack(0x000000ef0a400000,0x000000ef0a500000) (1024K)]
  0x00000281757867d0 JavaThread "Unconstrained build operations Thread 53"        [_thread_blocked, id=48920, stack(0x000000ef0a500000,0x000000ef0a600000) (1024K)]
  0x0000028175785ab0 JavaThread "Unconstrained build operations Thread 54"        [_thread_blocked, id=34264, stack(0x000000ef0a600000,0x000000ef0a700000) (1024K)]
  0x00000281757895c0 JavaThread "Unconstrained build operations Thread 55"        [_thread_blocked, id=52312, stack(0x000000ef0a700000,0x000000ef0a800000) (1024K)]
  0x0000028175786140 JavaThread "Unconstrained build operations Thread 56"        [_thread_blocked, id=57992, stack(0x000000ef0a800000,0x000000ef0a900000) (1024K)]
  0x0000028175789c50 JavaThread "Unconstrained build operations Thread 57"        [_thread_blocked, id=27236, stack(0x000000ef0a900000,0x000000ef0aa00000) (1024K)]
  0x0000028175787b80 JavaThread "Unconstrained build operations Thread 58"        [_thread_blocked, id=84800, stack(0x000000ef0aa00000,0x000000ef0ab00000) (1024K)]
  0x000002817578eb10 JavaThread "Unconstrained build operations Thread 59"        [_thread_blocked, id=91412, stack(0x000000ef0ab00000,0x000000ef0ac00000) (1024K)]
  0x000002817578e480 JavaThread "Unconstrained build operations Thread 60"        [_thread_blocked, id=17388, stack(0x000000ef0ac00000,0x000000ef0ad00000) (1024K)]
  0x000002817578b690 JavaThread "Unconstrained build operations Thread 61"        [_thread_blocked, id=61316, stack(0x000000ef0ad00000,0x000000ef0ae00000) (1024K)]
  0x000002817578d0d0 JavaThread "Unconstrained build operations Thread 62"        [_thread_blocked, id=91528, stack(0x000000ef0ae00000,0x000000ef0af00000) (1024K)]
  0x000002817578f1a0 JavaThread "Unconstrained build operations Thread 63"        [_thread_blocked, id=9364, stack(0x000000ef0af00000,0x000000ef0b000000) (1024K)]
  0x000002817578ca40 JavaThread "Unconstrained build operations Thread 64"        [_thread_blocked, id=27896, stack(0x000000ef0b000000,0x000000ef0b100000) (1024K)]
  0x000002817578d760 JavaThread "Unconstrained build operations Thread 65"        [_thread_blocked, id=88296, stack(0x000000ef0b100000,0x000000ef0b200000) (1024K)]
  0x000002817578f830 JavaThread "Unconstrained build operations Thread 66"        [_thread_in_Java, id=89604, stack(0x000000ef0b200000,0x000000ef0b300000) (1024K)]
  0x000002817578c3b0 JavaThread "Unconstrained build operations Thread 67"        [_thread_blocked, id=15848, stack(0x000000ef0b300000,0x000000ef0b400000) (1024K)]
  0x000002817578fec0 JavaThread "Unconstrained build operations Thread 68"        [_thread_blocked, id=75328, stack(0x000000ef0b400000,0x000000ef0b500000) (1024K)]
  0x000002817496b130 JavaThread "build event listener"              [_thread_blocked, id=71972, stack(0x000000ef0b500000,0x000000ef0b600000) (1024K)]
  0x000002817496ec40 JavaThread "build event listener"              [_thread_blocked, id=70636, stack(0x000000ef0b800000,0x000000ef0b900000) (1024K)]
  0x000002817496aaa0 JavaThread "pool-6-thread-1"                   [_thread_blocked, id=55076, stack(0x000000ef0b900000,0x000000ef0ba00000) (1024K)]
  0x000002817496f960 JavaThread "build event listener"              [_thread_blocked, id=46664, stack(0x000000ef0ba00000,0x000000ef0bb00000) (1024K)]
  0x0000028174970680 JavaThread "included builds"                   [_thread_blocked, id=81892, stack(0x000000ef0bb00000,0x000000ef0bc00000) (1024K)]
  0x000002817423af60 JavaThread "Execution worker"                  [_thread_blocked, id=51844, stack(0x000000ef0bc00000,0x000000ef0bd00000) (1024K)]
  0x0000028174239bb0 JavaThread "Execution worker Thread 2"         [_thread_blocked, id=56688, stack(0x000000ef0bd00000,0x000000ef0be00000) (1024K)]
  0x000002817423b5f0 JavaThread "Execution worker Thread 3"         [_thread_blocked, id=88484, stack(0x000000ef0be00000,0x000000ef0bf00000) (1024K)]
  0x000002817423c310 JavaThread "Execution worker Thread 4"         [_thread_blocked, id=85040, stack(0x000000ef0bf00000,0x000000ef0c000000) (1024K)]
  0x000002817423a240 JavaThread "Execution worker Thread 5"         [_thread_blocked, id=16636, stack(0x000000ef0c000000,0x000000ef0c100000) (1024K)]
  0x0000028174238e90 JavaThread "Execution worker Thread 6"         [_thread_blocked, id=84860, stack(0x000000ef0c100000,0x000000ef0c200000) (1024K)]
  0x000002817423c9a0 JavaThread "Execution worker Thread 7"         [_thread_blocked, id=73440, stack(0x000000ef0c200000,0x000000ef0c300000) (1024K)]
  0x000002817423d6c0 JavaThread "Execution worker Thread 8"         [_thread_blocked, id=81668, stack(0x000000ef0c300000,0x000000ef0c400000) (1024K)]
  0x000002817423a8d0 JavaThread "Execution worker Thread 9"         [_thread_blocked, id=83140, stack(0x000000ef0c400000,0x000000ef0c500000) (1024K)]
  0x000002817423e3e0 JavaThread "Execution worker Thread 10"        [_thread_blocked, id=46084, stack(0x000000ef0c500000,0x000000ef0c600000) (1024K)]
  0x000002817423f100 JavaThread "Execution worker Thread 11"        [_thread_blocked, id=67380, stack(0x000000ef0c600000,0x000000ef0c700000) (1024K)]
  0x000002817423bc80 JavaThread "Execution worker Thread 12"        [_thread_blocked, id=38556, stack(0x000000ef0c700000,0x000000ef0c800000) (1024K)]
  0x000002817423f790 JavaThread "Execution worker Thread 13"        [_thread_blocked, id=26408, stack(0x000000ef0c800000,0x000000ef0c900000) (1024K)]
  0x000002817423fe20 JavaThread "Execution worker Thread 14"        [_thread_blocked, id=53240, stack(0x000000ef0c900000,0x000000ef0ca00000) (1024K)]
  0x000002817383e3b0 JavaThread "Execution worker Thread 15"        [_thread_blocked, id=81208, stack(0x000000ef0ca00000,0x000000ef0cb00000) (1024K)]
  0x0000028173843900 JavaThread "Execution worker Thread 16"        [_thread_blocked, id=41088, stack(0x000000ef0cb00000,0x000000ef0cc00000) (1024K)]
  0x0000028173840b10 JavaThread "Execution worker Thread 17"        [_thread_blocked, id=75568, stack(0x000000ef0cc00000,0x000000ef0cd00000) (1024K)]
  0x0000028173841ec0 JavaThread "Cache worker for execution history cache (C:\Users\33947\Desktop\Android项目\click\.gradle\9.3.1\executionHistory)"        [_thread_blocked, id=25976, stack(0x000000ef0cd00000,0x000000ef0ce00000) (1024K)]
  0x0000028173840480 JavaThread "Execution worker Thread 18"        [_thread_blocked, id=59012, stack(0x000000ef0ce00000,0x000000ef0cf00000) (1024K)]
  0x0000028173842550 JavaThread "Execution worker Thread 19"        [_thread_blocked, id=51892, stack(0x000000ef0cf00000,0x000000ef0d000000) (1024K)]
  0x0000028173842be0 JavaThread "Execution worker Thread 20"        [_thread_blocked, id=78716, stack(0x000000ef0d000000,0x000000ef0d100000) (1024K)]
  0x0000028175781910 JavaThread "Execution worker Thread 21"        [_thread_blocked, id=74960, stack(0x000000ef0d100000,0x000000ef0d200000) (1024K)]
  0x000002817578ddf0 JavaThread "Execution worker Thread 22"        [_thread_blocked, id=75656, stack(0x000000ef0d200000,0x000000ef0d300000) (1024K)]
  0x000002817578bd20 JavaThread "Execution worker Thread 23"        [_thread_blocked, id=74304, stack(0x000000ef0d300000,0x000000ef0d400000) (1024K)]
  0x000002816f7be3b0 JavaThread "Unconstrained build operations Thread 69"        [_thread_blocked, id=68176, stack(0x000000ef0d400000,0x000000ef0d500000) (1024K)]
  0x000002816f7bf0d0 JavaThread "Unconstrained build operations Thread 70"        [_thread_blocked, id=19120, stack(0x000000ef0d700000,0x000000ef0d800000) (1024K)]
  0x000002816f7c0480 JavaThread "Unconstrained build operations Thread 71"        [_thread_blocked, id=69292, stack(0x000000ef0d800000,0x000000ef0d900000) (1024K)]
  0x00000281725c1d60 JavaThread "Unconstrained build operations Thread 72"        [_thread_blocked, id=53724, stack(0x000000ef0d900000,0x000000ef0da00000) (1024K)]
  0x00000281725c23f0 JavaThread "Unconstrained build operations Thread 73"        [_thread_blocked, id=53656, stack(0x000000ef0da00000,0x000000ef0db00000) (1024K)]
  0x0000028175790be0 JavaThread "Unconstrained build operations Thread 74"        [_thread_blocked, id=64788, stack(0x000000ef0db00000,0x000000ef0dc00000) (1024K)]
  0x000002817c369330 JavaThread "Unconstrained build operations Thread 75"        [_thread_blocked, id=28944, stack(0x000000ef0dc00000,0x000000ef0dd00000) (1024K)]
  0x00000281738d0250 JavaThread "Unconstrained build operations Thread 76"        [_thread_blocked, id=53820, stack(0x000000ef0dd00000,0x000000ef0de00000) (1024K)]
  0x00000281738ce810 JavaThread "Unconstrained build operations Thread 77"        [_thread_blocked, id=77728, stack(0x000000ef0de00000,0x000000ef0df00000) (1024K)]
  0x00000281738ceea0 JavaThread "Unconstrained build operations Thread 78"        [_thread_blocked, id=30944, stack(0x000000ef0df00000,0x000000ef0e000000) (1024K)]
  0x00000281738ce180 JavaThread "Unconstrained build operations Thread 79"        [_thread_blocked, id=59396, stack(0x000000ef0e000000,0x000000ef0e100000) (1024K)]
  0x00000281738d0f70 JavaThread "Unconstrained build operations Thread 80"        [_thread_blocked, id=59116, stack(0x000000ef0e100000,0x000000ef0e200000) (1024K)]
  0x00000281738d08e0 JavaThread "Unconstrained build operations Thread 81"        [_thread_blocked, id=68120, stack(0x000000ef0e200000,0x000000ef0e300000) (1024K)]
  0x00000281738d1600 JavaThread "Unconstrained build operations Thread 82"        [_thread_blocked, id=60400, stack(0x000000ef0e300000,0x000000ef0e400000) (1024K)]
  0x00000281738d1c90 JavaThread "Unconstrained build operations Thread 83"        [_thread_blocked, id=62572, stack(0x000000ef0e400000,0x000000ef0e500000) (1024K)]
  0x00000281738d2320 JavaThread "Unconstrained build operations Thread 84"        [_thread_blocked, id=40840, stack(0x000000ef0e500000,0x000000ef0e600000) (1024K)]
  0x00000281738d29b0 JavaThread "Unconstrained build operations Thread 85"        [_thread_blocked, id=83232, stack(0x000000ef0e600000,0x000000ef0e700000) (1024K)]
  0x00000281738cf530 JavaThread "Unconstrained build operations Thread 86"        [_thread_blocked, id=89256, stack(0x000000ef0e700000,0x000000ef0e800000) (1024K)]
  0x00000281738d3040 JavaThread "Unconstrained build operations Thread 87"        [_thread_blocked, id=89940, stack(0x000000ef0e800000,0x000000ef0e900000) (1024K)]
  0x00000281738cfbc0 JavaThread "Unconstrained build operations Thread 88"        [_thread_blocked, id=38184, stack(0x000000ef0e900000,0x000000ef0ea00000) (1024K)]
  0x00000281738d3d60 JavaThread "Unconstrained build operations Thread 89"        [_thread_blocked, id=60956, stack(0x000000ef0ea00000,0x000000ef0eb00000) (1024K)]
  0x00000281738d64c0 JavaThread "Unconstrained build operations Thread 90"        [_thread_blocked, id=92056, stack(0x000000ef0eb00000,0x000000ef0ec00000) (1024K)]
  0x00000281738d43f0 JavaThread "Unconstrained build operations Thread 91"        [_thread_blocked, id=61000, stack(0x000000ef0ec00000,0x000000ef0ed00000) (1024K)]
  0x00000281738d5e30 JavaThread "Unconstrained build operations Thread 92"        [_thread_blocked, id=57072, stack(0x000000ef0ed00000,0x000000ef0ee00000) (1024K)]
  0x00000281738d5110 JavaThread "Unconstrained build operations Thread 93"        [_thread_blocked, id=51696, stack(0x000000ef0ee00000,0x000000ef0ef00000) (1024K)]
  0x00000281738d6b50 JavaThread "Unconstrained build operations Thread 94"        [_thread_blocked, id=89784, stack(0x000000ef0ef00000,0x000000ef0f000000) (1024K)]
  0x00000281738d36d0 JavaThread "Unconstrained build operations Thread 95"        [_thread_blocked, id=15112, stack(0x000000ef0f100000,0x000000ef0f200000) (1024K)]
  0x00000281738d7f00 JavaThread "Unconstrained build operations Thread 96"        [_thread_blocked, id=53864, stack(0x000000ef0f200000,0x000000ef0f300000) (1024K)]
  0x00000281738d4a80 JavaThread "Unconstrained build operations Thread 97"        [_thread_blocked, id=10944, stack(0x000000ef0f300000,0x000000ef0f400000) (1024K)]
  0x00000281738d71e0 JavaThread "Unconstrained build operations Thread 98"        [_thread_blocked, id=40492, stack(0x000000ef0f400000,0x000000ef0f500000) (1024K)]
  0x00000281738d57a0 JavaThread "Unconstrained build operations Thread 99"        [_thread_blocked, id=12172, stack(0x000000ef0f500000,0x000000ef0f600000) (1024K)]
  0x00000281738dacf0 JavaThread "Unconstrained build operations Thread 100"        [_thread_blocked, id=85188, stack(0x000000ef0f600000,0x000000ef0f700000) (1024K)]
  0x00000281738d8590 JavaThread "Unconstrained build operations Thread 101"        [_thread_blocked, id=94008, stack(0x000000ef0f700000,0x000000ef0f800000) (1024K)]
  0x00000281738d92b0 JavaThread "Unconstrained build operations Thread 102"        [_thread_blocked, id=53740, stack(0x000000ef0f800000,0x000000ef0f900000) (1024K)]
  0x00000281738da660 JavaThread "Unconstrained build operations Thread 103"        [_thread_blocked, id=39072, stack(0x000000ef0f900000,0x000000ef0fa00000) (1024K)]
  0x00000281738d9fd0 JavaThread "Unconstrained build operations Thread 104"        [_thread_blocked, id=75540, stack(0x000000ef0fa00000,0x000000ef0fb00000) (1024K)]
  0x00000281738d9940 JavaThread "Unconstrained build operations Thread 105"        [_thread_blocked, id=17928, stack(0x000000ef0fb00000,0x000000ef0fc00000) (1024K)]
  0x00000281738d7870 JavaThread "Unconstrained build operations Thread 106"        [_thread_blocked, id=60596, stack(0x000000ef0fc00000,0x000000ef0fd00000) (1024K)]
  0x00000281738dba10 JavaThread "Unconstrained build operations Thread 107"        [_thread_blocked, id=19976, stack(0x000000ef0fd00000,0x000000ef0fe00000) (1024K)]
  0x00000281738db380 JavaThread "Unconstrained build operations Thread 108"        [_thread_blocked, id=83100, stack(0x000000ef0fe00000,0x000000ef0ff00000) (1024K)]
  0x00000281738dc730 JavaThread "Unconstrained build operations Thread 109"        [_thread_blocked, id=88684, stack(0x000000ef0ff00000,0x000000ef10000000) (1024K)]
  0x00000281738dc0a0 JavaThread "Unconstrained build operations Thread 110"        [_thread_blocked, id=95228, stack(0x000000ef10000000,0x000000ef10100000) (1024K)]
  0x00000281738dcdc0 JavaThread "Unconstrained build operations Thread 111"        [_thread_blocked, id=16908, stack(0x000000ef10100000,0x000000ef10200000) (1024K)]
  0x00000281738d8c20 JavaThread "Unconstrained build operations Thread 112"        [_thread_blocked, id=89772, stack(0x000000ef10200000,0x000000ef10300000) (1024K)]
  0x00000281738dd450 JavaThread "Unconstrained build operations Thread 113"        [_thread_blocked, id=93432, stack(0x000000ef10300000,0x000000ef10400000) (1024K)]
  0x000002817c36b400 JavaThread "Unconstrained build operations Thread 114"        [_thread_blocked, id=79424, stack(0x000000ef10400000,0x000000ef10500000) (1024K)]
  0x0000028175790550 JavaThread "Unconstrained build operations Thread 115"        [_thread_blocked, id=33104, stack(0x000000ef10500000,0x000000ef10600000) (1024K)]
  0x000002817b782e70 JavaThread "Unconstrained build operations Thread 116"        [_thread_blocked, id=90724, stack(0x000000ef10600000,0x000000ef10700000) (1024K)]
  0x000002817b783500 JavaThread "Unconstrained build operations Thread 117"        [_thread_blocked, id=3776, stack(0x000000ef10700000,0x000000ef10800000) (1024K)]
  0x000002817b7848b0 JavaThread "Unconstrained build operations Thread 118"        [_thread_blocked, id=19384, stack(0x000000ef10800000,0x000000ef10900000) (1024K)]
  0x000002817b784f40 JavaThread "Unconstrained build operations Thread 119"        [_thread_blocked, id=69180, stack(0x000000ef10900000,0x000000ef10a00000) (1024K)]
  0x000002817b781ac0 JavaThread "Unconstrained build operations Thread 120"        [_thread_blocked, id=61144, stack(0x000000ef10a00000,0x000000ef10b00000) (1024K)]
  0x000002817b7855d0 JavaThread "Unconstrained build operations Thread 121"        [_thread_blocked, id=81068, stack(0x000000ef10b00000,0x000000ef10c00000) (1024K)]
  0x000002817b782150 JavaThread "Unconstrained build operations Thread 122"        [_thread_blocked, id=90628, stack(0x000000ef10c00000,0x000000ef10d00000) (1024K)]
  0x000002817b785c60 JavaThread "Unconstrained build operations Thread 123"        [_thread_blocked, id=78892, stack(0x000000ef10d00000,0x000000ef10e00000) (1024K)]
  0x000002817b7827e0 JavaThread "Unconstrained build operations Thread 124"        [_thread_blocked, id=73408, stack(0x000000ef10e00000,0x000000ef10f00000) (1024K)]
  0x000002817b788a50 JavaThread "Unconstrained build operations Thread 125"        [_thread_blocked, id=68752, stack(0x000000ef10f00000,0x000000ef11000000) (1024K)]
  0x000002817b10e5a0 JavaThread "Unconstrained build operations Thread 126"        [_thread_blocked, id=40020, stack(0x000000ef11000000,0x000000ef11100000) (1024K)]
  0x000002817f399e50 JavaThread "Unconstrained build operations Thread 127"        [_thread_blocked, id=19920, stack(0x000000ef11100000,0x000000ef11200000) (1024K)]
  0x000002817f398aa0 JavaThread "Unconstrained build operations Thread 128"        [_thread_blocked, id=44936, stack(0x000000ef11200000,0x000000ef11300000) (1024K)]
  0x000002817f399130 JavaThread "Unconstrained build operations Thread 129"        [_thread_blocked, id=3580, stack(0x000000ef11300000,0x000000ef11400000) (1024K)]
  0x000002817f39a4e0 JavaThread "Unconstrained build operations Thread 130"        [_thread_blocked, id=61340, stack(0x000000ef11600000,0x000000ef11700000) (1024K)]
  0x000002817f39ab70 JavaThread "Unconstrained build operations Thread 131"        [_thread_blocked, id=5180, stack(0x000000ef11700000,0x000000ef11800000) (1024K)]
  0x000002817f3976f0 JavaThread "Unconstrained build operations Thread 132"        [_thread_blocked, id=88640, stack(0x000000ef11800000,0x000000ef11900000) (1024K)]
  0x000002817f39b200 JavaThread "Unconstrained build operations Thread 133"        [_thread_blocked, id=25468, stack(0x000000ef11900000,0x000000ef11a00000) (1024K)]
  0x000002817f39d2d0 JavaThread "Unconstrained build operations Thread 134"        [_thread_blocked, id=94628, stack(0x000000ef11a00000,0x000000ef11b00000) (1024K)]
  0x000002817f39cc40 JavaThread "Unconstrained build operations Thread 135"        [_thread_blocked, id=63344, stack(0x000000ef11b00000,0x000000ef11c00000) (1024K)]
  0x000002817f39d960 JavaThread "Unconstrained build operations Thread 136"        [_thread_blocked, id=47516, stack(0x000000ef11c00000,0x000000ef11d00000) (1024K)]
  0x000002817f39b890 JavaThread "Unconstrained build operations Thread 137"        [_thread_blocked, id=93720, stack(0x000000ef11d00000,0x000000ef11e00000) (1024K)]
  0x000002817f39e680 JavaThread "Unconstrained build operations Thread 138"        [_thread_blocked, id=92368, stack(0x000000ef11e00000,0x000000ef11f00000) (1024K)]
  0x000002817f39ed10 JavaThread "Unconstrained build operations Thread 139"        [_thread_blocked, id=93472, stack(0x000000ef11f00000,0x000000ef12000000) (1024K)]
  0x000002817f39f3a0 JavaThread "Unconstrained build operations Thread 140"        [_thread_blocked, id=87376, stack(0x000000ef12000000,0x000000ef12100000) (1024K)]
  0x000002817f39c5b0 JavaThread "Unconstrained build operations Thread 141"        [_thread_blocked, id=59432, stack(0x000000ef12100000,0x000000ef12200000) (1024K)]
  0x000002817f39bf20 JavaThread "Unconstrained build operations Thread 142"        [_thread_blocked, id=88328, stack(0x000000ef12200000,0x000000ef12300000) (1024K)]
  0x000002817f39fa30 JavaThread "Unconstrained build operations Thread 143"        [_thread_blocked, id=88032, stack(0x000000ef12300000,0x000000ef12400000) (1024K)]
  0x000002817f3a2820 JavaThread "Unconstrained build operations Thread 144"        [_thread_blocked, id=83976, stack(0x000000ef12400000,0x000000ef12500000) (1024K)]
  0x000002817f3a0750 JavaThread "Unconstrained build operations Thread 145"        [_thread_blocked, id=87004, stack(0x000000ef12500000,0x000000ef12600000) (1024K)]
  0x000002817f3a0de0 JavaThread "Unconstrained build operations Thread 146"        [_thread_blocked, id=93216, stack(0x000000ef12600000,0x000000ef12700000) (1024K)]
  0x000002817f3a1b00 JavaThread "Unconstrained build operations Thread 147"        [_thread_blocked, id=80584, stack(0x000000ef12700000,0x000000ef12800000) (1024K)]
  0x000002817f3a2eb0 JavaThread "Unconstrained build operations Thread 148"        [_thread_blocked, id=36628, stack(0x000000ef12800000,0x000000ef12900000) (1024K)]
  0x000002817f398410 JavaThread "WorkerExecutor Queue"              [_thread_in_native, id=13588, stack(0x000000ef12900000,0x000000ef12a00000) (1024K)]
  0x000002817f397d80 JavaThread "Unconstrained build operations Thread 149"        [_thread_blocked, id=61724, stack(0x000000ef12a00000,0x000000ef12b00000) (1024K)]
  0x000002817f3a00c0 JavaThread "Unconstrained build operations Thread 150"        [_thread_blocked, id=94636, stack(0x000000ef12b00000,0x000000ef12c00000) (1024K)]
  0x000002817f3a1470 JavaThread "Unconstrained build operations Thread 151"        [_thread_blocked, id=61644, stack(0x000000ef12c00000,0x000000ef12d00000) (1024K)]
  0x000002817f39dff0 JavaThread "Unconstrained build operations Thread 152"        [_thread_blocked, id=87148, stack(0x000000ef12d00000,0x000000ef12e00000) (1024K)]
  0x000002817f3a3bd0 JavaThread "Unconstrained build operations Thread 153"        [_thread_blocked, id=83320, stack(0x000000ef12e00000,0x000000ef12f00000) (1024K)]
  0x000002817f3a48f0 JavaThread "Unconstrained build operations Thread 154"        [_thread_blocked, id=41092, stack(0x000000ef12f00000,0x000000ef13000000) (1024K)]
  0x000002817f3a4260 JavaThread "Unconstrained build operations Thread 155"        [_thread_blocked, id=65436, stack(0x000000ef13000000,0x000000ef13100000) (1024K)]
  0x000002817f3a4f80 JavaThread "Unconstrained build operations Thread 156"        [_thread_blocked, id=60244, stack(0x000000ef13100000,0x000000ef13200000) (1024K)]
  0x000002817f3a3540 JavaThread "Unconstrained build operations Thread 157"        [_thread_blocked, id=84240, stack(0x000000ef13200000,0x000000ef13300000) (1024K)]
  0x000002817f3a2190 JavaThread "Unconstrained build operations Thread 158"        [_thread_blocked, id=81584, stack(0x000000ef13300000,0x000000ef13400000) (1024K)]
  0x000002817f3a8400 JavaThread "Unconstrained build operations Thread 159"        [_thread_blocked, id=23488, stack(0x000000ef13400000,0x000000ef13500000) (1024K)]
  0x000002817f3a69c0 JavaThread "Unconstrained build operations Thread 160"        [_thread_blocked, id=55840, stack(0x000000ef13500000,0x000000ef13600000) (1024K)]
  0x000002817f3a7050 JavaThread "Unconstrained build operations Thread 161"        [_thread_blocked, id=62208, stack(0x000000ef13600000,0x000000ef13700000) (1024K)]
  0x000002817f3a6330 JavaThread "Unconstrained build operations Thread 162"        [_thread_blocked, id=32892, stack(0x000000ef13700000,0x000000ef13800000) (1024K)]
  0x000002817f3a76e0 JavaThread "Unconstrained build operations Thread 163"        [_thread_blocked, id=88240, stack(0x000000ef13800000,0x000000ef13900000) (1024K)]
  0x000002817f3a7d70 JavaThread "Unconstrained build operations Thread 164"        [_thread_blocked, id=87372, stack(0x000000ef13900000,0x000000ef13a00000) (1024K)]
  0x000002817f3a8a90 JavaThread "Unconstrained build operations Thread 165"        [_thread_blocked, id=26668, stack(0x000000ef13a00000,0x000000ef13b00000) (1024K)]
  0x000002817f3a5610 JavaThread "Unconstrained build operations Thread 166"        [_thread_blocked, id=16788, stack(0x000000ef13b00000,0x000000ef13c00000) (1024K)]
  0x000002817f3a9120 JavaThread "Unconstrained build operations Thread 167"        [_thread_blocked, id=43132, stack(0x000000ef13c00000,0x000000ef13d00000) (1024K)]
  0x000002817f3a5ca0 JavaThread "Unconstrained build operations Thread 168"        [_thread_blocked, id=90948, stack(0x000000ef13d00000,0x000000ef13e00000) (1024K)]
  0x000002817f3ab1f0 JavaThread "Unconstrained build operations Thread 169"        [_thread_blocked, id=94808, stack(0x000000ef13e00000,0x000000ef13f00000) (1024K)]
  0x000002817f3a9e40 JavaThread "Unconstrained build operations Thread 170"        [_thread_blocked, id=94372, stack(0x000000ef13f00000,0x000000ef14000000) (1024K)]
  0x000002817f3a97b0 JavaThread "Unconstrained build operations Thread 171"        [_thread_blocked, id=58056, stack(0x000000ef14000000,0x000000ef14100000) (1024K)]
  0x000002817f3aab60 JavaThread "Unconstrained build operations Thread 172"        [_thread_blocked, id=49420, stack(0x000000ef14100000,0x000000ef14200000) (1024K)]
  0x000002817f3ad950 JavaThread "Unconstrained build operations Thread 173"        [_thread_blocked, id=47912, stack(0x000000ef14200000,0x000000ef14300000) (1024K)]
  0x000002817f3aa4d0 JavaThread "Unconstrained build operations Thread 174"        [_thread_blocked, id=3864, stack(0x000000ef14300000,0x000000ef14400000) (1024K)]
  0x000002817f3adfe0 JavaThread "Unconstrained build operations Thread 175"        [_thread_blocked, id=60800, stack(0x000000ef14400000,0x000000ef14500000) (1024K)]
  0x000002817f3ad2c0 JavaThread "Unconstrained build operations Thread 176"        [_thread_blocked, id=92852, stack(0x000000ef14500000,0x000000ef14600000) (1024K)]
  0x000002817f3ae670 JavaThread "Unconstrained build operations Thread 177"        [_thread_blocked, id=55144, stack(0x000000ef14600000,0x000000ef14700000) (1024K)]
  0x000002817f3aed00 JavaThread "Unconstrained build operations Thread 178"        [_thread_blocked, id=89580, stack(0x000000ef14700000,0x000000ef14800000) (1024K)]
  0x000002817f3ab880 JavaThread "Unconstrained build operations Thread 179"        [_thread_blocked, id=1156, stack(0x000000ef14800000,0x000000ef14900000) (1024K)]
  0x000002817f3af390 JavaThread "Unconstrained build operations Thread 180"        [_thread_blocked, id=77592, stack(0x000000ef14900000,0x000000ef14a00000) (1024K)]
  0x000002817f3abf10 JavaThread "Unconstrained build operations Thread 181"        [_thread_blocked, id=50980, stack(0x000000ef14a00000,0x000000ef14b00000) (1024K)]
  0x000002817f3afa20 JavaThread "Unconstrained build operations Thread 182"        [_thread_blocked, id=82968, stack(0x000000ef14b00000,0x000000ef14c00000) (1024K)]
  0x000002817f3ac5a0 JavaThread "Unconstrained build operations Thread 183"        [_thread_blocked, id=53252, stack(0x000000ef14c00000,0x000000ef14d00000) (1024K)]
  0x000002817f3b00b0 JavaThread "Unconstrained build operations Thread 184"        [_thread_blocked, id=94988, stack(0x000000ef14d00000,0x000000ef14e00000) (1024K)]
  0x000002817f3acc30 JavaThread "Unconstrained build operations Thread 185"        [_thread_blocked, id=47320, stack(0x000000ef14e00000,0x000000ef14f00000) (1024K)]
  0x000002817f3b0740 JavaThread "Unconstrained build operations Thread 186"        [_thread_blocked, id=88376, stack(0x000000ef14f00000,0x000000ef15000000) (1024K)]
  0x000002817f3b0dd0 JavaThread "Unconstrained build operations Thread 187"        [_thread_blocked, id=3496, stack(0x000000ef15000000,0x000000ef15100000) (1024K)]
  0x000002817f3b1af0 JavaThread "Unconstrained build operations Thread 188"        [_thread_blocked, id=19476, stack(0x000000ef15100000,0x000000ef15200000) (1024K)]
  0x000002817f3b2ea0 JavaThread "Unconstrained build operations Thread 189"        [_thread_blocked, id=17260, stack(0x000000ef15200000,0x000000ef15300000) (1024K)]
  0x000002817f3b48e0 JavaThread "Unconstrained build operations Thread 190"        [_thread_blocked, id=66492, stack(0x000000ef15300000,0x000000ef15400000) (1024K)]
  0x000002817f3b3530 JavaThread "Unconstrained build operations Thread 191"        [_thread_blocked, id=62968, stack(0x000000ef15400000,0x000000ef15500000) (1024K)]
  0x000002817f3b3bc0 JavaThread "Unconstrained build operations Thread 192"        [_thread_blocked, id=53748, stack(0x000000ef15500000,0x000000ef15600000) (1024K)]
  0x000002817f3b1460 JavaThread "Unconstrained build operations Thread 193"        [_thread_blocked, id=55768, stack(0x000000ef15600000,0x000000ef15700000) (1024K)]
  0x000002817f3b4f70 JavaThread "Unconstrained build operations Thread 194"        [_thread_blocked, id=86332, stack(0x000000ef15700000,0x000000ef15800000) (1024K)]
  0x000002817f3b2810 JavaThread "Unconstrained build operations Thread 195"        [_thread_blocked, id=78736, stack(0x000000ef15800000,0x000000ef15900000) (1024K)]
  0x000002817f3b4250 JavaThread "Unconstrained build operations Thread 196"        [_thread_blocked, id=51512, stack(0x000000ef15900000,0x000000ef15a00000) (1024K)]
  0x000002817f3b5600 JavaThread "Unconstrained build operations Thread 197"        [_thread_blocked, id=95208, stack(0x000000ef15a00000,0x000000ef15b00000) (1024K)]
  0x000002817f3b2180 JavaThread "Unconstrained build operations Thread 198"        [_thread_blocked, id=79976, stack(0x000000ef15b00000,0x000000ef15c00000) (1024K)]
  0x000002817f3b5c90 JavaThread "Unconstrained build operations Thread 199"        [_thread_blocked, id=33712, stack(0x000000ef15c00000,0x000000ef15d00000) (1024K)]
  0x000002817f3b6320 JavaThread "Unconstrained build operations Thread 200"        [_thread_blocked, id=25332, stack(0x000000ef15d00000,0x000000ef15e00000) (1024K)]
  0x000002817b100d10 JavaThread "Unconstrained build operations Thread 201"        [_thread_blocked, id=84076, stack(0x000000ef15e00000,0x000000ef15f00000) (1024K)]
  0x000002817b101a30 JavaThread "Unconstrained build operations Thread 202"        [_thread_blocked, id=53520, stack(0x000000ef15f00000,0x000000ef16000000) (1024K)]
  0x000002817b0ffff0 JavaThread "Unconstrained build operations Thread 203"        [_thread_blocked, id=87128, stack(0x000000ef16000000,0x000000ef16100000) (1024K)]
  0x000002817b102de0 JavaThread "Unconstrained build operations Thread 204"        [_thread_blocked, id=66844, stack(0x000000ef16100000,0x000000ef16200000) (1024K)]
  0x000002817b103470 JavaThread "Unconstrained build operations Thread 205"        [_thread_blocked, id=52148, stack(0x000000ef16200000,0x000000ef16300000) (1024K)]
  0x000002817b102750 JavaThread "Unconstrained build operations Thread 206"        [_thread_blocked, id=57812, stack(0x000000ef16300000,0x000000ef16400000) (1024K)]
  0x000002817b1013a0 JavaThread "Unconstrained build operations Thread 207"        [_thread_blocked, id=51124, stack(0x000000ef16400000,0x000000ef16500000) (1024K)]
  0x000002817b103b00 JavaThread "Unconstrained build operations Thread 208"        [_thread_blocked, id=80224, stack(0x000000ef16500000,0x000000ef16600000) (1024K)]
  0x000002817b1020c0 JavaThread "Unconstrained build operations Thread 209"        [_thread_blocked, id=85224, stack(0x000000ef16600000,0x000000ef16700000) (1024K)]
  0x000002817b100680 JavaThread "Unconstrained build operations Thread 210"        [_thread_blocked, id=48336, stack(0x000000ef16700000,0x000000ef16800000) (1024K)]
  0x000002817b1068f0 JavaThread "Unconstrained build operations Thread 211"        [_thread_blocked, id=20396, stack(0x000000ef16800000,0x000000ef16900000) (1024K)]
  0x000002817b106260 JavaThread "Unconstrained build operations Thread 212"        [_thread_blocked, id=89320, stack(0x000000ef16900000,0x000000ef16a00000) (1024K)]
  0x000002817b105540 JavaThread "Unconstrained build operations Thread 213"        [_thread_blocked, id=41560, stack(0x000000ef16a00000,0x000000ef16b00000) (1024K)]
  0x000002817b104eb0 JavaThread "Unconstrained build operations Thread 214"        [_thread_blocked, id=89988, stack(0x000000ef16b00000,0x000000ef16c00000) (1024K)]
  0x000002817b104820 JavaThread "Unconstrained build operations Thread 215"        [_thread_blocked, id=79752, stack(0x000000ef16c00000,0x000000ef16d00000) (1024K)]
  0x000002817b105bd0 JavaThread "Unconstrained build operations Thread 216"        [_thread_blocked, id=93540, stack(0x000000ef16d00000,0x000000ef16e00000) (1024K)]
  0x000002817b106f80 JavaThread "Unconstrained build operations Thread 217"        [_thread_blocked, id=33244, stack(0x000000ef16e00000,0x000000ef16f00000) (1024K)]
  0x000002817b104190 JavaThread "Unconstrained build operations Thread 218"        [_thread_blocked, id=54492, stack(0x000000ef17000000,0x000000ef17100000) (1024K)]
  0x000002817b109d70 JavaThread "Unconstrained build operations Thread 219"        [_thread_blocked, id=88436, stack(0x000000ef17100000,0x000000ef17200000) (1024K)]
  0x000002817b1089c0 JavaThread "Unconstrained build operations Thread 220"        [_thread_blocked, id=57576, stack(0x000000ef17200000,0x000000ef17300000) (1024K)]
  0x000002817b10a400 JavaThread "Unconstrained build operations Thread 221"        [_thread_blocked, id=57000, stack(0x000000ef17300000,0x000000ef17400000) (1024K)]
  0x000002817b10aa90 JavaThread "Unconstrained build operations Thread 222"        [_thread_blocked, id=75972, stack(0x000000ef17400000,0x000000ef17500000) (1024K)]
  0x000002817b10b120 JavaThread "Unconstrained build operations Thread 223"        [_thread_blocked, id=74724, stack(0x000000ef17500000,0x000000ef17600000) (1024K)]
  0x000002817b107ca0 JavaThread "Unconstrained build operations Thread 224"        [_thread_blocked, id=68276, stack(0x000000ef17600000,0x000000ef17700000) (1024K)]
  0x000002817b108330 JavaThread "Unconstrained build operations Thread 225"        [_thread_blocked, id=70556, stack(0x000000ef17700000,0x000000ef17800000) (1024K)]
  0x000002817b10b7b0 JavaThread "Unconstrained build operations Thread 226"        [_thread_blocked, id=20524, stack(0x000000ef17800000,0x000000ef17900000) (1024K)]
  0x000002817b10cb60 JavaThread "Unconstrained build operations Thread 227"        [_thread_blocked, id=80168, stack(0x000000ef17900000,0x000000ef17a00000) (1024K)]
  0x000002817b10c4d0 JavaThread "Unconstrained build operations Thread 228"        [_thread_blocked, id=87928, stack(0x000000ef17a00000,0x000000ef17b00000) (1024K)]
  0x000002817b10df10 JavaThread "Unconstrained build operations Thread 229"        [_thread_blocked, id=87792, stack(0x000000ef17b00000,0x000000ef17c00000) (1024K)]
  0x000002817b10f2c0 JavaThread "Unconstrained build operations Thread 230"        [_thread_blocked, id=91520, stack(0x000000ef17c00000,0x000000ef17d00000) (1024K)]
  0x000002817b10ec30 JavaThread "Unconstrained build operations Thread 231"        [_thread_blocked, id=57060, stack(0x000000ef17d00000,0x000000ef17e00000) (1024K)]
  0x000002817b10d880 JavaThread "Unconstrained build operations Thread 232"        [_thread_blocked, id=86052, stack(0x000000ef17e00000,0x000000ef17f00000) (1024K)]
  0x000002817b10be40 JavaThread "Unconstrained build operations Thread 233"        [_thread_blocked, id=66232, stack(0x000000ef17f00000,0x000000ef18000000) (1024K)]
  0x000002817b7862f0 JavaThread "Unconstrained build operations Thread 234"        [_thread_blocked, id=34560, stack(0x000000ef18000000,0x000000ef18100000) (1024K)]
  0x000002817b786980 JavaThread "Unconstrained build operations Thread 235"        [_thread_blocked, id=91808, stack(0x000000ef18100000,0x000000ef18200000) (1024K)]
  0x000002817b787010 JavaThread "Unconstrained build operations Thread 236"        [_thread_blocked, id=25508, stack(0x000000ef18200000,0x000000ef18300000) (1024K)]
  0x000002817b7876a0 JavaThread "Unconstrained build operations Thread 237"        [_thread_blocked, id=92436, stack(0x000000ef18300000,0x000000ef18400000) (1024K)]
  0x000002817b789770 JavaThread "Unconstrained build operations Thread 238"        [_thread_blocked, id=72660, stack(0x000000ef18400000,0x000000ef18500000) (1024K)]
  0x000002817b7890e0 JavaThread "Unconstrained build operations Thread 239"        [_thread_blocked, id=28824, stack(0x000000ef18500000,0x000000ef18600000) (1024K)]
  0x000002817b789e00 JavaThread "Unconstrained build operations Thread 240"        [_thread_blocked, id=67948, stack(0x000000ef18600000,0x000000ef18700000) (1024K)]
  0x0000028175f0cd80 JavaThread "WorkerExecutor Queue Thread 2"        [_thread_blocked, id=79996, stack(0x000000ef18700000,0x000000ef18800000) (1024K)]
  0x000002817f5862d0 JavaThread "RMI Scheduler(0)"           daemon [_thread_blocked, id=14784, stack(0x000000ef16f00000,0x000000ef17000000) (1024K)]
  0x000002817f585c40 JavaThread "RMI RenewClean-[127.0.0.1:17868,org.jetbrains.kotlin.daemon.common.LoopbackNetworkInterface$ClientLoopbackSocketFactory@5a715745]" daemon [_thread_blocked, id=82636, stack(0x000000ef18800000,0x000000ef18900000) (1024K)]
  0x000002817f586ff0 JavaThread "RMI GC Daemon"              daemon [_thread_blocked, id=47844, stack(0x000000ef18900000,0x000000ef18a00000) (1024K)]
  0x000002817f586960 JavaThread "RMI TCP Accept-0"           daemon [_thread_in_native, id=8016, stack(0x000000ef18a00000,0x000000ef18b00000) (1024K)]
  0x000002817df9cf10 JavaThread "RMI Reaper"                        [_thread_blocked, id=44448, stack(0x000000ef18b00000,0x000000ef18c00000) (1024K)]
  0x000002817b4dd770 JavaThread "RMI TCP Connection(1)-127.0.0.1" daemon [_thread_in_native, id=92364, stack(0x000000ef18c00000,0x000000ef18d00000) (1024K)]
  0x000002817e9bf0f0 JavaThread "C2 CompilerThread3"         daemon [_thread_in_native, id=31144, stack(0x000000ef09d00000,0x000000ef09e00000) (1024K)]
Total: 339

Other Threads:
  0x0000028169d03d30 VMThread "VM Thread"                           [id=67292, stack(0x000000ef01f00000,0x000000ef02000000) (1024K)]
  0x0000028169cb09d0 WatcherThread "VM Periodic Task Thread"        [id=20952, stack(0x000000ef01e00000,0x000000ef01f00000) (1024K)]
  0x000002814f1fa170 WorkerThread "GC Thread#0"                     [id=4940, stack(0x000000ef01900000,0x000000ef01a00000) (1024K)]
  0x000002816a6ac860 WorkerThread "GC Thread#1"                     [id=75744, stack(0x000000ef02f00000,0x000000ef03000000) (1024K)]
  0x000002816a6acc10 WorkerThread "GC Thread#2"                     [id=72496, stack(0x000000ef03000000,0x000000ef03100000) (1024K)]
  0x000002816a6acfc0 WorkerThread "GC Thread#3"                     [id=30516, stack(0x000000ef03100000,0x000000ef03200000) (1024K)]
  0x000002816f06bb10 WorkerThread "GC Thread#4"                     [id=31380, stack(0x000000ef03200000,0x000000ef03300000) (1024K)]
  0x00000281708c9980 WorkerThread "GC Thread#5"                     [id=42312, stack(0x000000ef03700000,0x000000ef03800000) (1024K)]
  0x00000281708c9d30 WorkerThread "GC Thread#6"                     [id=42840, stack(0x000000ef03800000,0x000000ef03900000) (1024K)]
  0x00000281708ca0e0 WorkerThread "GC Thread#7"                     [id=76968, stack(0x000000ef03900000,0x000000ef03a00000) (1024K)]
  0x000002817080b110 WorkerThread "GC Thread#8"                     [id=51428, stack(0x000000ef03a00000,0x000000ef03b00000) (1024K)]
  0x0000028170809ea0 WorkerThread "GC Thread#9"                     [id=62296, stack(0x000000ef03b00000,0x000000ef03c00000) (1024K)]
  0x000002817080a250 WorkerThread "GC Thread#10"                    [id=85768, stack(0x000000ef03c00000,0x000000ef03d00000) (1024K)]
  0x000002817080ad60 WorkerThread "GC Thread#11"                    [id=78196, stack(0x000000ef03d00000,0x000000ef03e00000) (1024K)]
  0x000002817080b4c0 WorkerThread "GC Thread#12"                    [id=47932, stack(0x000000ef03e00000,0x000000ef03f00000) (1024K)]
  0x000002817080a600 WorkerThread "GC Thread#13"                    [id=17424, stack(0x000000ef04100000,0x000000ef04200000) (1024K)]
  0x0000028170bc2480 WorkerThread "GC Thread#14"                    [id=90408, stack(0x000000ef04e00000,0x000000ef04f00000) (1024K)]
  0x0000028170bc2830 WorkerThread "GC Thread#15"                    [id=88092, stack(0x000000ef04f00000,0x000000ef05000000) (1024K)]
  0x0000028170bc1970 WorkerThread "GC Thread#16"                    [id=11256, stack(0x000000ef05000000,0x000000ef05100000) (1024K)]
  0x0000028170bc1d20 WorkerThread "GC Thread#17"                    [id=66752, stack(0x000000ef05100000,0x000000ef05200000) (1024K)]
  0x000002814f20c760 ConcurrentGCThread "G1 Main Marker"            [id=6084, stack(0x000000ef01a00000,0x000000ef01b00000) (1024K)]
  0x000002814f20e190 WorkerThread "G1 Conc#0"                       [id=84116, stack(0x000000ef01b00000,0x000000ef01c00000) (1024K)]
  0x000002817080a9b0 WorkerThread "G1 Conc#1"                       [id=39456, stack(0x000000ef04200000,0x000000ef04300000) (1024K)]
  0x0000028170bc2be0 WorkerThread "G1 Conc#2"                       [id=44372, stack(0x000000ef04300000,0x000000ef04400000) (1024K)]
  0x0000028170bc20d0 WorkerThread "G1 Conc#3"                       [id=76732, stack(0x000000ef04400000,0x000000ef04500000) (1024K)]
  0x0000028170bc3340 WorkerThread "G1 Conc#4"                       [id=83952, stack(0x000000ef04500000,0x000000ef04600000) (1024K)]
  0x0000028169731530 ConcurrentGCThread "G1 Refine#0"               [id=85944, stack(0x000000ef01c00000,0x000000ef01d00000) (1024K)]
  0x0000028169731fc0 ConcurrentGCThread "G1 Service"                [id=89696, stack(0x000000ef01d00000,0x000000ef01e00000) (1024K)]
Total: 28

Threads with active compile tasks:
C2 CompilerThread0  72715 24045       4       com.android.tools.r8.internal.ag0::a (634 bytes)
C2 CompilerThread1  72715 24006 %     4       com.android.tools.r8.internal.ca2::b @ 443 (2125 bytes)
C2 CompilerThread2  72716 24117 %     4       com.android.tools.r8.internal.ca2::a @ 1749 (2026 bytes)
C2 CompilerThread3  72716 23863       4       com.android.tools.r8.internal.ca2::a (3042 bytes)
Total: 4

VM state: not at safepoint (normal execution)

VM Mutex/Monitor currently owned by a thread: None

Heap address: 0x0000000080000000, size: 2048 MB, Compressed Oops mode: 32-bit

CDS archive(s) not mapped
Compressed class space mapped at: 0x0000000100000000-0x0000000140000000, reserved size: 1073741824
Narrow klass base: 0x0000000000000000, Narrow klass shift: 3, Narrow klass range: 0x140000000

GC Precious Log:
 CardTable entry size: 512
 Card Set container configuration: InlinePtr #cards 5 size 8 Array Of Cards #cards 12 size 40 Howl #buckets 4 coarsen threshold 1843 Howl Bitmap #cards 512 size 80 coarsen threshold 460 Card regions per heap region 1 cards per card region 2048
 CPUs: 24 total, 24 available
 Memory: 15732M
 Large Page Support: Disabled
 NUMA Support: Disabled
 Compressed Oops: Enabled (32-bit)
 Heap Region Size: 1M
 Heap Min Capacity: 8M
 Heap Initial Capacity: 246M
 Heap Max Capacity: 2G
 Pre-touch: Disabled
 Parallel Workers: 18
 Concurrent Workers: 5
 Concurrent Refinement Workers: 18
 Periodic GC: Disabled

Heap:
 garbage-first heap   total 555008K, used 235747K [0x0000000080000000, 0x0000000100000000)
  region size 1024K, 24 young (24576K), 2 survivors (2048K)
 Metaspace       used 172576K, committed 175296K, reserved 1245184K
  class space    used 23346K, committed 24704K, reserved 1048576K

Heap Regions: E=young(eden), S=young(survivor), O=old, HS=humongous(starts), HC=humongous(continues), CS=collection set, F=free, TAMS=top-at-mark-start, PB=parsable bottom
|   0|0x0000000080000000, 0x0000000080100000, 0x0000000080100000|100%|HS|  |TAMS 0x0000000080000000| PB 0x0000000080000000| Complete 
|   1|0x0000000080100000, 0x0000000080200000, 0x0000000080200000|100%|HC|  |TAMS 0x0000000080100000| PB 0x0000000080100000| Complete 
|   2|0x0000000080200000, 0x0000000080300000, 0x0000000080300000|100%|HC|  |TAMS 0x0000000080200000| PB 0x0000000080200000| Complete 
|   3|0x0000000080300000, 0x0000000080400000, 0x0000000080400000|100%|HC|  |TAMS 0x0000000080300000| PB 0x0000000080300000| Complete 
|   4|0x0000000080400000, 0x0000000080500000, 0x0000000080500000|100%| O|  |TAMS 0x0000000080400000| PB 0x0000000080400000| Untracked 
|   5|0x0000000080500000, 0x0000000080600000, 0x0000000080600000|100%| O|  |TAMS 0x0000000080500000| PB 0x0000000080500000| Untracked 
|   6|0x0000000080600000, 0x0000000080700000, 0x0000000080700000|100%| O|  |TAMS 0x0000000080600000| PB 0x0000000080600000| Untracked 
|   7|0x0000000080700000, 0x0000000080800000, 0x0000000080800000|100%|HS|  |TAMS 0x0000000080700000| PB 0x0000000080700000| Complete 
|   8|0x0000000080800000, 0x0000000080900000, 0x0000000080900000|100%| O|  |TAMS 0x0000000080800000| PB 0x0000000080800000| Untracked 
|   9|0x0000000080900000, 0x0000000080a00000, 0x0000000080a00000|100%| O|  |TAMS 0x0000000080900000| PB 0x0000000080900000| Untracked 
|  10|0x0000000080a00000, 0x0000000080b00000, 0x0000000080b00000|100%| O|  |TAMS 0x0000000080a00000| PB 0x0000000080a00000| Untracked 
|  11|0x0000000080b00000, 0x0000000080c00000, 0x0000000080c00000|100%| O|  |TAMS 0x0000000080b00000| PB 0x0000000080b00000| Untracked 
|  12|0x0000000080c00000, 0x0000000080d00000, 0x0000000080d00000|100%| O|  |TAMS 0x0000000080c00000| PB 0x0000000080c00000| Untracked 
|  13|0x0000000080d00000, 0x0000000080e00000, 0x0000000080e00000|100%| O|  |TAMS 0x0000000080d00000| PB 0x0000000080d00000| Untracked 
|  14|0x0000000080e00000, 0x0000000080f00000, 0x0000000080f00000|100%| O|  |TAMS 0x0000000080e00000| PB 0x0000000080e00000| Untracked 
|  15|0x0000000080f00000, 0x0000000081000000, 0x0000000081000000|100%| O|  |TAMS 0x0000000080f00000| PB 0x0000000080f00000| Untracked 
|  16|0x0000000081000000, 0x0000000081100000, 0x0000000081100000|100%| O|  |TAMS 0x0000000081000000| PB 0x0000000081000000| Untracked 
|  17|0x0000000081100000, 0x0000000081200000, 0x0000000081200000|100%| O|  |TAMS 0x0000000081100000| PB 0x0000000081100000| Untracked 
|  18|0x0000000081200000, 0x0000000081300000, 0x0000000081300000|100%| O|  |TAMS 0x0000000081200000| PB 0x0000000081200000| Untracked 
|  19|0x0000000081300000, 0x0000000081400000, 0x0000000081400000|100%| O|  |TAMS 0x0000000081300000| PB 0x0000000081300000| Untracked 
|  20|0x0000000081400000, 0x0000000081500000, 0x0000000081500000|100%| O|  |TAMS 0x0000000081400000| PB 0x0000000081400000| Untracked 
|  21|0x0000000081500000, 0x0000000081600000, 0x0000000081600000|100%| O|  |TAMS 0x0000000081500000| PB 0x0000000081500000| Untracked 
|  22|0x0000000081600000, 0x0000000081700000, 0x0000000081700000|100%| O|  |TAMS 0x0000000081600000| PB 0x0000000081600000| Untracked 
|  23|0x0000000081700000, 0x0000000081800000, 0x0000000081800000|100%|HS|  |TAMS 0x0000000081700000| PB 0x0000000081700000| Complete 
|  24|0x0000000081800000, 0x0000000081900000, 0x0000000081900000|100%|HC|  |TAMS 0x0000000081800000| PB 0x0000000081800000| Complete 
|  25|0x0000000081900000, 0x0000000081a00000, 0x0000000081a00000|100%|HC|  |TAMS 0x0000000081900000| PB 0x0000000081900000| Complete 
|  26|0x0000000081a00000, 0x0000000081b00000, 0x0000000081b00000|100%|HC|  |TAMS 0x0000000081a00000| PB 0x0000000081a00000| Complete 
|  27|0x0000000081b00000, 0x0000000081c00000, 0x0000000081c00000|100%|HC|  |TAMS 0x0000000081b00000| PB 0x0000000081b00000| Complete 
|  28|0x0000000081c00000, 0x0000000081d00000, 0x0000000081d00000|100%|HC|  |TAMS 0x0000000081c00000| PB 0x0000000081c00000| Complete 
|  29|0x0000000081d00000, 0x0000000081e00000, 0x0000000081e00000|100%|HS|  |TAMS 0x0000000081d00000| PB 0x0000000081d00000| Complete 
|  30|0x0000000081e00000, 0x0000000081f00000, 0x0000000081f00000|100%|HC|  |TAMS 0x0000000081e00000| PB 0x0000000081e00000| Complete 
|  31|0x0000000081f00000, 0x0000000082000000, 0x0000000082000000|100%|HS|  |TAMS 0x0000000081f00000| PB 0x0000000081f00000| Complete 
|  32|0x0000000082000000, 0x0000000082100000, 0x0000000082100000|100%|HS|  |TAMS 0x0000000082000000| PB 0x0000000082000000| Complete 
|  33|0x0000000082100000, 0x0000000082200000, 0x0000000082200000|100%|HC|  |TAMS 0x0000000082100000| PB 0x0000000082100000| Complete 
|  34|0x0000000082200000, 0x0000000082300000, 0x0000000082300000|100%|HC|  |TAMS 0x0000000082200000| PB 0x0000000082200000| Complete 
|  35|0x0000000082300000, 0x0000000082400000, 0x0000000082400000|100%|HC|  |TAMS 0x0000000082300000| PB 0x0000000082300000| Complete 
|  36|0x0000000082400000, 0x0000000082500000, 0x0000000082500000|100%|HC|  |TAMS 0x0000000082400000| PB 0x0000000082400000| Complete 
|  37|0x0000000082500000, 0x0000000082600000, 0x0000000082600000|100%|HC|  |TAMS 0x0000000082500000| PB 0x0000000082500000| Complete 
|  38|0x0000000082600000, 0x0000000082700000, 0x0000000082700000|100%|HS|  |TAMS 0x0000000082600000| PB 0x0000000082600000| Complete 
|  39|0x0000000082700000, 0x0000000082800000, 0x0000000082800000|100%|HC|  |TAMS 0x0000000082700000| PB 0x0000000082700000| Complete 
|  40|0x0000000082800000, 0x0000000082900000, 0x0000000082900000|100%|HS|  |TAMS 0x0000000082800000| PB 0x0000000082800000| Complete 
|  41|0x0000000082900000, 0x0000000082a00000, 0x0000000082a00000|100%| O|  |TAMS 0x0000000082900000| PB 0x0000000082900000| Untracked 
|  42|0x0000000082a00000, 0x0000000082b00000, 0x0000000082b00000|100%| O|  |TAMS 0x0000000082a00000| PB 0x0000000082a00000| Untracked 
|  43|0x0000000082b00000, 0x0000000082c00000, 0x0000000082c00000|100%| O|  |TAMS 0x0000000082b00000| PB 0x0000000082b00000| Untracked 
|  44|0x0000000082c00000, 0x0000000082d00000, 0x0000000082d00000|100%| O|  |TAMS 0x0000000082c00000| PB 0x0000000082c00000| Untracked 
|  45|0x0000000082d00000, 0x0000000082e00000, 0x0000000082e00000|100%| O|  |TAMS 0x0000000082d00000| PB 0x0000000082d00000| Untracked 
|  46|0x0000000082e00000, 0x0000000082f00000, 0x0000000082f00000|100%| O|  |TAMS 0x0000000082e00000| PB 0x0000000082e00000| Untracked 
|  47|0x0000000082f00000, 0x0000000083000000, 0x0000000083000000|100%| O|  |TAMS 0x0000000082f00000| PB 0x0000000082f00000| Untracked 
|  48|0x0000000083000000, 0x0000000083100000, 0x0000000083100000|100%| O|  |TAMS 0x0000000083000000| PB 0x0000000083000000| Untracked 
|  49|0x0000000083100000, 0x0000000083200000, 0x0000000083200000|100%| O|  |TAMS 0x0000000083100000| PB 0x0000000083100000| Untracked 
|  50|0x0000000083200000, 0x0000000083300000, 0x0000000083300000|100%|HS|  |TAMS 0x0000000083200000| PB 0x0000000083200000| Complete 
|  51|0x0000000083300000, 0x0000000083400000, 0x0000000083400000|100%|HC|  |TAMS 0x0000000083300000| PB 0x0000000083300000| Complete 
|  52|0x0000000083400000, 0x0000000083500000, 0x0000000083500000|100%| O|  |TAMS 0x0000000083400000| PB 0x0000000083400000| Untracked 
|  53|0x0000000083500000, 0x0000000083600000, 0x0000000083600000|100%| O|  |TAMS 0x0000000083500000| PB 0x0000000083500000| Untracked 
|  54|0x0000000083600000, 0x0000000083700000, 0x0000000083700000|100%|HS|  |TAMS 0x0000000083600000| PB 0x0000000083600000| Complete 
|  55|0x0000000083700000, 0x0000000083800000, 0x0000000083800000|100%| O|  |TAMS 0x0000000083700000| PB 0x0000000083700000| Untracked 
|  56|0x0000000083800000, 0x0000000083900000, 0x0000000083900000|100%| O|  |TAMS 0x0000000083800000| PB 0x0000000083800000| Untracked 
|  57|0x0000000083900000, 0x0000000083a00000, 0x0000000083a00000|100%| O|  |TAMS 0x0000000083900000| PB 0x0000000083900000| Untracked 
|  58|0x0000000083a00000, 0x0000000083b00000, 0x0000000083b00000|100%| O|  |TAMS 0x0000000083a00000| PB 0x0000000083a00000| Untracked 
|  59|0x0000000083b00000, 0x0000000083c00000, 0x0000000083c00000|100%| O|  |TAMS 0x0000000083b00000| PB 0x0000000083b00000| Untracked 
|  60|0x0000000083c00000, 0x0000000083d00000, 0x0000000083d00000|100%| O|  |TAMS 0x0000000083c00000| PB 0x0000000083c00000| Untracked 
|  61|0x0000000083d00000, 0x0000000083e00000, 0x0000000083e00000|100%| O|  |TAMS 0x0000000083d00000| PB 0x0000000083d00000| Untracked 
|  62|0x0000000083e00000, 0x0000000083f00000, 0x0000000083f00000|100%| O|  |TAMS 0x0000000083e00000| PB 0x0000000083e00000| Untracked 
|  63|0x0000000083f00000, 0x0000000084000000, 0x0000000084000000|100%| O|  |TAMS 0x0000000083f00000| PB 0x0000000083f00000| Untracked 
|  64|0x0000000084000000, 0x0000000084100000, 0x0000000084100000|100%| O|  |TAMS 0x0000000084000000| PB 0x0000000084000000| Untracked 
|  65|0x0000000084100000, 0x0000000084200000, 0x0000000084200000|100%| O|  |TAMS 0x0000000084100000| PB 0x0000000084100000| Untracked 
|  66|0x0000000084200000, 0x0000000084300000, 0x0000000084300000|100%| O|  |TAMS 0x0000000084200000| PB 0x0000000084200000| Untracked 
|  67|0x0000000084300000, 0x0000000084400000, 0x0000000084400000|100%| O|  |TAMS 0x0000000084300000| PB 0x0000000084300000| Untracked 
|  68|0x0000000084400000, 0x0000000084500000, 0x0000000084500000|100%| O|  |TAMS 0x0000000084400000| PB 0x0000000084400000| Untracked 
|  69|0x0000000084500000, 0x0000000084600000, 0x0000000084600000|100%| O|  |TAMS 0x0000000084500000| PB 0x0000000084500000| Untracked 
|  70|0x0000000084600000, 0x0000000084700000, 0x0000000084700000|100%| O|  |TAMS 0x0000000084600000| PB 0x0000000084600000| Untracked 
|  71|0x0000000084700000, 0x0000000084800000, 0x0000000084800000|100%| O|  |TAMS 0x0000000084700000| PB 0x0000000084700000| Untracked 
|  72|0x0000000084800000, 0x0000000084900000, 0x0000000084900000|100%| O|  |TAMS 0x0000000084800000| PB 0x0000000084800000| Untracked 
|  73|0x0000000084900000, 0x0000000084a00000, 0x0000000084a00000|100%|HS|  |TAMS 0x0000000084900000| PB 0x0000000084900000| Complete 
|  74|0x0000000084a00000, 0x0000000084b00000, 0x0000000084b00000|100%|HS|  |TAMS 0x0000000084a00000| PB 0x0000000084a00000| Complete 
|  75|0x0000000084b00000, 0x0000000084c00000, 0x0000000084c00000|100%|HS|  |TAMS 0x0000000084b00000| PB 0x0000000084b00000| Complete 
|  76|0x0000000084c00000, 0x0000000084d00000, 0x0000000084d00000|100%|HC|  |TAMS 0x0000000084c00000| PB 0x0000000084c00000| Complete 
|  77|0x0000000084d00000, 0x0000000084e00000, 0x0000000084e00000|100%|HS|  |TAMS 0x0000000084d00000| PB 0x0000000084d00000| Complete 
|  78|0x0000000084e00000, 0x0000000084f00000, 0x0000000084f00000|100%|HS|  |TAMS 0x0000000084e00000| PB 0x0000000084e00000| Complete 
|  79|0x0000000084f00000, 0x0000000085000000, 0x0000000085000000|100%| O|  |TAMS 0x0000000084f00000| PB 0x0000000084f00000| Untracked 
|  80|0x0000000085000000, 0x0000000085100000, 0x0000000085100000|100%|HS|  |TAMS 0x0000000085000000| PB 0x0000000085000000| Complete 
|  81|0x0000000085100000, 0x0000000085200000, 0x0000000085200000|100%| O|  |TAMS 0x0000000085100000| PB 0x0000000085100000| Untracked 
|  82|0x0000000085200000, 0x0000000085300000, 0x0000000085300000|100%| O|  |TAMS 0x0000000085200000| PB 0x0000000085200000| Untracked 
|  83|0x0000000085300000, 0x0000000085400000, 0x0000000085400000|100%|HS|  |TAMS 0x0000000085300000| PB 0x0000000085300000| Complete 
|  84|0x0000000085400000, 0x0000000085500000, 0x0000000085500000|100%|HC|  |TAMS 0x0000000085400000| PB 0x0000000085400000| Complete 
|  85|0x0000000085500000, 0x0000000085600000, 0x0000000085600000|100%| O|  |TAMS 0x0000000085500000| PB 0x0000000085500000| Untracked 
|  86|0x0000000085600000, 0x0000000085700000, 0x0000000085700000|100%| O|  |TAMS 0x0000000085600000| PB 0x0000000085600000| Untracked 
|  87|0x0000000085700000, 0x0000000085800000, 0x0000000085800000|100%| O|  |TAMS 0x0000000085700000| PB 0x0000000085700000| Untracked 
|  88|0x0000000085800000, 0x0000000085900000, 0x0000000085900000|100%|HS|  |TAMS 0x0000000085800000| PB 0x0000000085800000| Complete 
|  89|0x0000000085900000, 0x0000000085a00000, 0x0000000085a00000|100%| O|  |TAMS 0x0000000085900000| PB 0x0000000085900000| Untracked 
|  90|0x0000000085a00000, 0x0000000085b00000, 0x0000000085b00000|100%| O|  |TAMS 0x0000000085a00000| PB 0x0000000085a00000| Untracked 
|  91|0x0000000085b00000, 0x0000000085c00000, 0x0000000085c00000|100%| O|  |TAMS 0x0000000085b00000| PB 0x0000000085b00000| Untracked 
|  92|0x0000000085c00000, 0x0000000085d00000, 0x0000000085d00000|100%| O|  |TAMS 0x0000000085c00000| PB 0x0000000085c00000| Untracked 
|  93|0x0000000085d00000, 0x0000000085e00000, 0x0000000085e00000|100%| O|  |TAMS 0x0000000085d00000| PB 0x0000000085d00000| Untracked 
|  94|0x0000000085e00000, 0x0000000085f00000, 0x0000000085f00000|100%| O|  |TAMS 0x0000000085e00000| PB 0x0000000085e00000| Untracked 
|  95|0x0000000085f00000, 0x0000000086000000, 0x0000000086000000|100%| O|  |TAMS 0x0000000085f00000| PB 0x0000000085f00000| Untracked 
|  96|0x0000000086000000, 0x0000000086100000, 0x0000000086100000|100%| O|  |TAMS 0x0000000086000000| PB 0x0000000086000000| Untracked 
|  97|0x0000000086100000, 0x0000000086200000, 0x0000000086200000|100%|HS|  |TAMS 0x0000000086100000| PB 0x0000000086100000| Complete 
|  98|0x0000000086200000, 0x0000000086300000, 0x0000000086300000|100%|HC|  |TAMS 0x0000000086200000| PB 0x0000000086200000| Complete 
|  99|0x0000000086300000, 0x0000000086400000, 0x0000000086400000|100%| O|  |TAMS 0x0000000086300000| PB 0x0000000086300000| Untracked 
| 100|0x0000000086400000, 0x0000000086500000, 0x0000000086500000|100%| O|  |TAMS 0x0000000086400000| PB 0x0000000086400000| Untracked 
| 101|0x0000000086500000, 0x0000000086600000, 0x0000000086600000|100%| O|  |TAMS 0x0000000086500000| PB 0x0000000086500000| Untracked 
| 102|0x0000000086600000, 0x0000000086700000, 0x0000000086700000|100%| O|  |TAMS 0x0000000086600000| PB 0x0000000086600000| Untracked 
| 103|0x0000000086700000, 0x0000000086800000, 0x0000000086800000|100%| O|  |TAMS 0x0000000086700000| PB 0x0000000086700000| Untracked 
| 104|0x0000000086800000, 0x0000000086900000, 0x0000000086900000|100%| O|  |TAMS 0x0000000086800000| PB 0x0000000086800000| Untracked 
| 105|0x0000000086900000, 0x0000000086a00000, 0x0000000086a00000|100%| O|  |TAMS 0x0000000086900000| PB 0x0000000086900000| Untracked 
| 106|0x0000000086a00000, 0x0000000086b00000, 0x0000000086b00000|100%| O|  |TAMS 0x0000000086a00000| PB 0x0000000086a00000| Untracked 
| 107|0x0000000086b00000, 0x0000000086c00000, 0x0000000086c00000|100%| O|  |TAMS 0x0000000086b00000| PB 0x0000000086b00000| Untracked 
| 108|0x0000000086c00000, 0x0000000086d00000, 0x0000000086d00000|100%| O|  |TAMS 0x0000000086c00000| PB 0x0000000086c00000| Untracked 
| 109|0x0000000086d00000, 0x0000000086e00000, 0x0000000086e00000|100%| O|  |TAMS 0x0000000086d00000| PB 0x0000000086d00000| Untracked 
| 110|0x0000000086e00000, 0x0000000086f00000, 0x0000000086f00000|100%| O|  |TAMS 0x0000000086e00000| PB 0x0000000086e00000| Untracked 
| 111|0x0000000086f00000, 0x0000000087000000, 0x0000000087000000|100%| O|  |TAMS 0x0000000086f00000| PB 0x0000000086f00000| Untracked 
| 112|0x0000000087000000, 0x0000000087100000, 0x0000000087100000|100%| O|  |TAMS 0x0000000087000000| PB 0x0000000087000000| Untracked 
| 113|0x0000000087100000, 0x0000000087200000, 0x0000000087200000|100%| O|  |TAMS 0x0000000087100000| PB 0x0000000087100000| Untracked 
| 114|0x0000000087200000, 0x0000000087300000, 0x0000000087300000|100%| O|  |TAMS 0x0000000087200000| PB 0x0000000087200000| Untracked 
| 115|0x0000000087300000, 0x0000000087400000, 0x0000000087400000|100%| O|  |TAMS 0x0000000087300000| PB 0x0000000087300000| Untracked 
| 116|0x0000000087400000, 0x0000000087500000, 0x0000000087500000|100%| O|  |TAMS 0x0000000087400000| PB 0x0000000087400000| Untracked 
| 117|0x0000000087500000, 0x0000000087600000, 0x0000000087600000|100%| O|  |TAMS 0x0000000087500000| PB 0x0000000087500000| Untracked 
| 118|0x0000000087600000, 0x0000000087700000, 0x0000000087700000|100%| O|  |TAMS 0x0000000087600000| PB 0x0000000087600000| Untracked 
| 119|0x0000000087700000, 0x0000000087800000, 0x0000000087800000|100%| O|  |TAMS 0x0000000087700000| PB 0x0000000087700000| Untracked 
| 120|0x0000000087800000, 0x0000000087900000, 0x0000000087900000|100%| O|  |TAMS 0x0000000087800000| PB 0x0000000087800000| Untracked 
| 121|0x0000000087900000, 0x0000000087a00000, 0x0000000087a00000|100%| O|  |TAMS 0x0000000087900000| PB 0x0000000087900000| Untracked 
| 122|0x0000000087a00000, 0x0000000087b00000, 0x0000000087b00000|100%| O|  |TAMS 0x0000000087a00000| PB 0x0000000087a00000| Untracked 
| 123|0x0000000087b00000, 0x0000000087c00000, 0x0000000087c00000|100%| O|  |TAMS 0x0000000087b00000| PB 0x0000000087b00000| Untracked 
| 124|0x0000000087c00000, 0x0000000087d00000, 0x0000000087d00000|100%| O|  |TAMS 0x0000000087c00000| PB 0x0000000087c00000| Untracked 
| 125|0x0000000087d00000, 0x0000000087e00000, 0x0000000087e00000|100%| O|  |TAMS 0x0000000087d00000| PB 0x0000000087d00000| Untracked 
| 126|0x0000000087e00000, 0x0000000087f00000, 0x0000000087f00000|100%| O|  |TAMS 0x0000000087e00000| PB 0x0000000087e00000| Untracked 
| 127|0x0000000087f00000, 0x0000000088000000, 0x0000000088000000|100%|HS|  |TAMS 0x0000000087f00000| PB 0x0000000087f00000| Complete 
| 128|0x0000000088000000, 0x0000000088100000, 0x0000000088100000|100%| O|  |TAMS 0x0000000088000000| PB 0x0000000088000000| Untracked 
| 129|0x0000000088100000, 0x0000000088200000, 0x0000000088200000|100%| O|  |TAMS 0x0000000088100000| PB 0x0000000088100000| Untracked 
| 130|0x0000000088200000, 0x0000000088300000, 0x0000000088300000|100%| O|  |TAMS 0x0000000088200000| PB 0x0000000088200000| Untracked 
| 131|0x0000000088300000, 0x0000000088400000, 0x0000000088400000|100%| O|  |TAMS 0x0000000088300000| PB 0x0000000088300000| Untracked 
| 132|0x0000000088400000, 0x0000000088500000, 0x0000000088500000|100%| O|  |TAMS 0x0000000088400000| PB 0x0000000088400000| Untracked 
| 133|0x0000000088500000, 0x0000000088600000, 0x0000000088600000|100%| O|  |TAMS 0x0000000088500000| PB 0x0000000088500000| Untracked 
| 134|0x0000000088600000, 0x0000000088700000, 0x0000000088700000|100%| O|  |TAMS 0x0000000088600000| PB 0x0000000088600000| Untracked 
| 135|0x0000000088700000, 0x0000000088800000, 0x0000000088800000|100%| O|  |TAMS 0x0000000088700000| PB 0x0000000088700000| Untracked 
| 136|0x0000000088800000, 0x0000000088900000, 0x0000000088900000|100%| O|  |TAMS 0x0000000088800000| PB 0x0000000088800000| Untracked 
| 137|0x0000000088900000, 0x0000000088a00000, 0x0000000088a00000|100%| O|  |TAMS 0x0000000088900000| PB 0x0000000088900000| Untracked 
| 138|0x0000000088a00000, 0x0000000088b00000, 0x0000000088b00000|100%| O|  |TAMS 0x0000000088a00000| PB 0x0000000088a00000| Untracked 
| 139|0x0000000088b00000, 0x0000000088bffff8, 0x0000000088c00000| 99%| O|  |TAMS 0x0000000088b00000| PB 0x0000000088b00000| Untracked 
| 140|0x0000000088c00000, 0x0000000088d00000, 0x0000000088d00000|100%| O|  |TAMS 0x0000000088c00000| PB 0x0000000088c00000| Untracked 
| 141|0x0000000088d00000, 0x0000000088e00000, 0x0000000088e00000|100%| O|  |TAMS 0x0000000088d00000| PB 0x0000000088d00000| Untracked 
| 142|0x0000000088e00000, 0x0000000088f00000, 0x0000000088f00000|100%| O|  |TAMS 0x0000000088e00000| PB 0x0000000088e00000| Untracked 
| 143|0x0000000088f00000, 0x0000000089000000, 0x0000000089000000|100%| O|  |TAMS 0x0000000088f00000| PB 0x0000000088f00000| Untracked 
| 144|0x0000000089000000, 0x0000000089100000, 0x0000000089100000|100%| O|  |TAMS 0x0000000089000000| PB 0x0000000089000000| Untracked 
| 145|0x0000000089100000, 0x0000000089200000, 0x0000000089200000|100%| O|  |TAMS 0x0000000089100000| PB 0x0000000089100000| Untracked 
| 146|0x0000000089200000, 0x0000000089300000, 0x0000000089300000|100%| O|  |TAMS 0x0000000089200000| PB 0x0000000089200000| Untracked 
| 147|0x0000000089300000, 0x0000000089400000, 0x0000000089400000|100%| O|  |TAMS 0x0000000089300000| PB 0x0000000089300000| Untracked 
| 148|0x0000000089400000, 0x0000000089500000, 0x0000000089500000|100%| O|  |TAMS 0x0000000089400000| PB 0x0000000089400000| Untracked 
| 149|0x0000000089500000, 0x0000000089600000, 0x0000000089600000|100%| O|  |TAMS 0x0000000089500000| PB 0x0000000089500000| Untracked 
| 150|0x0000000089600000, 0x0000000089700000, 0x0000000089700000|100%| O|  |TAMS 0x0000000089600000| PB 0x0000000089600000| Untracked 
| 151|0x0000000089700000, 0x0000000089800000, 0x0000000089800000|100%| O|  |TAMS 0x0000000089700000| PB 0x0000000089700000| Untracked 
| 152|0x0000000089800000, 0x0000000089900000, 0x0000000089900000|100%| O|  |TAMS 0x0000000089800000| PB 0x0000000089800000| Untracked 
| 153|0x0000000089900000, 0x0000000089a00000, 0x0000000089a00000|100%| O|  |TAMS 0x0000000089900000| PB 0x0000000089900000| Untracked 
| 154|0x0000000089a00000, 0x0000000089b00000, 0x0000000089b00000|100%| O|  |TAMS 0x0000000089a00000| PB 0x0000000089a00000| Untracked 
| 155|0x0000000089b00000, 0x0000000089c00000, 0x0000000089c00000|100%| O|  |TAMS 0x0000000089b00000| PB 0x0000000089b00000| Untracked 
| 156|0x0000000089c00000, 0x0000000089d00000, 0x0000000089d00000|100%| O|  |TAMS 0x0000000089c00000| PB 0x0000000089c00000| Untracked 
| 157|0x0000000089d00000, 0x0000000089e00000, 0x0000000089e00000|100%| O|  |TAMS 0x0000000089d00000| PB 0x0000000089d00000| Untracked 
| 158|0x0000000089e00000, 0x0000000089f00000, 0x0000000089f00000|100%| O|Cm|TAMS 0x0000000089e00000| PB 0x0000000089e00000| Complete 
| 159|0x0000000089f00000, 0x0000000089f52aa8, 0x000000008a000000| 32%| O|  |TAMS 0x0000000089f00000| PB 0x0000000089f00000| Untracked 
| 160|0x000000008a000000, 0x000000008a000000, 0x000000008a100000|  0%| F|  |TAMS 0x000000008a000000| PB 0x000000008a000000| Untracked 
| 161|0x000000008a100000, 0x000000008a100000, 0x000000008a200000|  0%| F|  |TAMS 0x000000008a100000| PB 0x000000008a100000| Untracked 
| 162|0x000000008a200000, 0x000000008a200000, 0x000000008a300000|  0%| F|  |TAMS 0x000000008a200000| PB 0x000000008a200000| Untracked 
| 163|0x000000008a300000, 0x000000008a300000, 0x000000008a400000|  0%| F|  |TAMS 0x000000008a300000| PB 0x000000008a300000| Untracked 
| 164|0x000000008a400000, 0x000000008a400000, 0x000000008a500000|  0%| F|  |TAMS 0x000000008a400000| PB 0x000000008a400000| Untracked 
| 165|0x000000008a500000, 0x000000008a500000, 0x000000008a600000|  0%| F|  |TAMS 0x000000008a500000| PB 0x000000008a500000| Untracked 
| 166|0x000000008a600000, 0x000000008a600000, 0x000000008a700000|  0%| F|  |TAMS 0x000000008a600000| PB 0x000000008a600000| Untracked 
| 167|0x000000008a700000, 0x000000008a700000, 0x000000008a800000|  0%| F|  |TAMS 0x000000008a700000| PB 0x000000008a700000| Untracked 
| 168|0x000000008a800000, 0x000000008a800000, 0x000000008a900000|  0%| F|  |TAMS 0x000000008a800000| PB 0x000000008a800000| Untracked 
| 169|0x000000008a900000, 0x000000008a900000, 0x000000008aa00000|  0%| F|  |TAMS 0x000000008a900000| PB 0x000000008a900000| Untracked 
| 170|0x000000008aa00000, 0x000000008aa00000, 0x000000008ab00000|  0%| F|  |TAMS 0x000000008aa00000| PB 0x000000008aa00000| Untracked 
| 171|0x000000008ab00000, 0x000000008ab00000, 0x000000008ac00000|  0%| F|  |TAMS 0x000000008ab00000| PB 0x000000008ab00000| Untracked 
| 172|0x000000008ac00000, 0x000000008ac00000, 0x000000008ad00000|  0%| F|  |TAMS 0x000000008ac00000| PB 0x000000008ac00000| Untracked 
| 173|0x000000008ad00000, 0x000000008ad00000, 0x000000008ae00000|  0%| F|  |TAMS 0x000000008ad00000| PB 0x000000008ad00000| Untracked 
| 174|0x000000008ae00000, 0x000000008ae00000, 0x000000008af00000|  0%| F|  |TAMS 0x000000008ae00000| PB 0x000000008ae00000| Untracked 
| 175|0x000000008af00000, 0x000000008af00000, 0x000000008b000000|  0%| F|  |TAMS 0x000000008af00000| PB 0x000000008af00000| Untracked 
| 176|0x000000008b000000, 0x000000008b000000, 0x000000008b100000|  0%| F|  |TAMS 0x000000008b000000| PB 0x000000008b000000| Untracked 
| 177|0x000000008b100000, 0x000000008b100000, 0x000000008b200000|  0%| F|  |TAMS 0x000000008b100000| PB 0x000000008b100000| Untracked 
| 178|0x000000008b200000, 0x000000008b200000, 0x000000008b300000|  0%| F|  |TAMS 0x000000008b200000| PB 0x000000008b200000| Untracked 
| 179|0x000000008b300000, 0x000000008b300000, 0x000000008b400000|  0%| F|  |TAMS 0x000000008b300000| PB 0x000000008b300000| Untracked 
| 180|0x000000008b400000, 0x000000008b400000, 0x000000008b500000|  0%| F|  |TAMS 0x000000008b400000| PB 0x000000008b400000| Untracked 
| 181|0x000000008b500000, 0x000000008b500000, 0x000000008b600000|  0%| F|  |TAMS 0x000000008b500000| PB 0x000000008b500000| Untracked 
| 182|0x000000008b600000, 0x000000008b600000, 0x000000008b700000|  0%| F|  |TAMS 0x000000008b600000| PB 0x000000008b600000| Untracked 
| 183|0x000000008b700000, 0x000000008b700000, 0x000000008b800000|  0%| F|  |TAMS 0x000000008b700000| PB 0x000000008b700000| Untracked 
| 184|0x000000008b800000, 0x000000008b800000, 0x000000008b900000|  0%| F|  |TAMS 0x000000008b800000| PB 0x000000008b800000| Untracked 
| 185|0x000000008b900000, 0x000000008b900000, 0x000000008ba00000|  0%| F|  |TAMS 0x000000008b900000| PB 0x000000008b900000| Untracked 
| 186|0x000000008ba00000, 0x000000008ba00000, 0x000000008bb00000|  0%| F|  |TAMS 0x000000008ba00000| PB 0x000000008ba00000| Untracked 
| 187|0x000000008bb00000, 0x000000008bb00000, 0x000000008bc00000|  0%| F|  |TAMS 0x000000008bb00000| PB 0x000000008bb00000| Untracked 
| 188|0x000000008bc00000, 0x000000008bc00000, 0x000000008bd00000|  0%| F|  |TAMS 0x000000008bc00000| PB 0x000000008bc00000| Untracked 
| 189|0x000000008bd00000, 0x000000008bd00000, 0x000000008be00000|  0%| F|  |TAMS 0x000000008bd00000| PB 0x000000008bd00000| Untracked 
| 190|0x000000008be00000, 0x000000008be00000, 0x000000008bf00000|  0%| F|  |TAMS 0x000000008be00000| PB 0x000000008be00000| Untracked 
| 191|0x000000008bf00000, 0x000000008bf00000, 0x000000008c000000|  0%| F|  |TAMS 0x000000008bf00000| PB 0x000000008bf00000| Untracked 
| 192|0x000000008c000000, 0x000000008c000000, 0x000000008c100000|  0%| F|  |TAMS 0x000000008c000000| PB 0x000000008c000000| Untracked 
| 193|0x000000008c100000, 0x000000008c100000, 0x000000008c200000|  0%| F|  |TAMS 0x000000008c100000| PB 0x000000008c100000| Untracked 
| 194|0x000000008c200000, 0x000000008c200000, 0x000000008c300000|  0%| F|  |TAMS 0x000000008c200000| PB 0x000000008c200000| Untracked 
| 195|0x000000008c300000, 0x000000008c400000, 0x000000008c400000|100%| O|  |TAMS 0x000000008c300000| PB 0x000000008c300000| Untracked 
| 196|0x000000008c400000, 0x000000008c500000, 0x000000008c500000|100%| O|  |TAMS 0x000000008c400000| PB 0x000000008c400000| Untracked 
| 197|0x000000008c500000, 0x000000008c600000, 0x000000008c600000|100%| O|  |TAMS 0x000000008c500000| PB 0x000000008c500000| Untracked 
| 198|0x000000008c600000, 0x000000008c700000, 0x000000008c700000|100%| O|  |TAMS 0x000000008c600000| PB 0x000000008c600000| Untracked 
| 199|0x000000008c700000, 0x000000008c800000, 0x000000008c800000|100%| O|  |TAMS 0x000000008c700000| PB 0x000000008c700000| Untracked 
| 200|0x000000008c800000, 0x000000008c900000, 0x000000008c900000|100%| O|  |TAMS 0x000000008c800000| PB 0x000000008c800000| Untracked 
| 201|0x000000008c900000, 0x000000008ca00000, 0x000000008ca00000|100%| O|  |TAMS 0x000000008c900000| PB 0x000000008c900000| Untracked 
| 202|0x000000008ca00000, 0x000000008cb00000, 0x000000008cb00000|100%| O|  |TAMS 0x000000008ca00000| PB 0x000000008ca00000| Untracked 
| 203|0x000000008cb00000, 0x000000008cc00000, 0x000000008cc00000|100%| O|  |TAMS 0x000000008cb00000| PB 0x000000008cb00000| Untracked 
| 204|0x000000008cc00000, 0x000000008cd00000, 0x000000008cd00000|100%| O|  |TAMS 0x000000008cc00000| PB 0x000000008cc00000| Untracked 
| 205|0x000000008cd00000, 0x000000008cd00000, 0x000000008ce00000|  0%| F|  |TAMS 0x000000008cd00000| PB 0x000000008cd00000| Untracked 
| 206|0x000000008ce00000, 0x000000008cf00000, 0x000000008cf00000|100%| O|  |TAMS 0x000000008ce00000| PB 0x000000008ce00000| Untracked 
| 207|0x000000008cf00000, 0x000000008d000000, 0x000000008d000000|100%| O|  |TAMS 0x000000008cf00000| PB 0x000000008cf00000| Untracked 
| 208|0x000000008d000000, 0x000000008d100000, 0x000000008d100000|100%| O|  |TAMS 0x000000008d000000| PB 0x000000008d000000| Untracked 
| 209|0x000000008d100000, 0x000000008d200000, 0x000000008d200000|100%| O|  |TAMS 0x000000008d100000| PB 0x000000008d100000| Untracked 
| 210|0x000000008d200000, 0x000000008d300000, 0x000000008d300000|100%| O|  |TAMS 0x000000008d200000| PB 0x000000008d200000| Untracked 
| 211|0x000000008d300000, 0x000000008d400000, 0x000000008d400000|100%| O|  |TAMS 0x000000008d300000| PB 0x000000008d300000| Untracked 
| 212|0x000000008d400000, 0x000000008d500000, 0x000000008d500000|100%| O|  |TAMS 0x000000008d400000| PB 0x000000008d400000| Untracked 
| 213|0x000000008d500000, 0x000000008d600000, 0x000000008d600000|100%| O|  |TAMS 0x000000008d500000| PB 0x000000008d500000| Untracked 
| 214|0x000000008d600000, 0x000000008d700000, 0x000000008d700000|100%| O|  |TAMS 0x000000008d600000| PB 0x000000008d600000| Untracked 
| 215|0x000000008d700000, 0x000000008d800000, 0x000000008d800000|100%| O|  |TAMS 0x000000008d700000| PB 0x000000008d700000| Untracked 
| 216|0x000000008d800000, 0x000000008d900000, 0x000000008d900000|100%| O|  |TAMS 0x000000008d800000| PB 0x000000008d800000| Untracked 
| 217|0x000000008d900000, 0x000000008da00000, 0x000000008da00000|100%| O|Cm|TAMS 0x000000008d900000| PB 0x000000008d900000| Complete 
| 218|0x000000008da00000, 0x000000008db00000, 0x000000008db00000|100%| O|  |TAMS 0x000000008da00000| PB 0x000000008da00000| Untracked 
| 219|0x000000008db00000, 0x000000008dc00000, 0x000000008dc00000|100%| O|  |TAMS 0x000000008db00000| PB 0x000000008db00000| Untracked 
| 220|0x000000008dc00000, 0x000000008dd00000, 0x000000008dd00000|100%| O|  |TAMS 0x000000008dc00000| PB 0x000000008dc00000| Untracked 
| 221|0x000000008dd00000, 0x000000008de00000, 0x000000008de00000|100%| O|  |TAMS 0x000000008dd00000| PB 0x000000008dd00000| Untracked 
| 222|0x000000008de00000, 0x000000008df00000, 0x000000008df00000|100%| O|Cm|TAMS 0x000000008de00000| PB 0x000000008de00000| Complete 
| 223|0x000000008df00000, 0x000000008e000000, 0x000000008e000000|100%| O|Cm|TAMS 0x000000008df00000| PB 0x000000008df00000| Complete 
| 224|0x000000008e000000, 0x000000008e100000, 0x000000008e100000|100%| O|Cm|TAMS 0x000000008e000000| PB 0x000000008e000000| Complete 
| 225|0x000000008e100000, 0x000000008e100000, 0x000000008e200000|  0%| F|  |TAMS 0x000000008e100000| PB 0x000000008e100000| Untracked 
| 226|0x000000008e200000, 0x000000008e300000, 0x000000008e300000|100%| O|Cm|TAMS 0x000000008e200000| PB 0x000000008e200000| Complete 
| 227|0x000000008e300000, 0x000000008e300000, 0x000000008e400000|  0%| F|  |TAMS 0x000000008e300000| PB 0x000000008e300000| Untracked 
| 228|0x000000008e400000, 0x000000008e400000, 0x000000008e500000|  0%| F|  |TAMS 0x000000008e400000| PB 0x000000008e400000| Untracked 
| 229|0x000000008e500000, 0x000000008e500000, 0x000000008e600000|  0%| F|  |TAMS 0x000000008e500000| PB 0x000000008e500000| Untracked 
| 230|0x000000008e600000, 0x000000008e600000, 0x000000008e700000|  0%| F|  |TAMS 0x000000008e600000| PB 0x000000008e600000| Untracked 
| 231|0x000000008e700000, 0x000000008e700000, 0x000000008e800000|  0%| F|  |TAMS 0x000000008e700000| PB 0x000000008e700000| Untracked 
| 232|0x000000008e800000, 0x000000008e800000, 0x000000008e900000|  0%| F|  |TAMS 0x000000008e800000| PB 0x000000008e800000| Untracked 
| 233|0x000000008e900000, 0x000000008e900000, 0x000000008ea00000|  0%| F|  |TAMS 0x000000008e900000| PB 0x000000008e900000| Untracked 
| 234|0x000000008ea00000, 0x000000008ea00000, 0x000000008eb00000|  0%| F|  |TAMS 0x000000008ea00000| PB 0x000000008ea00000| Untracked 
| 235|0x000000008eb00000, 0x000000008eb00000, 0x000000008ec00000|  0%| F|  |TAMS 0x000000008eb00000| PB 0x000000008eb00000| Untracked 
| 236|0x000000008ec00000, 0x000000008ec00000, 0x000000008ed00000|  0%| F|  |TAMS 0x000000008ec00000| PB 0x000000008ec00000| Untracked 
| 237|0x000000008ed00000, 0x000000008ed00000, 0x000000008ee00000|  0%| F|  |TAMS 0x000000008ed00000| PB 0x000000008ed00000| Untracked 
| 238|0x000000008ee00000, 0x000000008ee00000, 0x000000008ef00000|  0%| F|  |TAMS 0x000000008ee00000| PB 0x000000008ee00000| Untracked 
| 239|0x000000008ef00000, 0x000000008ef00000, 0x000000008f000000|  0%| F|  |TAMS 0x000000008ef00000| PB 0x000000008ef00000| Untracked 
| 240|0x000000008f000000, 0x000000008f000000, 0x000000008f100000|  0%| F|  |TAMS 0x000000008f000000| PB 0x000000008f000000| Untracked 
| 241|0x000000008f100000, 0x000000008f100000, 0x000000008f200000|  0%| F|  |TAMS 0x000000008f100000| PB 0x000000008f100000| Untracked 
| 242|0x000000008f200000, 0x000000008f200000, 0x000000008f300000|  0%| F|  |TAMS 0x000000008f200000| PB 0x000000008f200000| Untracked 
| 243|0x000000008f300000, 0x000000008f300000, 0x000000008f400000|  0%| F|  |TAMS 0x000000008f300000| PB 0x000000008f300000| Untracked 
| 244|0x000000008f400000, 0x000000008f400000, 0x000000008f500000|  0%| F|  |TAMS 0x000000008f400000| PB 0x000000008f400000| Untracked 
| 245|0x000000008f500000, 0x000000008f500000, 0x000000008f600000|  0%| F|  |TAMS 0x000000008f500000| PB 0x000000008f500000| Untracked 
| 246|0x000000008f600000, 0x000000008f600000, 0x000000008f700000|  0%| F|  |TAMS 0x000000008f600000| PB 0x000000008f600000| Untracked 
| 247|0x000000008f700000, 0x000000008f700000, 0x000000008f800000|  0%| F|  |TAMS 0x000000008f700000| PB 0x000000008f700000| Untracked 
| 248|0x000000008f800000, 0x000000008f800000, 0x000000008f900000|  0%| F|  |TAMS 0x000000008f800000| PB 0x000000008f800000| Untracked 
| 249|0x000000008f900000, 0x000000008f900000, 0x000000008fa00000|  0%| F|  |TAMS 0x000000008f900000| PB 0x000000008f900000| Untracked 
| 250|0x000000008fa00000, 0x000000008fa00000, 0x000000008fb00000|  0%| F|  |TAMS 0x000000008fa00000| PB 0x000000008fa00000| Untracked 
| 251|0x000000008fb00000, 0x000000008fb00000, 0x000000008fc00000|  0%| F|  |TAMS 0x000000008fb00000| PB 0x000000008fb00000| Untracked 
| 252|0x000000008fc00000, 0x000000008fc00000, 0x000000008fd00000|  0%| F|  |TAMS 0x000000008fc00000| PB 0x000000008fc00000| Untracked 
| 253|0x000000008fd00000, 0x000000008fd00000, 0x000000008fe00000|  0%| F|  |TAMS 0x000000008fd00000| PB 0x000000008fd00000| Untracked 
| 254|0x000000008fe00000, 0x000000008fe00000, 0x000000008ff00000|  0%| F|  |TAMS 0x000000008fe00000| PB 0x000000008fe00000| Untracked 
| 255|0x000000008ff00000, 0x000000008ff00000, 0x0000000090000000|  0%| F|  |TAMS 0x000000008ff00000| PB 0x000000008ff00000| Untracked 
| 256|0x0000000090000000, 0x0000000090000000, 0x0000000090100000|  0%| F|  |TAMS 0x0000000090000000| PB 0x0000000090000000| Untracked 
| 257|0x0000000090100000, 0x0000000090100000, 0x0000000090200000|  0%| F|  |TAMS 0x0000000090100000| PB 0x0000000090100000| Untracked 
| 258|0x0000000090200000, 0x0000000090200000, 0x0000000090300000|  0%| F|  |TAMS 0x0000000090200000| PB 0x0000000090200000| Untracked 
| 259|0x0000000090300000, 0x0000000090300000, 0x0000000090400000|  0%| F|  |TAMS 0x0000000090300000| PB 0x0000000090300000| Untracked 
| 260|0x0000000090400000, 0x0000000090400000, 0x0000000090500000|  0%| F|  |TAMS 0x0000000090400000| PB 0x0000000090400000| Untracked 
| 261|0x0000000090500000, 0x0000000090500000, 0x0000000090600000|  0%| F|  |TAMS 0x0000000090500000| PB 0x0000000090500000| Untracked 
| 262|0x0000000090600000, 0x0000000090600000, 0x0000000090700000|  0%| F|  |TAMS 0x0000000090600000| PB 0x0000000090600000| Untracked 
| 263|0x0000000090700000, 0x0000000090700000, 0x0000000090800000|  0%| F|  |TAMS 0x0000000090700000| PB 0x0000000090700000| Untracked 
| 264|0x0000000090800000, 0x0000000090800000, 0x0000000090900000|  0%| F|  |TAMS 0x0000000090800000| PB 0x0000000090800000| Untracked 
| 265|0x0000000090900000, 0x0000000090900000, 0x0000000090a00000|  0%| F|  |TAMS 0x0000000090900000| PB 0x0000000090900000| Untracked 
| 266|0x0000000090a00000, 0x0000000090a00000, 0x0000000090b00000|  0%| F|  |TAMS 0x0000000090a00000| PB 0x0000000090a00000| Untracked 
| 267|0x0000000090b00000, 0x0000000090b00000, 0x0000000090c00000|  0%| F|  |TAMS 0x0000000090b00000| PB 0x0000000090b00000| Untracked 
| 268|0x0000000090c00000, 0x0000000090c00000, 0x0000000090d00000|  0%| F|  |TAMS 0x0000000090c00000| PB 0x0000000090c00000| Untracked 
| 269|0x0000000090d00000, 0x0000000090d00000, 0x0000000090e00000|  0%| F|  |TAMS 0x0000000090d00000| PB 0x0000000090d00000| Untracked 
| 270|0x0000000090e00000, 0x0000000090e00000, 0x0000000090f00000|  0%| F|  |TAMS 0x0000000090e00000| PB 0x0000000090e00000| Untracked 
| 271|0x0000000090f00000, 0x0000000090f00000, 0x0000000091000000|  0%| F|  |TAMS 0x0000000090f00000| PB 0x0000000090f00000| Untracked 
| 272|0x0000000091000000, 0x0000000091000000, 0x0000000091100000|  0%| F|  |TAMS 0x0000000091000000| PB 0x0000000091000000| Untracked 
| 273|0x0000000091100000, 0x0000000091100000, 0x0000000091200000|  0%| F|  |TAMS 0x0000000091100000| PB 0x0000000091100000| Untracked 
| 274|0x0000000091200000, 0x0000000091200000, 0x0000000091300000|  0%| F|  |TAMS 0x0000000091200000| PB 0x0000000091200000| Untracked 
| 275|0x0000000091300000, 0x0000000091300000, 0x0000000091400000|  0%| F|  |TAMS 0x0000000091300000| PB 0x0000000091300000| Untracked 
| 276|0x0000000091400000, 0x0000000091400000, 0x0000000091500000|  0%| F|  |TAMS 0x0000000091400000| PB 0x0000000091400000| Untracked 
| 277|0x0000000091500000, 0x0000000091500000, 0x0000000091600000|  0%| F|  |TAMS 0x0000000091500000| PB 0x0000000091500000| Untracked 
| 278|0x0000000091600000, 0x0000000091600000, 0x0000000091700000|  0%| F|  |TAMS 0x0000000091600000| PB 0x0000000091600000| Untracked 
| 279|0x0000000091700000, 0x0000000091700000, 0x0000000091800000|  0%| F|  |TAMS 0x0000000091700000| PB 0x0000000091700000| Untracked 
| 280|0x0000000091800000, 0x0000000091800000, 0x0000000091900000|  0%| F|  |TAMS 0x0000000091800000| PB 0x0000000091800000| Untracked 
| 281|0x0000000091900000, 0x0000000091900000, 0x0000000091a00000|  0%| F|  |TAMS 0x0000000091900000| PB 0x0000000091900000| Untracked 
| 282|0x0000000091a00000, 0x0000000091a00000, 0x0000000091b00000|  0%| F|  |TAMS 0x0000000091a00000| PB 0x0000000091a00000| Untracked 
| 283|0x0000000091b00000, 0x0000000091b00000, 0x0000000091c00000|  0%| F|  |TAMS 0x0000000091b00000| PB 0x0000000091b00000| Untracked 
| 284|0x0000000091c00000, 0x0000000091c00000, 0x0000000091d00000|  0%| F|  |TAMS 0x0000000091c00000| PB 0x0000000091c00000| Untracked 
| 285|0x0000000091d00000, 0x0000000091d00000, 0x0000000091e00000|  0%| F|  |TAMS 0x0000000091d00000| PB 0x0000000091d00000| Untracked 
| 286|0x0000000091e00000, 0x0000000091e00000, 0x0000000091f00000|  0%| F|  |TAMS 0x0000000091e00000| PB 0x0000000091e00000| Untracked 
| 287|0x0000000091f00000, 0x0000000091f00000, 0x0000000092000000|  0%| F|  |TAMS 0x0000000091f00000| PB 0x0000000091f00000| Untracked 
| 288|0x0000000092000000, 0x0000000092000000, 0x0000000092100000|  0%| F|  |TAMS 0x0000000092000000| PB 0x0000000092000000| Untracked 
| 289|0x0000000092100000, 0x0000000092100000, 0x0000000092200000|  0%| F|  |TAMS 0x0000000092100000| PB 0x0000000092100000| Untracked 
| 290|0x0000000092200000, 0x0000000092200000, 0x0000000092300000|  0%| F|  |TAMS 0x0000000092200000| PB 0x0000000092200000| Untracked 
| 291|0x0000000092300000, 0x0000000092300000, 0x0000000092400000|  0%| F|  |TAMS 0x0000000092300000| PB 0x0000000092300000| Untracked 
| 292|0x0000000092400000, 0x0000000092400000, 0x0000000092500000|  0%| F|  |TAMS 0x0000000092400000| PB 0x0000000092400000| Untracked 
| 293|0x0000000092500000, 0x0000000092500000, 0x0000000092600000|  0%| F|  |TAMS 0x0000000092500000| PB 0x0000000092500000| Untracked 
| 294|0x0000000092600000, 0x0000000092600000, 0x0000000092700000|  0%| F|  |TAMS 0x0000000092600000| PB 0x0000000092600000| Untracked 
| 295|0x0000000092700000, 0x0000000092700000, 0x0000000092800000|  0%| F|  |TAMS 0x0000000092700000| PB 0x0000000092700000| Untracked 
| 296|0x0000000092800000, 0x0000000092800000, 0x0000000092900000|  0%| F|  |TAMS 0x0000000092800000| PB 0x0000000092800000| Untracked 
| 297|0x0000000092900000, 0x0000000092900000, 0x0000000092a00000|  0%| F|  |TAMS 0x0000000092900000| PB 0x0000000092900000| Untracked 
| 298|0x0000000092a00000, 0x0000000092a00000, 0x0000000092b00000|  0%| F|  |TAMS 0x0000000092a00000| PB 0x0000000092a00000| Untracked 
| 299|0x0000000092b00000, 0x0000000092b00000, 0x0000000092c00000|  0%| F|  |TAMS 0x0000000092b00000| PB 0x0000000092b00000| Untracked 
| 300|0x0000000092c00000, 0x0000000092c00000, 0x0000000092d00000|  0%| F|  |TAMS 0x0000000092c00000| PB 0x0000000092c00000| Untracked 
| 301|0x0000000092d00000, 0x0000000092d00000, 0x0000000092e00000|  0%| F|  |TAMS 0x0000000092d00000| PB 0x0000000092d00000| Untracked 
| 302|0x0000000092e00000, 0x0000000092e00000, 0x0000000092f00000|  0%| F|  |TAMS 0x0000000092e00000| PB 0x0000000092e00000| Untracked 
| 303|0x0000000092f00000, 0x0000000092f00000, 0x0000000093000000|  0%| F|  |TAMS 0x0000000092f00000| PB 0x0000000092f00000| Untracked 
| 304|0x0000000093000000, 0x0000000093000000, 0x0000000093100000|  0%| F|  |TAMS 0x0000000093000000| PB 0x0000000093000000| Untracked 
| 305|0x0000000093100000, 0x0000000093100000, 0x0000000093200000|  0%| F|  |TAMS 0x0000000093100000| PB 0x0000000093100000| Untracked 
| 306|0x0000000093200000, 0x0000000093200000, 0x0000000093300000|  0%| F|  |TAMS 0x0000000093200000| PB 0x0000000093200000| Untracked 
| 307|0x0000000093300000, 0x0000000093300000, 0x0000000093400000|  0%| F|  |TAMS 0x0000000093300000| PB 0x0000000093300000| Untracked 
| 308|0x0000000093400000, 0x0000000093400000, 0x0000000093500000|  0%| F|  |TAMS 0x0000000093400000| PB 0x0000000093400000| Untracked 
| 309|0x0000000093500000, 0x0000000093500000, 0x0000000093600000|  0%| F|  |TAMS 0x0000000093500000| PB 0x0000000093500000| Untracked 
| 310|0x0000000093600000, 0x0000000093600000, 0x0000000093700000|  0%| F|  |TAMS 0x0000000093600000| PB 0x0000000093600000| Untracked 
| 311|0x0000000093700000, 0x0000000093700000, 0x0000000093800000|  0%| F|  |TAMS 0x0000000093700000| PB 0x0000000093700000| Untracked 
| 312|0x0000000093800000, 0x0000000093800000, 0x0000000093900000|  0%| F|  |TAMS 0x0000000093800000| PB 0x0000000093800000| Untracked 
| 313|0x0000000093900000, 0x0000000093900000, 0x0000000093a00000|  0%| F|  |TAMS 0x0000000093900000| PB 0x0000000093900000| Untracked 
| 314|0x0000000093a00000, 0x0000000093a00000, 0x0000000093b00000|  0%| F|  |TAMS 0x0000000093a00000| PB 0x0000000093a00000| Untracked 
| 315|0x0000000093b00000, 0x0000000093b00000, 0x0000000093c00000|  0%| F|  |TAMS 0x0000000093b00000| PB 0x0000000093b00000| Untracked 
| 316|0x0000000093c00000, 0x0000000093c00000, 0x0000000093d00000|  0%| F|  |TAMS 0x0000000093c00000| PB 0x0000000093c00000| Untracked 
| 317|0x0000000093d00000, 0x0000000093d00000, 0x0000000093e00000|  0%| F|  |TAMS 0x0000000093d00000| PB 0x0000000093d00000| Untracked 
| 318|0x0000000093e00000, 0x0000000093e00000, 0x0000000093f00000|  0%| F|  |TAMS 0x0000000093e00000| PB 0x0000000093e00000| Untracked 
| 319|0x0000000093f00000, 0x0000000093f00000, 0x0000000094000000|  0%| F|  |TAMS 0x0000000093f00000| PB 0x0000000093f00000| Untracked 
| 320|0x0000000094000000, 0x0000000094000000, 0x0000000094100000|  0%| F|  |TAMS 0x0000000094000000| PB 0x0000000094000000| Untracked 
| 321|0x0000000094100000, 0x0000000094100000, 0x0000000094200000|  0%| F|  |TAMS 0x0000000094100000| PB 0x0000000094100000| Untracked 
| 322|0x0000000094200000, 0x0000000094200000, 0x0000000094300000|  0%| F|  |TAMS 0x0000000094200000| PB 0x0000000094200000| Untracked 
| 323|0x0000000094300000, 0x0000000094300000, 0x0000000094400000|  0%| F|  |TAMS 0x0000000094300000| PB 0x0000000094300000| Untracked 
| 324|0x0000000094400000, 0x0000000094400000, 0x0000000094500000|  0%| F|  |TAMS 0x0000000094400000| PB 0x0000000094400000| Untracked 
| 325|0x0000000094500000, 0x0000000094500000, 0x0000000094600000|  0%| F|  |TAMS 0x0000000094500000| PB 0x0000000094500000| Untracked 
| 326|0x0000000094600000, 0x0000000094600000, 0x0000000094700000|  0%| F|  |TAMS 0x0000000094600000| PB 0x0000000094600000| Untracked 
| 327|0x0000000094700000, 0x0000000094700000, 0x0000000094800000|  0%| F|  |TAMS 0x0000000094700000| PB 0x0000000094700000| Untracked 
| 328|0x0000000094800000, 0x0000000094800000, 0x0000000094900000|  0%| F|  |TAMS 0x0000000094800000| PB 0x0000000094800000| Untracked 
| 329|0x0000000094900000, 0x0000000094900000, 0x0000000094a00000|  0%| F|  |TAMS 0x0000000094900000| PB 0x0000000094900000| Untracked 
| 330|0x0000000094a00000, 0x0000000094a00000, 0x0000000094b00000|  0%| F|  |TAMS 0x0000000094a00000| PB 0x0000000094a00000| Untracked 
| 331|0x0000000094b00000, 0x0000000094b00000, 0x0000000094c00000|  0%| F|  |TAMS 0x0000000094b00000| PB 0x0000000094b00000| Untracked 
| 332|0x0000000094c00000, 0x0000000094c00000, 0x0000000094d00000|  0%| F|  |TAMS 0x0000000094c00000| PB 0x0000000094c00000| Untracked 
| 333|0x0000000094d00000, 0x0000000094d00000, 0x0000000094e00000|  0%| F|  |TAMS 0x0000000094d00000| PB 0x0000000094d00000| Untracked 
| 334|0x0000000094e00000, 0x0000000094e00000, 0x0000000094f00000|  0%| F|  |TAMS 0x0000000094e00000| PB 0x0000000094e00000| Untracked 
| 335|0x0000000094f00000, 0x0000000094f00000, 0x0000000095000000|  0%| F|  |TAMS 0x0000000094f00000| PB 0x0000000094f00000| Untracked 
| 336|0x0000000095000000, 0x0000000095000000, 0x0000000095100000|  0%| F|  |TAMS 0x0000000095000000| PB 0x0000000095000000| Untracked 
| 337|0x0000000095100000, 0x0000000095100000, 0x0000000095200000|  0%| F|  |TAMS 0x0000000095100000| PB 0x0000000095100000| Untracked 
| 338|0x0000000095200000, 0x0000000095200000, 0x0000000095300000|  0%| F|  |TAMS 0x0000000095200000| PB 0x0000000095200000| Untracked 
| 339|0x0000000095300000, 0x0000000095300000, 0x0000000095400000|  0%| F|  |TAMS 0x0000000095300000| PB 0x0000000095300000| Untracked 
| 340|0x0000000095400000, 0x0000000095400000, 0x0000000095500000|  0%| F|  |TAMS 0x0000000095400000| PB 0x0000000095400000| Untracked 
| 341|0x0000000095500000, 0x0000000095500000, 0x0000000095600000|  0%| F|  |TAMS 0x0000000095500000| PB 0x0000000095500000| Untracked 
| 342|0x0000000095600000, 0x0000000095600000, 0x0000000095700000|  0%| F|  |TAMS 0x0000000095600000| PB 0x0000000095600000| Untracked 
| 343|0x0000000095700000, 0x0000000095700000, 0x0000000095800000|  0%| F|  |TAMS 0x0000000095700000| PB 0x0000000095700000| Untracked 
| 344|0x0000000095800000, 0x0000000095800000, 0x0000000095900000|  0%| F|  |TAMS 0x0000000095800000| PB 0x0000000095800000| Untracked 
| 345|0x0000000095900000, 0x0000000095900000, 0x0000000095a00000|  0%| F|  |TAMS 0x0000000095900000| PB 0x0000000095900000| Untracked 
| 346|0x0000000095a00000, 0x0000000095a00000, 0x0000000095b00000|  0%| F|  |TAMS 0x0000000095a00000| PB 0x0000000095a00000| Untracked 
| 347|0x0000000095b00000, 0x0000000095b00000, 0x0000000095c00000|  0%| F|  |TAMS 0x0000000095b00000| PB 0x0000000095b00000| Untracked 
| 348|0x0000000095c00000, 0x0000000095c00000, 0x0000000095d00000|  0%| F|  |TAMS 0x0000000095c00000| PB 0x0000000095c00000| Untracked 
| 349|0x0000000095d00000, 0x0000000095d00000, 0x0000000095e00000|  0%| F|  |TAMS 0x0000000095d00000| PB 0x0000000095d00000| Untracked 
| 350|0x0000000095e00000, 0x0000000095e00000, 0x0000000095f00000|  0%| F|  |TAMS 0x0000000095e00000| PB 0x0000000095e00000| Untracked 
| 351|0x0000000095f00000, 0x0000000095f00000, 0x0000000096000000|  0%| F|  |TAMS 0x0000000095f00000| PB 0x0000000095f00000| Untracked 
| 352|0x0000000096000000, 0x0000000096000000, 0x0000000096100000|  0%| F|  |TAMS 0x0000000096000000| PB 0x0000000096000000| Untracked 
| 353|0x0000000096100000, 0x0000000096100000, 0x0000000096200000|  0%| F|  |TAMS 0x0000000096100000| PB 0x0000000096100000| Untracked 
| 354|0x0000000096200000, 0x0000000096200000, 0x0000000096300000|  0%| F|  |TAMS 0x0000000096200000| PB 0x0000000096200000| Untracked 
| 355|0x0000000096300000, 0x0000000096300000, 0x0000000096400000|  0%| F|  |TAMS 0x0000000096300000| PB 0x0000000096300000| Untracked 
| 356|0x0000000096400000, 0x0000000096400000, 0x0000000096500000|  0%| F|  |TAMS 0x0000000096400000| PB 0x0000000096400000| Untracked 
| 357|0x0000000096500000, 0x0000000096500000, 0x0000000096600000|  0%| F|  |TAMS 0x0000000096500000| PB 0x0000000096500000| Untracked 
| 358|0x0000000096600000, 0x0000000096600000, 0x0000000096700000|  0%| F|  |TAMS 0x0000000096600000| PB 0x0000000096600000| Untracked 
| 359|0x0000000096700000, 0x0000000096700000, 0x0000000096800000|  0%| F|  |TAMS 0x0000000096700000| PB 0x0000000096700000| Untracked 
| 360|0x0000000096800000, 0x0000000096800000, 0x0000000096900000|  0%| F|  |TAMS 0x0000000096800000| PB 0x0000000096800000| Untracked 
| 361|0x0000000096900000, 0x0000000096900000, 0x0000000096a00000|  0%| F|  |TAMS 0x0000000096900000| PB 0x0000000096900000| Untracked 
| 362|0x0000000096a00000, 0x0000000096a00000, 0x0000000096b00000|  0%| F|  |TAMS 0x0000000096a00000| PB 0x0000000096a00000| Untracked 
| 363|0x0000000096b00000, 0x0000000096b00000, 0x0000000096c00000|  0%| F|  |TAMS 0x0000000096b00000| PB 0x0000000096b00000| Untracked 
| 364|0x0000000096c00000, 0x0000000096c00000, 0x0000000096d00000|  0%| F|  |TAMS 0x0000000096c00000| PB 0x0000000096c00000| Untracked 
| 365|0x0000000096d00000, 0x0000000096d00000, 0x0000000096e00000|  0%| F|  |TAMS 0x0000000096d00000| PB 0x0000000096d00000| Untracked 
| 366|0x0000000096e00000, 0x0000000096e00000, 0x0000000096f00000|  0%| F|  |TAMS 0x0000000096e00000| PB 0x0000000096e00000| Untracked 
| 367|0x0000000096f00000, 0x0000000096f00000, 0x0000000097000000|  0%| F|  |TAMS 0x0000000096f00000| PB 0x0000000096f00000| Untracked 
| 368|0x0000000097000000, 0x0000000097000000, 0x0000000097100000|  0%| F|  |TAMS 0x0000000097000000| PB 0x0000000097000000| Untracked 
| 369|0x0000000097100000, 0x0000000097100000, 0x0000000097200000|  0%| F|  |TAMS 0x0000000097100000| PB 0x0000000097100000| Untracked 
| 370|0x0000000097200000, 0x0000000097200000, 0x0000000097300000|  0%| F|  |TAMS 0x0000000097200000| PB 0x0000000097200000| Untracked 
| 371|0x0000000097300000, 0x0000000097300000, 0x0000000097400000|  0%| F|  |TAMS 0x0000000097300000| PB 0x0000000097300000| Untracked 
| 372|0x0000000097400000, 0x0000000097400000, 0x0000000097500000|  0%| F|  |TAMS 0x0000000097400000| PB 0x0000000097400000| Untracked 
| 373|0x0000000097500000, 0x0000000097500000, 0x0000000097600000|  0%| F|  |TAMS 0x0000000097500000| PB 0x0000000097500000| Untracked 
| 374|0x0000000097600000, 0x0000000097600000, 0x0000000097700000|  0%| F|  |TAMS 0x0000000097600000| PB 0x0000000097600000| Untracked 
| 375|0x0000000097700000, 0x0000000097700000, 0x0000000097800000|  0%| F|  |TAMS 0x0000000097700000| PB 0x0000000097700000| Untracked 
| 376|0x0000000097800000, 0x0000000097800000, 0x0000000097900000|  0%| F|  |TAMS 0x0000000097800000| PB 0x0000000097800000| Untracked 
| 377|0x0000000097900000, 0x0000000097900000, 0x0000000097a00000|  0%| F|  |TAMS 0x0000000097900000| PB 0x0000000097900000| Untracked 
| 378|0x0000000097a00000, 0x0000000097a00000, 0x0000000097b00000|  0%| F|  |TAMS 0x0000000097a00000| PB 0x0000000097a00000| Untracked 
| 379|0x0000000097b00000, 0x0000000097b00000, 0x0000000097c00000|  0%| F|  |TAMS 0x0000000097b00000| PB 0x0000000097b00000| Untracked 
| 380|0x0000000097c00000, 0x0000000097c00000, 0x0000000097d00000|  0%| F|  |TAMS 0x0000000097c00000| PB 0x0000000097c00000| Untracked 
| 381|0x0000000097d00000, 0x0000000097d00000, 0x0000000097e00000|  0%| F|  |TAMS 0x0000000097d00000| PB 0x0000000097d00000| Untracked 
| 382|0x0000000097e00000, 0x0000000097e00000, 0x0000000097f00000|  0%| F|  |TAMS 0x0000000097e00000| PB 0x0000000097e00000| Untracked 
| 383|0x0000000097f00000, 0x0000000097f00000, 0x0000000098000000|  0%| F|  |TAMS 0x0000000097f00000| PB 0x0000000097f00000| Untracked 
| 384|0x0000000098000000, 0x0000000098000000, 0x0000000098100000|  0%| F|  |TAMS 0x0000000098000000| PB 0x0000000098000000| Untracked 
| 385|0x0000000098100000, 0x0000000098100000, 0x0000000098200000|  0%| F|  |TAMS 0x0000000098100000| PB 0x0000000098100000| Untracked 
| 386|0x0000000098200000, 0x0000000098200000, 0x0000000098300000|  0%| F|  |TAMS 0x0000000098200000| PB 0x0000000098200000| Untracked 
| 387|0x0000000098300000, 0x0000000098300000, 0x0000000098400000|  0%| F|  |TAMS 0x0000000098300000| PB 0x0000000098300000| Untracked 
| 388|0x0000000098400000, 0x0000000098400000, 0x0000000098500000|  0%| F|  |TAMS 0x0000000098400000| PB 0x0000000098400000| Untracked 
| 389|0x0000000098500000, 0x0000000098500000, 0x0000000098600000|  0%| F|  |TAMS 0x0000000098500000| PB 0x0000000098500000| Untracked 
| 390|0x0000000098600000, 0x0000000098600000, 0x0000000098700000|  0%| F|  |TAMS 0x0000000098600000| PB 0x0000000098600000| Untracked 
| 391|0x0000000098700000, 0x0000000098700000, 0x0000000098800000|  0%| F|  |TAMS 0x0000000098700000| PB 0x0000000098700000| Untracked 
| 392|0x0000000098800000, 0x0000000098800000, 0x0000000098900000|  0%| F|  |TAMS 0x0000000098800000| PB 0x0000000098800000| Untracked 
| 393|0x0000000098900000, 0x0000000098900000, 0x0000000098a00000|  0%| F|  |TAMS 0x0000000098900000| PB 0x0000000098900000| Untracked 
| 394|0x0000000098a00000, 0x0000000098a00000, 0x0000000098b00000|  0%| F|  |TAMS 0x0000000098a00000| PB 0x0000000098a00000| Untracked 
| 395|0x0000000098b00000, 0x0000000098b00000, 0x0000000098c00000|  0%| F|  |TAMS 0x0000000098b00000| PB 0x0000000098b00000| Untracked 
| 396|0x0000000098c00000, 0x0000000098c00000, 0x0000000098d00000|  0%| F|  |TAMS 0x0000000098c00000| PB 0x0000000098c00000| Untracked 
| 397|0x0000000098d00000, 0x0000000098d00000, 0x0000000098e00000|  0%| F|  |TAMS 0x0000000098d00000| PB 0x0000000098d00000| Untracked 
| 398|0x0000000098e00000, 0x0000000098e00000, 0x0000000098f00000|  0%| F|  |TAMS 0x0000000098e00000| PB 0x0000000098e00000| Untracked 
| 399|0x0000000098f00000, 0x0000000098f00000, 0x0000000099000000|  0%| F|  |TAMS 0x0000000098f00000| PB 0x0000000098f00000| Untracked 
| 400|0x0000000099000000, 0x0000000099000000, 0x0000000099100000|  0%| F|  |TAMS 0x0000000099000000| PB 0x0000000099000000| Untracked 
| 401|0x0000000099100000, 0x0000000099100000, 0x0000000099200000|  0%| F|  |TAMS 0x0000000099100000| PB 0x0000000099100000| Untracked 
| 402|0x0000000099200000, 0x0000000099200000, 0x0000000099300000|  0%| F|  |TAMS 0x0000000099200000| PB 0x0000000099200000| Untracked 
| 403|0x0000000099300000, 0x0000000099300000, 0x0000000099400000|  0%| F|  |TAMS 0x0000000099300000| PB 0x0000000099300000| Untracked 
| 404|0x0000000099400000, 0x0000000099400000, 0x0000000099500000|  0%| F|  |TAMS 0x0000000099400000| PB 0x0000000099400000| Untracked 
| 405|0x0000000099500000, 0x0000000099500000, 0x0000000099600000|  0%| F|  |TAMS 0x0000000099500000| PB 0x0000000099500000| Untracked 
| 406|0x0000000099600000, 0x0000000099600000, 0x0000000099700000|  0%| F|  |TAMS 0x0000000099600000| PB 0x0000000099600000| Untracked 
| 407|0x0000000099700000, 0x0000000099700000, 0x0000000099800000|  0%| F|  |TAMS 0x0000000099700000| PB 0x0000000099700000| Untracked 
| 408|0x0000000099800000, 0x0000000099800000, 0x0000000099900000|  0%| F|  |TAMS 0x0000000099800000| PB 0x0000000099800000| Untracked 
| 409|0x0000000099900000, 0x0000000099900000, 0x0000000099a00000|  0%| F|  |TAMS 0x0000000099900000| PB 0x0000000099900000| Untracked 
| 410|0x0000000099a00000, 0x0000000099a00000, 0x0000000099b00000|  0%| F|  |TAMS 0x0000000099a00000| PB 0x0000000099a00000| Untracked 
| 411|0x0000000099b00000, 0x0000000099b00000, 0x0000000099c00000|  0%| F|  |TAMS 0x0000000099b00000| PB 0x0000000099b00000| Untracked 
| 412|0x0000000099c00000, 0x0000000099c00000, 0x0000000099d00000|  0%| F|  |TAMS 0x0000000099c00000| PB 0x0000000099c00000| Untracked 
| 413|0x0000000099d00000, 0x0000000099d00000, 0x0000000099e00000|  0%| F|  |TAMS 0x0000000099d00000| PB 0x0000000099d00000| Untracked 
| 414|0x0000000099e00000, 0x0000000099e00000, 0x0000000099f00000|  0%| F|  |TAMS 0x0000000099e00000| PB 0x0000000099e00000| Untracked 
| 415|0x0000000099f00000, 0x0000000099f00000, 0x000000009a000000|  0%| F|  |TAMS 0x0000000099f00000| PB 0x0000000099f00000| Untracked 
| 416|0x000000009a000000, 0x000000009a000000, 0x000000009a100000|  0%| F|  |TAMS 0x000000009a000000| PB 0x000000009a000000| Untracked 
| 417|0x000000009a100000, 0x000000009a100000, 0x000000009a200000|  0%| F|  |TAMS 0x000000009a100000| PB 0x000000009a100000| Untracked 
| 418|0x000000009a200000, 0x000000009a200000, 0x000000009a300000|  0%| F|  |TAMS 0x000000009a200000| PB 0x000000009a200000| Untracked 
| 419|0x000000009a300000, 0x000000009a300000, 0x000000009a400000|  0%| F|  |TAMS 0x000000009a300000| PB 0x000000009a300000| Untracked 
| 420|0x000000009a400000, 0x000000009a400000, 0x000000009a500000|  0%| F|  |TAMS 0x000000009a400000| PB 0x000000009a400000| Untracked 
| 421|0x000000009a500000, 0x000000009a500000, 0x000000009a600000|  0%| F|  |TAMS 0x000000009a500000| PB 0x000000009a500000| Untracked 
| 422|0x000000009a600000, 0x000000009a600000, 0x000000009a700000|  0%| F|  |TAMS 0x000000009a600000| PB 0x000000009a600000| Untracked 
| 423|0x000000009a700000, 0x000000009a700000, 0x000000009a800000|  0%| F|  |TAMS 0x000000009a700000| PB 0x000000009a700000| Untracked 
| 424|0x000000009a800000, 0x000000009a800000, 0x000000009a900000|  0%| F|  |TAMS 0x000000009a800000| PB 0x000000009a800000| Untracked 
| 425|0x000000009a900000, 0x000000009a900000, 0x000000009aa00000|  0%| F|  |TAMS 0x000000009a900000| PB 0x000000009a900000| Untracked 
| 426|0x000000009aa00000, 0x000000009aa00000, 0x000000009ab00000|  0%| F|  |TAMS 0x000000009aa00000| PB 0x000000009aa00000| Untracked 
| 427|0x000000009ab00000, 0x000000009ab00000, 0x000000009ac00000|  0%| F|  |TAMS 0x000000009ab00000| PB 0x000000009ab00000| Untracked 
| 428|0x000000009ac00000, 0x000000009ac00000, 0x000000009ad00000|  0%| F|  |TAMS 0x000000009ac00000| PB 0x000000009ac00000| Untracked 
| 429|0x000000009ad00000, 0x000000009ad00000, 0x000000009ae00000|  0%| F|  |TAMS 0x000000009ad00000| PB 0x000000009ad00000| Untracked 
| 430|0x000000009ae00000, 0x000000009ae00000, 0x000000009af00000|  0%| F|  |TAMS 0x000000009ae00000| PB 0x000000009ae00000| Untracked 
| 431|0x000000009af00000, 0x000000009af00000, 0x000000009b000000|  0%| F|  |TAMS 0x000000009af00000| PB 0x000000009af00000| Untracked 
| 432|0x000000009b000000, 0x000000009b000000, 0x000000009b100000|  0%| F|  |TAMS 0x000000009b000000| PB 0x000000009b000000| Untracked 
| 433|0x000000009b100000, 0x000000009b100000, 0x000000009b200000|  0%| F|  |TAMS 0x000000009b100000| PB 0x000000009b100000| Untracked 
| 434|0x000000009b200000, 0x000000009b200000, 0x000000009b300000|  0%| F|  |TAMS 0x000000009b200000| PB 0x000000009b200000| Untracked 
| 435|0x000000009b300000, 0x000000009b300000, 0x000000009b400000|  0%| F|  |TAMS 0x000000009b300000| PB 0x000000009b300000| Untracked 
| 436|0x000000009b400000, 0x000000009b400000, 0x000000009b500000|  0%| F|  |TAMS 0x000000009b400000| PB 0x000000009b400000| Untracked 
| 437|0x000000009b500000, 0x000000009b500000, 0x000000009b600000|  0%| F|  |TAMS 0x000000009b500000| PB 0x000000009b500000| Untracked 
| 438|0x000000009b600000, 0x000000009b600000, 0x000000009b700000|  0%| F|  |TAMS 0x000000009b600000| PB 0x000000009b600000| Untracked 
| 439|0x000000009b700000, 0x000000009b700000, 0x000000009b800000|  0%| F|  |TAMS 0x000000009b700000| PB 0x000000009b700000| Untracked 
| 440|0x000000009b800000, 0x000000009b800000, 0x000000009b900000|  0%| F|  |TAMS 0x000000009b800000| PB 0x000000009b800000| Untracked 
| 441|0x000000009b900000, 0x000000009b900000, 0x000000009ba00000|  0%| F|  |TAMS 0x000000009b900000| PB 0x000000009b900000| Untracked 
| 442|0x000000009ba00000, 0x000000009ba00000, 0x000000009bb00000|  0%| F|  |TAMS 0x000000009ba00000| PB 0x000000009ba00000| Untracked 
| 443|0x000000009bb00000, 0x000000009bb00000, 0x000000009bc00000|  0%| F|  |TAMS 0x000000009bb00000| PB 0x000000009bb00000| Untracked 
| 444|0x000000009bc00000, 0x000000009bc00000, 0x000000009bd00000|  0%| F|  |TAMS 0x000000009bc00000| PB 0x000000009bc00000| Untracked 
| 445|0x000000009bd00000, 0x000000009bd00000, 0x000000009be00000|  0%| F|  |TAMS 0x000000009bd00000| PB 0x000000009bd00000| Untracked 
| 446|0x000000009be00000, 0x000000009be00000, 0x000000009bf00000|  0%| F|  |TAMS 0x000000009be00000| PB 0x000000009be00000| Untracked 
| 447|0x000000009bf00000, 0x000000009bf00000, 0x000000009c000000|  0%| F|  |TAMS 0x000000009bf00000| PB 0x000000009bf00000| Untracked 
| 448|0x000000009c000000, 0x000000009c000000, 0x000000009c100000|  0%| F|  |TAMS 0x000000009c000000| PB 0x000000009c000000| Untracked 
| 449|0x000000009c100000, 0x000000009c100000, 0x000000009c200000|  0%| F|  |TAMS 0x000000009c100000| PB 0x000000009c100000| Untracked 
| 450|0x000000009c200000, 0x000000009c200000, 0x000000009c300000|  0%| F|  |TAMS 0x000000009c200000| PB 0x000000009c200000| Untracked 
| 451|0x000000009c300000, 0x000000009c300000, 0x000000009c400000|  0%| F|  |TAMS 0x000000009c300000| PB 0x000000009c300000| Untracked 
| 452|0x000000009c400000, 0x000000009c400000, 0x000000009c500000|  0%| F|  |TAMS 0x000000009c400000| PB 0x000000009c400000| Untracked 
| 453|0x000000009c500000, 0x000000009c500000, 0x000000009c600000|  0%| F|  |TAMS 0x000000009c500000| PB 0x000000009c500000| Untracked 
| 454|0x000000009c600000, 0x000000009c600000, 0x000000009c700000|  0%| F|  |TAMS 0x000000009c600000| PB 0x000000009c600000| Untracked 
| 455|0x000000009c700000, 0x000000009c700000, 0x000000009c800000|  0%| F|  |TAMS 0x000000009c700000| PB 0x000000009c700000| Untracked 
| 456|0x000000009c800000, 0x000000009c800000, 0x000000009c900000|  0%| F|  |TAMS 0x000000009c800000| PB 0x000000009c800000| Untracked 
| 457|0x000000009c900000, 0x000000009c900000, 0x000000009ca00000|  0%| F|  |TAMS 0x000000009c900000| PB 0x000000009c900000| Untracked 
| 458|0x000000009ca00000, 0x000000009ca00000, 0x000000009cb00000|  0%| F|  |TAMS 0x000000009ca00000| PB 0x000000009ca00000| Untracked 
| 459|0x000000009cb00000, 0x000000009cb00000, 0x000000009cc00000|  0%| F|  |TAMS 0x000000009cb00000| PB 0x000000009cb00000| Untracked 
| 460|0x000000009cc00000, 0x000000009cc00000, 0x000000009cd00000|  0%| F|  |TAMS 0x000000009cc00000| PB 0x000000009cc00000| Untracked 
| 461|0x000000009cd00000, 0x000000009cd00000, 0x000000009ce00000|  0%| F|  |TAMS 0x000000009cd00000| PB 0x000000009cd00000| Untracked 
| 462|0x000000009ce00000, 0x000000009ce00000, 0x000000009cf00000|  0%| F|  |TAMS 0x000000009ce00000| PB 0x000000009ce00000| Untracked 
| 463|0x000000009cf00000, 0x000000009cf00000, 0x000000009d000000|  0%| F|  |TAMS 0x000000009cf00000| PB 0x000000009cf00000| Untracked 
| 464|0x000000009d000000, 0x000000009d000000, 0x000000009d100000|  0%| F|  |TAMS 0x000000009d000000| PB 0x000000009d000000| Untracked 
| 465|0x000000009d100000, 0x000000009d100000, 0x000000009d200000|  0%| F|  |TAMS 0x000000009d100000| PB 0x000000009d100000| Untracked 
| 466|0x000000009d200000, 0x000000009d200000, 0x000000009d300000|  0%| F|  |TAMS 0x000000009d200000| PB 0x000000009d200000| Untracked 
| 467|0x000000009d300000, 0x000000009d300000, 0x000000009d400000|  0%| F|  |TAMS 0x000000009d300000| PB 0x000000009d300000| Untracked 
| 468|0x000000009d400000, 0x000000009d400000, 0x000000009d500000|  0%| F|  |TAMS 0x000000009d400000| PB 0x000000009d400000| Untracked 
| 469|0x000000009d500000, 0x000000009d500000, 0x000000009d600000|  0%| F|  |TAMS 0x000000009d500000| PB 0x000000009d500000| Untracked 
| 470|0x000000009d600000, 0x000000009d600000, 0x000000009d700000|  0%| F|  |TAMS 0x000000009d600000| PB 0x000000009d600000| Untracked 
| 471|0x000000009d700000, 0x000000009d700000, 0x000000009d800000|  0%| F|  |TAMS 0x000000009d700000| PB 0x000000009d700000| Untracked 
| 472|0x000000009d800000, 0x000000009d800000, 0x000000009d900000|  0%| F|  |TAMS 0x000000009d800000| PB 0x000000009d800000| Untracked 
| 473|0x000000009d900000, 0x000000009d900000, 0x000000009da00000|  0%| F|  |TAMS 0x000000009d900000| PB 0x000000009d900000| Untracked 
| 474|0x000000009da00000, 0x000000009da00000, 0x000000009db00000|  0%| F|  |TAMS 0x000000009da00000| PB 0x000000009da00000| Untracked 
| 475|0x000000009db00000, 0x000000009db00000, 0x000000009dc00000|  0%| F|  |TAMS 0x000000009db00000| PB 0x000000009db00000| Untracked 
| 476|0x000000009dc00000, 0x000000009dc00000, 0x000000009dd00000|  0%| F|  |TAMS 0x000000009dc00000| PB 0x000000009dc00000| Untracked 
| 477|0x000000009dd00000, 0x000000009dd00000, 0x000000009de00000|  0%| F|  |TAMS 0x000000009dd00000| PB 0x000000009dd00000| Untracked 
| 478|0x000000009de00000, 0x000000009de00000, 0x000000009df00000|  0%| F|  |TAMS 0x000000009de00000| PB 0x000000009de00000| Untracked 
| 479|0x000000009df00000, 0x000000009df00000, 0x000000009e000000|  0%| F|  |TAMS 0x000000009df00000| PB 0x000000009df00000| Untracked 
| 480|0x000000009e000000, 0x000000009e000000, 0x000000009e100000|  0%| F|  |TAMS 0x000000009e000000| PB 0x000000009e000000| Untracked 
| 481|0x000000009e100000, 0x000000009e100000, 0x000000009e200000|  0%| F|  |TAMS 0x000000009e100000| PB 0x000000009e100000| Untracked 
| 482|0x000000009e200000, 0x000000009e200000, 0x000000009e300000|  0%| F|  |TAMS 0x000000009e200000| PB 0x000000009e200000| Untracked 
| 483|0x000000009e300000, 0x000000009e300000, 0x000000009e400000|  0%| F|  |TAMS 0x000000009e300000| PB 0x000000009e300000| Untracked 
| 484|0x000000009e400000, 0x000000009e400000, 0x000000009e500000|  0%| F|  |TAMS 0x000000009e400000| PB 0x000000009e400000| Untracked 
| 485|0x000000009e500000, 0x000000009e500000, 0x000000009e600000|  0%| F|  |TAMS 0x000000009e500000| PB 0x000000009e500000| Untracked 
| 486|0x000000009e600000, 0x000000009e600000, 0x000000009e700000|  0%| F|  |TAMS 0x000000009e600000| PB 0x000000009e600000| Untracked 
| 487|0x000000009e700000, 0x000000009e700000, 0x000000009e800000|  0%| F|  |TAMS 0x000000009e700000| PB 0x000000009e700000| Untracked 
| 488|0x000000009e800000, 0x000000009e800000, 0x000000009e900000|  0%| F|  |TAMS 0x000000009e800000| PB 0x000000009e800000| Untracked 
| 489|0x000000009e900000, 0x000000009e900000, 0x000000009ea00000|  0%| F|  |TAMS 0x000000009e900000| PB 0x000000009e900000| Untracked 
| 490|0x000000009ea00000, 0x000000009ea00000, 0x000000009eb00000|  0%| F|  |TAMS 0x000000009ea00000| PB 0x000000009ea00000| Untracked 
| 491|0x000000009eb00000, 0x000000009eb00000, 0x000000009ec00000|  0%| F|  |TAMS 0x000000009eb00000| PB 0x000000009eb00000| Untracked 
| 492|0x000000009ec00000, 0x000000009ec00000, 0x000000009ed00000|  0%| F|  |TAMS 0x000000009ec00000| PB 0x000000009ec00000| Untracked 
| 493|0x000000009ed00000, 0x000000009ed00000, 0x000000009ee00000|  0%| F|  |TAMS 0x000000009ed00000| PB 0x000000009ed00000| Untracked 
| 494|0x000000009ee00000, 0x000000009ee00000, 0x000000009ef00000|  0%| F|  |TAMS 0x000000009ee00000| PB 0x000000009ee00000| Untracked 
| 495|0x000000009ef00000, 0x000000009ef00000, 0x000000009f000000|  0%| F|  |TAMS 0x000000009ef00000| PB 0x000000009ef00000| Untracked 
| 496|0x000000009f000000, 0x000000009f073ae0, 0x000000009f100000| 45%| E|  |TAMS 0x000000009f000000| PB 0x000000009f000000| Complete 
| 497|0x000000009f100000, 0x000000009f1e63d0, 0x000000009f200000| 89%| S|CS|TAMS 0x000000009f100000| PB 0x000000009f100000| Complete 
| 498|0x000000009f200000, 0x000000009f300000, 0x000000009f300000|100%| S|CS|TAMS 0x000000009f200000| PB 0x000000009f200000| Complete 
| 499|0x000000009f300000, 0x000000009f400000, 0x000000009f400000|100%| E|CS|TAMS 0x000000009f300000| PB 0x000000009f300000| Complete 
| 500|0x000000009f400000, 0x000000009f500000, 0x000000009f500000|100%| E|CS|TAMS 0x000000009f400000| PB 0x000000009f400000| Complete 
| 501|0x000000009f500000, 0x000000009f600000, 0x000000009f600000|100%| E|CS|TAMS 0x000000009f500000| PB 0x000000009f500000| Complete 
| 502|0x000000009f600000, 0x000000009f700000, 0x000000009f700000|100%| E|CS|TAMS 0x000000009f600000| PB 0x000000009f600000| Complete 
| 503|0x000000009f700000, 0x000000009f800000, 0x000000009f800000|100%| E|CS|TAMS 0x000000009f700000| PB 0x000000009f700000| Complete 
| 504|0x000000009f800000, 0x000000009f900000, 0x000000009f900000|100%| E|CS|TAMS 0x000000009f800000| PB 0x000000009f800000| Complete 
| 505|0x000000009f900000, 0x000000009fa00000, 0x000000009fa00000|100%| E|CS|TAMS 0x000000009f900000| PB 0x000000009f900000| Complete 
| 506|0x000000009fa00000, 0x000000009fb00000, 0x000000009fb00000|100%| E|CS|TAMS 0x000000009fa00000| PB 0x000000009fa00000| Complete 
| 507|0x000000009fb00000, 0x000000009fc00000, 0x000000009fc00000|100%| E|CS|TAMS 0x000000009fb00000| PB 0x000000009fb00000| Complete 
| 508|0x000000009fc00000, 0x000000009fd00000, 0x000000009fd00000|100%| E|CS|TAMS 0x000000009fc00000| PB 0x000000009fc00000| Complete 
| 509|0x000000009fd00000, 0x000000009fe00000, 0x000000009fe00000|100%| E|CS|TAMS 0x000000009fd00000| PB 0x000000009fd00000| Complete 
| 510|0x000000009fe00000, 0x000000009ff00000, 0x000000009ff00000|100%| E|CS|TAMS 0x000000009fe00000| PB 0x000000009fe00000| Complete 
| 511|0x000000009ff00000, 0x00000000a0000000, 0x00000000a0000000|100%| E|CS|TAMS 0x000000009ff00000| PB 0x000000009ff00000| Complete 
| 512|0x00000000a0000000, 0x00000000a0100000, 0x00000000a0100000|100%| E|CS|TAMS 0x00000000a0000000| PB 0x00000000a0000000| Complete 
| 513|0x00000000a0100000, 0x00000000a0200000, 0x00000000a0200000|100%| E|CS|TAMS 0x00000000a0100000| PB 0x00000000a0100000| Complete 
| 514|0x00000000a0200000, 0x00000000a0300000, 0x00000000a0300000|100%| E|CS|TAMS 0x00000000a0200000| PB 0x00000000a0200000| Complete 
|2021|0x00000000fe500000, 0x00000000fe600000, 0x00000000fe600000|100%| E|CS|TAMS 0x00000000fe500000| PB 0x00000000fe500000| Complete 
|2022|0x00000000fe600000, 0x00000000fe700000, 0x00000000fe700000|100%| O|  |TAMS 0x00000000fe600000| PB 0x00000000fe600000| Untracked 
|2023|0x00000000fe700000, 0x00000000fe800000, 0x00000000fe800000|100%| O|  |TAMS 0x00000000fe700000| PB 0x00000000fe700000| Untracked 
|2024|0x00000000fe800000, 0x00000000fe900000, 0x00000000fe900000|100%| E|CS|TAMS 0x00000000fe800000| PB 0x00000000fe800000| Complete 
|2025|0x00000000fe900000, 0x00000000fea00000, 0x00000000fea00000|100%| E|CS|TAMS 0x00000000fe900000| PB 0x00000000fe900000| Complete 
|2026|0x00000000fea00000, 0x00000000feb00000, 0x00000000feb00000|100%| O|  |TAMS 0x00000000fea00000| PB 0x00000000fea00000| Untracked 
|2027|0x00000000feb00000, 0x00000000fec00000, 0x00000000fec00000|100%| E|CS|TAMS 0x00000000feb00000| PB 0x00000000feb00000| Complete 
|2028|0x00000000fec00000, 0x00000000fed00000, 0x00000000fed00000|100%| O|  |TAMS 0x00000000fec00000| PB 0x00000000fec00000| Untracked 
|2029|0x00000000fed00000, 0x00000000fee00000, 0x00000000fee00000|100%| E|CS|TAMS 0x00000000fed00000| PB 0x00000000fed00000| Complete 
|2030|0x00000000fee00000, 0x00000000fef00000, 0x00000000fef00000|100%| O|  |TAMS 0x00000000fee00000| PB 0x00000000fee00000| Untracked 
|2031|0x00000000fef00000, 0x00000000ff000000, 0x00000000ff000000|100%| E|CS|TAMS 0x00000000fef00000| PB 0x00000000fef00000| Complete 
|2032|0x00000000ff000000, 0x00000000ff100000, 0x00000000ff100000|100%| O|  |TAMS 0x00000000ff000000| PB 0x00000000ff000000| Untracked 
|2033|0x00000000ff100000, 0x00000000ff200000, 0x00000000ff200000|100%| E|CS|TAMS 0x00000000ff100000| PB 0x00000000ff100000| Complete 
|2034|0x00000000ff200000, 0x00000000ff300000, 0x00000000ff300000|100%| O|  |TAMS 0x00000000ff200000| PB 0x00000000ff200000| Untracked 
|2035|0x00000000ff300000, 0x00000000ff400000, 0x00000000ff400000|100%| O|  |TAMS 0x00000000ff300000| PB 0x00000000ff300000| Untracked 
|2036|0x00000000ff400000, 0x00000000ff500000, 0x00000000ff500000|100%| O|  |TAMS 0x00000000ff400000| PB 0x00000000ff400000| Untracked 
|2037|0x00000000ff500000, 0x00000000ff600000, 0x00000000ff600000|100%| O|  |TAMS 0x00000000ff500000| PB 0x00000000ff500000| Untracked 
|2038|0x00000000ff600000, 0x00000000ff700000, 0x00000000ff700000|100%| E|CS|TAMS 0x00000000ff600000| PB 0x00000000ff600000| Complete 
|2039|0x00000000ff700000, 0x00000000ff800000, 0x00000000ff800000|100%| O|  |TAMS 0x00000000ff700000| PB 0x00000000ff700000| Untracked 
|2040|0x00000000ff800000, 0x00000000ff900000, 0x00000000ff900000|100%| O|  |TAMS 0x00000000ff800000| PB 0x00000000ff800000| Untracked 
|2041|0x00000000ff900000, 0x00000000ffa00000, 0x00000000ffa00000|100%| O|  |TAMS 0x00000000ff900000| PB 0x00000000ff900000| Untracked 
|2042|0x00000000ffa00000, 0x00000000ffb00000, 0x00000000ffb00000|100%| O|  |TAMS 0x00000000ffa00000| PB 0x00000000ffa00000| Untracked 
|2043|0x00000000ffb00000, 0x00000000ffc00000, 0x00000000ffc00000|100%| O|  |TAMS 0x00000000ffb00000| PB 0x00000000ffb00000| Untracked 
|2044|0x00000000ffc00000, 0x00000000ffd00000, 0x00000000ffd00000|100%| O|  |TAMS 0x00000000ffc00000| PB 0x00000000ffc00000| Untracked 
|2045|0x00000000ffd00000, 0x00000000ffe00000, 0x00000000ffe00000|100%| O|  |TAMS 0x00000000ffd00000| PB 0x00000000ffd00000| Untracked 
|2046|0x00000000ffe00000, 0x00000000fff00000, 0x00000000fff00000|100%| E|CS|TAMS 0x00000000ffe00000| PB 0x00000000ffe00000| Complete 
|2047|0x00000000fff00000, 0x0000000100000000, 0x0000000100000000|100%| O|  |TAMS 0x00000000fff00000| PB 0x00000000fff00000| Untracked 

Card table byte_map: [0x0000028164200000,0x0000028164600000] _byte_map_base: 0x0000028163e00000

Marking Bits: (CMBitMap*) 0x000002814f1fa790
 Bits: [0x0000028164600000, 0x0000028166600000)

Polling page: 0x000002814f260000

Metaspace:

Usage:
  Non-class:    145.73 MB used.
      Class:     22.80 MB used.
       Both:    168.53 MB used.

Virtual space:
  Non-class space:      192.00 MB reserved,     147.06 MB ( 77%) committed,  3 nodes.
      Class space:        1.00 GB reserved,      24.12 MB (  2%) committed,  1 nodes.
             Both:        1.19 GB reserved,     171.19 MB ( 14%) committed. 

Chunk freelists:
   Non-Class:  12.95 MB
       Class:  7.78 MB
        Both:  20.73 MB

MaxMetaspaceSize: unlimited
CompressedClassSpaceSize: 1.00 GB
Initial GC threshold: 21.00 MB
Current GC threshold: 285.31 MB
CDS: off
 - commit_granule_bytes: 65536.
 - commit_granule_words: 8192.
 - virtual_space_node_default_size: 8388608.
 - enlarge_chunks_in_place: 1.
 - use_allocation_guard: 0.


Internal statistics:

num_allocs_failed_limit: 11.
num_arena_births: 5372.
num_arena_deaths: 2.
num_vsnodes_births: 4.
num_vsnodes_deaths: 0.
num_space_committed: 2736.
num_space_uncommitted: 0.
num_chunks_returned_to_freelist: 13.
num_chunks_taken_from_freelist: 12787.
num_chunk_merges: 3.
num_chunk_splits: 8385.
num_chunks_enlarged: 5339.
num_inconsistent_stats: 0.

CodeHeap 'non-profiled nmethods': size=119168Kb used=10316Kb max_used=12869Kb free=108852Kb
 bounds [0x000002815b480000, 0x000002815c160000, 0x00000281628e0000]
CodeHeap 'profiled nmethods': size=119104Kb used=22710Kb max_used=37075Kb free=96393Kb
 bounds [0x00000281538e0000, 0x0000028155d20000, 0x000002815ad30000]
CodeHeap 'non-nmethods': size=7488Kb used=2809Kb max_used=4002Kb free=4678Kb
 bounds [0x000002815ad30000, 0x000002815b120000, 0x000002815b480000]
CodeCache: size=245760Kb, used=35835Kb, max_used=53946Kb, free=209923Kb
 total_blobs=11393, nmethods=10318, adapters=976, full_count=0
Compilation: enabled, stopped_count=0, restarted_count=0

Compilation events (20 events):
Event: 71.664 Thread 0x000002817bc8b5e0 nmethod 24141 0x00000281538fd910 code [0x00000281538fdac0, 0x00000281538fdc70]
Event: 71.664 Thread 0x0000028169dfc8b0 nmethod 24140 0x00000281538fef10 code [0x00000281538ff0e0, 0x00000281538ff338]
Event: 71.664 Thread 0x0000028169dfc8b0 24143       2       com.android.tools.r8.internal.e20::a (115 bytes)
Event: 71.664 Thread 0x000002817bc8b5e0 24144       2       com.android.tools.r8.internal.a9::F (50 bytes)
Event: 71.665 Thread 0x000002817bc8b5e0 nmethod 24144 0x0000028153968890 code [0x0000028153968a40, 0x0000028153968c88]
Event: 71.665 Thread 0x0000028169dfc8b0 nmethod 24143 0x0000028153966810 code [0x0000028153966a80, 0x0000028153966f58]
Event: 71.665 Thread 0x000002817bc8b5e0 24145       2       com.android.tools.r8.internal.zv::E (80 bytes)
Event: 71.665 Thread 0x000002817bc8b5e0 nmethod 24145 0x000002815397d790 code [0x000002815397d960, 0x000002815397db80]
Event: 71.668 Thread 0x000002817bc8b5e0 24146       2       com.android.tools.r8.internal.bk2::<init> (29 bytes)
Event: 71.668 Thread 0x0000028169dfc8b0 24147       2       com.android.tools.r8.internal.th2::<init> (15 bytes)
Event: 71.668 Thread 0x000002817bc8b5e0 nmethod 24146 0x00000281539aaa90 code [0x00000281539aac40, 0x00000281539aaf20]
Event: 71.669 Thread 0x0000028169dfc8b0 nmethod 24147 0x0000028153910190 code [0x0000028153910340, 0x00000281539104f0]
Event: 71.669 Thread 0x000002817bc8b5e0 24148       2       com.android.tools.r8.internal.bk2::a (122 bytes)
Event: 71.669 Thread 0x000002817bc8b5e0 nmethod 24148 0x0000028153e57310 code [0x0000028153e574a0, 0x0000028153e575a8]
Event: 71.669 Thread 0x000002817bc8b5e0 24149       2       com.android.tools.r8.internal.u91::a (54 bytes)
Event: 71.670 Thread 0x000002817bc8b5e0 nmethod 24149 0x000002815392bd10 code [0x000002815392bec0, 0x000002815392c0a8]
Event: 71.672 Thread 0x000002817bc8b5e0 24150       1       com.android.tools.r8.internal.zr1::m2 (3 bytes)
Event: 71.672 Thread 0x000002817bc8b5e0 nmethod 24150 0x000002815b4a0110 code [0x000002815b4a02a0, 0x000002815b4a0368]
Event: 72.688 Thread 0x000002817bc8b5e0 24151       3       com.android.tools.r8.internal.qh::b (11 bytes)
Event: 72.688 Thread 0x000002817bc8b5e0 nmethod 24151 0x0000028153911d10 code [0x0000028153911ec0, 0x0000028153912030]

GC Heap History (20 events):
Event: 66.465 GC heap before
{Heap before GC invocations=58 (full 0):
 garbage-first heap   total 288768K, used 271544K [0x0000000080000000, 0x0000000100000000)
  region size 1024K, 104 young (106496K), 6 survivors (6144K)
 Metaspace       used 153868K, committed 156544K, reserved 1245184K
  class space    used 20804K, committed 22144K, reserved 1048576K
}
Event: 66.469 GC heap after
{Heap after GC invocations=59 (full 0):
 garbage-first heap   total 288768K, used 173539K [0x0000000080000000, 0x0000000100000000)
  region size 1024K, 9 young (9216K), 9 survivors (9216K)
 Metaspace       used 153868K, committed 156544K, reserved 1245184K
  class space    used 20804K, committed 22144K, reserved 1048576K
}
Event: 66.500 GC heap before
{Heap before GC invocations=59 (full 0):
 garbage-first heap   total 288768K, used 271843K [0x0000000080000000, 0x0000000100000000)
  region size 1024K, 106 young (108544K), 9 survivors (9216K)
 Metaspace       used 154337K, committed 157056K, reserved 1245184K
  class space    used 20846K, committed 22208K, reserved 1048576K
}
Event: 66.505 GC heap after
{Heap after GC invocations=60 (full 0):
 garbage-first heap   total 555008K, used 174458K [0x0000000080000000, 0x0000000100000000)
  region size 1024K, 9 young (9216K), 9 survivors (9216K)
 Metaspace       used 154337K, committed 157056K, reserved 1245184K
  class space    used 20846K, committed 22208K, reserved 1048576K
}
Event: 66.651 GC heap before
{Heap before GC invocations=61 (full 0):
 garbage-first heap   total 555008K, used 497018K [0x0000000080000000, 0x0000000100000000)
  region size 1024K, 325 young (332800K), 9 survivors (9216K)
 Metaspace       used 154500K, committed 157248K, reserved 1245184K
  class space    used 20860K, committed 22208K, reserved 1048576K
}
Event: 66.655 GC heap after
{Heap after GC invocations=62 (full 0):
 garbage-first heap   total 555008K, used 176150K [0x0000000080000000, 0x0000000100000000)
  region size 1024K, 10 young (10240K), 10 survivors (10240K)
 Metaspace       used 154500K, committed 157248K, reserved 1245184K
  class space    used 20860K, committed 22208K, reserved 1048576K
}
Event: 68.147 GC heap before
{Heap before GC invocations=62 (full 0):
 garbage-first heap   total 555008K, used 499734K [0x0000000080000000, 0x0000000100000000)
  region size 1024K, 325 young (332800K), 10 survivors (10240K)
 Metaspace       used 168565K, committed 171264K, reserved 1245184K
  class space    used 22873K, committed 24192K, reserved 1048576K
}
Event: 68.163 GC heap after
{Heap after GC invocations=63 (full 0):
 garbage-first heap   total 555008K, used 214787K [0x0000000080000000, 0x0000000100000000)
  region size 1024K, 41 young (41984K), 41 survivors (41984K)
 Metaspace       used 168565K, committed 171264K, reserved 1245184K
  class space    used 22873K, committed 24192K, reserved 1048576K
}
Event: 69.331 GC heap before
{Heap before GC invocations=63 (full 0):
 garbage-first heap   total 555008K, used 501507K [0x0000000080000000, 0x0000000100000000)
  region size 1024K, 321 young (328704K), 41 survivors (41984K)
 Metaspace       used 172312K, committed 175040K, reserved 1245184K
  class space    used 23306K, committed 24640K, reserved 1048576K
}
Event: 69.341 GC heap after
{Heap after GC invocations=64 (full 0):
 garbage-first heap   total 555008K, used 216795K [0x0000000080000000, 0x0000000100000000)
  region size 1024K, 6 young (6144K), 6 survivors (6144K)
 Metaspace       used 172312K, committed 175040K, reserved 1245184K
  class space    used 23306K, committed 24640K, reserved 1048576K
}
Event: 70.183 GC heap before
{Heap before GC invocations=65 (full 0):
 garbage-first heap   total 555008K, used 512731K [0x0000000080000000, 0x0000000100000000)
  region size 1024K, 295 young (302080K), 6 survivors (6144K)
 Metaspace       used 172517K, committed 175232K, reserved 1245184K
  class space    used 23346K, committed 24704K, reserved 1048576K
}
Event: 70.185 GC heap after
{Heap after GC invocations=66 (full 0):
 garbage-first heap   total 555008K, used 214553K [0x0000000080000000, 0x0000000100000000)
  region size 1024K, 4 young (4096K), 4 survivors (4096K)
 Metaspace       used 172517K, committed 175232K, reserved 1245184K
  class space    used 23346K, committed 24704K, reserved 1048576K
}
Event: 70.720 GC heap before
{Heap before GC invocations=66 (full 0):
 garbage-first heap   total 555008K, used 520729K [0x0000000080000000, 0x0000000100000000)
  region size 1024K, 303 young (310272K), 4 survivors (4096K)
 Metaspace       used 172558K, committed 175296K, reserved 1245184K
  class space    used 23346K, committed 24704K, reserved 1048576K
}
Event: 71.464 GC heap after
{Heap after GC invocations=67 (full 0):
 garbage-first heap   total 555008K, used 214527K [0x0000000080000000, 0x0000000100000000)
  region size 1024K, 5 young (5120K), 5 survivors (5120K)
 Metaspace       used 172558K, committed 175296K, reserved 1245184K
  class space    used 23346K, committed 24704K, reserved 1048576K
}
Event: 71.508 GC heap before
{Heap before GC invocations=67 (full 0):
 garbage-first heap   total 555008K, used 237055K [0x0000000080000000, 0x0000000100000000)
  region size 1024K, 27 young (27648K), 5 survivors (5120K)
 Metaspace       used 172566K, committed 175296K, reserved 1245184K
  class space    used 23346K, committed 24704K, reserved 1048576K
}
Event: 71.511 GC heap after
{Heap after GC invocations=68 (full 0):
 garbage-first heap   total 555008K, used 215166K [0x0000000080000000, 0x0000000100000000)
  region size 1024K, 3 young (3072K), 3 survivors (3072K)
 Metaspace       used 172566K, committed 175296K, reserved 1245184K
  class space    used 23346K, committed 24704K, reserved 1048576K
}
Event: 71.607 GC heap before
{Heap before GC invocations=69 (full 0):
 garbage-first heap   total 555008K, used 239742K [0x0000000080000000, 0x0000000100000000)
  region size 1024K, 27 young (27648K), 3 survivors (3072K)
 Metaspace       used 172571K, committed 175296K, reserved 1245184K
  class space    used 23346K, committed 24704K, reserved 1048576K
}
Event: 71.609 GC heap after
{Heap after GC invocations=70 (full 0):
 garbage-first heap   total 555008K, used 214868K [0x0000000080000000, 0x0000000100000000)
  region size 1024K, 2 young (2048K), 2 survivors (2048K)
 Metaspace       used 172571K, committed 175296K, reserved 1245184K
  class space    used 23346K, committed 24704K, reserved 1048576K
}
Event: 71.678 GC heap before
{Heap before GC invocations=70 (full 0):
 garbage-first heap   total 555008K, used 240468K [0x0000000080000000, 0x0000000100000000)
  region size 1024K, 27 young (27648K), 2 survivors (2048K)
 Metaspace       used 172576K, committed 175296K, reserved 1245184K
  class space    used 23346K, committed 24704K, reserved 1048576K
}
Event: 71.681 GC heap after
{Heap after GC invocations=71 (full 0):
 garbage-first heap   total 555008K, used 214243K [0x0000000080000000, 0x0000000100000000)
  region size 1024K, 2 young (2048K), 2 survivors (2048K)
 Metaspace       used 172576K, committed 175296K, reserved 1245184K
  class space    used 23346K, committed 24704K, reserved 1048576K
}

Dll operation events (3 events):
Event: 0.008 Loaded shared library D:\Android Studio\jbr\bin\java.dll
Event: 0.012 Loaded shared library D:\Android Studio\jbr\bin\zip.dll
Event: 0.401 Loaded shared library D:\Android Studio\jbr\bin\verify.dll

Deoptimization events (20 events):
Event: 70.356 Thread 0x000002817578f830 DEOPT PACKING pc=0x000002815b56e7c0 sp=0x000000ef0b2f8740
Event: 70.356 Thread 0x000002817578f830 DEOPT UNPACKING pc=0x000002815ad843a2 sp=0x000000ef0b2f8710 mode 2
Event: 70.382 Thread 0x000002817578f830 DEOPT PACKING pc=0x00000281557a51e4 sp=0x000000ef0b2f9ab0
Event: 70.382 Thread 0x000002817578f830 DEOPT UNPACKING pc=0x000002815ad84b42 sp=0x000000ef0b2f9300 mode 0
Event: 70.503 Thread 0x000002817578f830 DEOPT PACKING pc=0x00000281557d755f sp=0x000000ef0b2f9370
Event: 70.503 Thread 0x000002817578f830 DEOPT UNPACKING pc=0x000002815ad84b42 sp=0x000000ef0b2f8a60 mode 0
Event: 70.534 Thread 0x000002817578f830 DEOPT PACKING pc=0x00000281557d70dd sp=0x000000ef0b2f9370
Event: 70.534 Thread 0x000002817578f830 DEOPT UNPACKING pc=0x000002815ad84b42 sp=0x000000ef0b2f8a58 mode 0
Event: 70.567 Thread 0x000002817578f830 DEOPT PACKING pc=0x00000281557d755f sp=0x000000ef0b2f9370
Event: 70.567 Thread 0x000002817578f830 DEOPT UNPACKING pc=0x000002815ad84b42 sp=0x000000ef0b2f8a60 mode 0
Event: 70.697 Thread 0x000002817578f830 DEOPT PACKING pc=0x00000281557d755f sp=0x000000ef0b2f9370
Event: 70.697 Thread 0x000002817578f830 DEOPT UNPACKING pc=0x000002815ad84b42 sp=0x000000ef0b2f8a60 mode 0
Event: 71.474 Thread 0x000002817578f830 DEOPT PACKING pc=0x00000281557d755f sp=0x000000ef0b2f9370
Event: 71.474 Thread 0x000002817578f830 DEOPT UNPACKING pc=0x000002815ad84b42 sp=0x000000ef0b2f8a60 mode 0
Event: 71.618 Thread 0x000002817578f830 DEOPT PACKING pc=0x00000281557734a0 sp=0x000000ef0b2f9040
Event: 71.618 Thread 0x000002817578f830 DEOPT UNPACKING pc=0x000002815ad84b42 sp=0x000000ef0b2f8740 mode 0
Event: 71.701 Thread 0x000002817578f830 Uncommon trap: trap_request=0xffffff45 fr.pc=0x000002815bd3e4a4 relative=0x00000000000066e4
Event: 72.688 Thread 0x000002817578f830 Uncommon trap: reason=unstable_if action=reinterpret pc=0x000002815bd3e4a4 method=com.android.tools.r8.internal.rh0.a(Lcom/android/tools/r8/internal/y81;Lcom/android/tools/r8/internal/od;Lcom/android/tools/r8/internal/w72;Ljava/util/IdentityHashMap;Ljava/
Event: 72.688 Thread 0x000002817578f830 DEOPT PACKING pc=0x000002815bd3e4a4 sp=0x000000ef0b2f96f0
Event: 72.688 Thread 0x000002817578f830 DEOPT UNPACKING pc=0x000002815ad843a2 sp=0x000000ef0b2f96d0 mode 2

Classes loaded (20 events):
Event: 66.940 Loading class java/util/stream/IntPipeline$1
Event: 66.941 Loading class java/util/stream/IntPipeline$1 done
Event: 66.941 Loading class java/util/stream/IntPipeline$1$1
Event: 66.941 Loading class java/util/stream/Sink$ChainedInt
Event: 66.941 Loading class java/util/stream/Sink$ChainedInt done
Event: 66.941 Loading class java/util/stream/IntPipeline$1$1 done
Event: 66.949 Loading class java/util/concurrent/RejectedExecutionException
Event: 66.949 Loading class java/util/concurrent/RejectedExecutionException done
Event: 66.974 Loading class java/util/function/BooleanSupplier
Event: 66.974 Loading class java/util/function/BooleanSupplier done
Event: 68.008 Loading class java/util/IdentityHashMap$EntrySpliterator
Event: 68.008 Loading class java/util/IdentityHashMap$IdentityHashMapSpliterator
Event: 68.008 Loading class java/util/IdentityHashMap$IdentityHashMapSpliterator done
Event: 68.008 Loading class java/util/IdentityHashMap$EntrySpliterator done
Event: 68.019 Loading class java/util/SortedSet$1
Event: 68.019 Loading class java/util/SortedSet$1 done
Event: 68.033 Loading class java/util/PriorityQueue
Event: 68.033 Loading class java/util/PriorityQueue done
Event: 68.578 Loading class java/util/IdentityHashMap$ValueIterator
Event: 68.578 Loading class java/util/IdentityHashMap$ValueIterator done

Classes unloaded (1 events):
Event: 65.939 Thread 0x0000028169d03d30 Unloading class 0x0000000100efc000 'java/lang/invoke/LambdaForm$MH+0x0000000100efc000'

Classes redefined (0 events):
No events

Internal exceptions (20 events):
Event: 69.002 Thread 0x000002817578f830 Exception <a 'sun/nio/fs/WindowsException'{0x0000000096a979e8}> (0x0000000096a979e8) 
thrown [s\src\hotspot\share\prims\jni.cpp, line 537]
Event: 69.002 Thread 0x000002817578f830 Exception <a 'sun/nio/fs/WindowsException'{0x0000000096aa1f80}> (0x0000000096aa1f80) 
thrown [s\src\hotspot\share\prims\jni.cpp, line 537]
Event: 69.039 Thread 0x000002817578f830 Exception <a 'sun/nio/fs/WindowsException'{0x0000000095919468}> (0x0000000095919468) 
thrown [s\src\hotspot\share\prims\jni.cpp, line 537]
Event: 69.040 Thread 0x000002817578f830 Exception <a 'sun/nio/fs/WindowsException'{0x0000000095924470}> (0x0000000095924470) 
thrown [s\src\hotspot\share\prims\jni.cpp, line 537]
Event: 69.041 Thread 0x000002817578f830 Exception <a 'sun/nio/fs/WindowsException'{0x000000009592f468}> (0x000000009592f468) 
thrown [s\src\hotspot\share\prims\jni.cpp, line 537]
Event: 69.041 Thread 0x000002817578f830 Exception <a 'sun/nio/fs/WindowsException'{0x000000009593b208}> (0x000000009593b208) 
thrown [s\src\hotspot\share\prims\jni.cpp, line 537]
Event: 69.041 Thread 0x000002817578f830 Exception <a 'sun/nio/fs/WindowsException'{0x00000000959457a8}> (0x00000000959457a8) 
thrown [s\src\hotspot\share\prims\jni.cpp, line 537]
Event: 69.049 Thread 0x000002817578f830 Exception <a 'sun/nio/fs/WindowsException'{0x00000000957cef08}> (0x00000000957cef08) 
thrown [s\src\hotspot\share\prims\jni.cpp, line 537]
Event: 69.436 Thread 0x000002817578f830 Exception <a 'sun/nio/fs/WindowsException'{0x000000009f76d8f0}> (0x000000009f76d8f0) 
thrown [s\src\hotspot\share\prims\jni.cpp, line 537]
Event: 69.493 Thread 0x000002817578f830 Exception <a 'sun/nio/fs/WindowsException'{0x000000009e64cc80}> (0x000000009e64cc80) 
thrown [s\src\hotspot\share\prims\jni.cpp, line 537]
Event: 69.494 Thread 0x000002817578f830 Exception <a 'java/lang/NoSuchMethodError'{0x000000009e666538}: 'void java.lang.invoke.DirectMethodHandle$Holder.invokeSpecialIFC(java.lang.Object, java.lang.Object, java.lang.Object, java.lang.Object)'> (0x000000009e666538) 
thrown [s\src\hotspot\share\interpreter\linkResolver.cpp, line 784]
Event: 69.495 Thread 0x000002817578f830 Exception <a 'sun/nio/fs/WindowsException'{0x000000009e670f20}> (0x000000009e670f20) 
thrown [s\src\hotspot\share\prims\jni.cpp, line 537]
Event: 69.499 Thread 0x000002817578f830 Exception <a 'sun/nio/fs/WindowsException'{0x000000009e6f6808}> (0x000000009e6f6808) 
thrown [s\src\hotspot\share\prims\jni.cpp, line 537]
Event: 69.500 Thread 0x000002817578f830 Exception <a 'sun/nio/fs/WindowsException'{0x000000009e518900}> (0x000000009e518900) 
thrown [s\src\hotspot\share\prims\jni.cpp, line 537]
Event: 69.721 Thread 0x000002817578f830 Exception <a 'sun/nio/fs/WindowsException'{0x0000000098e6dd80}> (0x0000000098e6dd80) 
thrown [s\src\hotspot\share\prims\jni.cpp, line 537]
Event: 69.722 Thread 0x000002817578f830 Exception <a 'sun/nio/fs/WindowsException'{0x0000000098e79350}> (0x0000000098e79350) 
thrown [s\src\hotspot\share\prims\jni.cpp, line 537]
Event: 69.753 Thread 0x000002817578f830 Exception <a 'java/lang/NoSuchMethodError'{0x0000000097ffce48}: 'java.lang.Object java.lang.invoke.DirectMethodHandle$Holder.newInvokeSpecial(java.lang.Object, int, java.lang.Object, java.lang.Object, java.lang.Object, java.lang.Object)'> (0x0000000097ffce48) 
thrown [s\src\hotspot\share\interpreter\linkResolver.cpp, line 784]
Event: 69.861 Thread 0x000002817578f830 Exception <a 'sun/nio/fs/WindowsException'{0x0000000095ddfab8}> (0x0000000095ddfab8) 
thrown [s\src\hotspot\share\prims\jni.cpp, line 537]
Event: 71.468 Thread 0x00000281700ce6e0 Exception <a 'sun/nio/fs/WindowsException'{0x00000000ff195950}> (0x00000000ff195950) 
thrown [s\src\hotspot\share\prims\jni.cpp, line 537]
Event: 71.473 Thread 0x00000281700ce6e0 Exception <a 'sun/nio/fs/WindowsException'{0x00000000fe540c30}> (0x00000000fe540c30) 
thrown [s\src\hotspot\share\prims\jni.cpp, line 537]

ZGC Phase Switch (0 events):
No events

VM Operations (20 events):
Event: 69.378 Executing safepoint VM operation: G1PauseRemark
Event: 69.389 Executing safepoint VM operation: G1PauseRemark done
Event: 69.413 Executing safepoint VM operation: G1PauseCleanup
Event: 69.413 Executing safepoint VM operation: G1PauseCleanup done
Event: 69.706 Executing safepoint VM operation: ICBufferFull
Event: 69.706 Executing safepoint VM operation: ICBufferFull done
Event: 70.182 Executing safepoint VM operation: G1CollectForAllocation (G1 Evacuation Pause)
Event: 70.185 Executing safepoint VM operation: G1CollectForAllocation (G1 Evacuation Pause) done
Event: 70.720 Executing safepoint VM operation: G1CollectForAllocation (G1 Evacuation Pause)
Event: 71.464 Executing safepoint VM operation: G1CollectForAllocation (G1 Evacuation Pause) done
Event: 71.507 Executing safepoint VM operation: G1CollectForAllocation (G1 Evacuation Pause)
Event: 71.511 Executing safepoint VM operation: G1CollectForAllocation (G1 Evacuation Pause) done
Event: 71.557 Executing safepoint VM operation: G1PauseRemark
Event: 71.565 Executing safepoint VM operation: G1PauseRemark done
Event: 71.590 Executing safepoint VM operation: G1PauseCleanup
Event: 71.591 Executing safepoint VM operation: G1PauseCleanup done
Event: 71.607 Executing safepoint VM operation: G1CollectForAllocation (G1 Evacuation Pause)
Event: 71.609 Executing safepoint VM operation: G1CollectForAllocation (G1 Evacuation Pause) done
Event: 71.678 Executing safepoint VM operation: G1CollectForAllocation (G1 Evacuation Pause)
Event: 71.681 Executing safepoint VM operation: G1CollectForAllocation (G1 Evacuation Pause) done

Memory protections (0 events):
No events

Nmethod flushes (20 events):
Event: 71.563 Thread 0x0000028169d03d30 flushing  nmethod 0x00000281554ef810
Event: 71.563 Thread 0x0000028169d03d30 flushing  nmethod 0x00000281556c3990
Event: 71.563 Thread 0x0000028169d03d30 flushing  nmethod 0x00000281556c4190
Event: 71.563 Thread 0x0000028169d03d30 flushing  nmethod 0x00000281556c5710
Event: 71.563 Thread 0x0000028169d03d30 flushing  nmethod 0x00000281556c7b90
Event: 71.563 Thread 0x0000028169d03d30 flushing  nmethod 0x00000281556ca790
Event: 71.563 Thread 0x0000028169d03d30 flushing  nmethod 0x00000281556cc210
Event: 71.563 Thread 0x0000028169d03d30 flushing  nmethod 0x00000281556cdb90
Event: 71.563 Thread 0x0000028169d03d30 flushing  nmethod 0x00000281556cf110
Event: 71.563 Thread 0x0000028169d03d30 flushing  nmethod 0x00000281556d1f10
Event: 71.563 Thread 0x0000028169d03d30 flushing  nmethod 0x00000281556d2790
Event: 71.563 Thread 0x0000028169d03d30 flushing  nmethod 0x00000281556d4490
Event: 71.563 Thread 0x0000028169d03d30 flushing  nmethod 0x00000281556d5910
Event: 71.563 Thread 0x0000028169d03d30 flushing  nmethod 0x00000281556d5f10
Event: 71.563 Thread 0x0000028169d03d30 flushing  nmethod 0x00000281556d6810
Event: 71.563 Thread 0x0000028169d03d30 flushing  nmethod 0x00000281556d7a10
Event: 71.563 Thread 0x0000028169d03d30 flushing  nmethod 0x00000281556d8610
Event: 71.563 Thread 0x0000028169d03d30 flushing  nmethod 0x0000028155968b10
Event: 71.563 Thread 0x0000028169d03d30 flushing  nmethod 0x000002815598bf10
Event: 71.563 Thread 0x0000028169d03d30 flushing  nmethod 0x0000028155c3d690

Events (20 events):
Event: 66.281 Thread 0x0000028173843900 Thread added: 0x000002817b787010
Event: 66.282 Thread 0x0000028173843900 Thread added: 0x000002817b7876a0
Event: 66.282 Thread 0x0000028173843900 Thread added: 0x000002817b789770
Event: 66.282 Thread 0x0000028173843900 Thread added: 0x000002817b7890e0
Event: 66.282 Thread 0x0000028173843900 Thread added: 0x000002817b789e00
Event: 66.453 Thread 0x0000028173840480 Thread added: 0x0000028175f0cd80
Event: 66.771 Thread 0x000002817b107610 Thread exited: 0x000002817b107610
Event: 66.852 Thread 0x000002817f398410 Thread added: 0x000002817f5862d0
Event: 66.856 Thread 0x000002817f398410 Thread added: 0x000002817f585c40
Event: 66.857 Loaded shared library D:\Android Studio\jbr\bin\rmi.dll
Event: 66.858 Thread 0x000002817f398410 Thread added: 0x000002817f586ff0
Event: 66.897 Thread 0x000002817f398410 Thread added: 0x000002817f586960
Event: 66.897 Thread 0x000002817f398410 Thread added: 0x000002817df9cf10
Event: 66.925 Thread 0x000002817f586960 Thread added: 0x000002817b4dd770
Event: 67.019 Thread 0x000002817bc8ca50 Thread exited: 0x000002817bc8ca50
Event: 67.546 Thread 0x00000281757888a0 Thread exited: 0x00000281757888a0
Event: 71.467 Thread 0x000002817bc90e70 Thread exited: 0x000002817bc90e70
Event: 71.467 Thread 0x000002817bc907a0 Thread exited: 0x000002817bc907a0
Event: 71.468 Thread 0x0000028169dfc8b0 Thread added: 0x000002817e9bf0f0
Event: 71.535 Thread 0x000002817044a410 Thread exited: 0x000002817044a410


Dynamic libraries:
0x00007ff62a7f0000 - 0x00007ff62a7fa000 	D:\Android Studio\jbr\bin\java.exe
0x00007ff9ffe60000 - 0x00007ffa000c7000 	C:\Windows\SYSTEM32\ntdll.dll
0x00007ff9fe990000 - 0x00007ff9fea59000 	C:\Windows\System32\KERNEL32.DLL
0x00007ff9fd330000 - 0x00007ff9fd727000 	C:\Windows\System32\KERNELBASE.dll
0x00007ff9fd820000 - 0x00007ff9fd96b000 	C:\Windows\System32\ucrtbase.dll
0x00007ff9e0ab0000 - 0x00007ff9e0acb000 	D:\Android Studio\jbr\bin\VCRUNTIME140.dll
0x00007ff9d9d10000 - 0x00007ff9d9d28000 	D:\Android Studio\jbr\bin\jli.dll
0x00007ff9feef0000 - 0x00007ff9ff0b6000 	C:\Windows\System32\USER32.dll
0x00007ff9fd7f0000 - 0x00007ff9fd817000 	C:\Windows\System32\win32u.dll
0x00007ff9de7d0000 - 0x00007ff9dea62000 	C:\Windows\WinSxS\amd64_microsoft.windows.common-controls_6595b64144ccf1df_6.0.26100.8457_none_3e0b2faee331e92d\COMCTL32.dll
0x00007ff9fdbe0000 - 0x00007ff9fdc0b000 	C:\Windows\System32\GDI32.dll
0x00007ff9ffab0000 - 0x00007ff9ffb59000 	C:\Windows\System32\msvcrt.dll
0x00007ff9fda00000 - 0x00007ff9fdb2c000 	C:\Windows\System32\gdi32full.dll
0x00007ff9fc890000 - 0x00007ff9fc933000 	C:\Windows\System32\msvcp_win.dll
0x00007ff9ffc90000 - 0x00007ff9ffcc2000 	C:\Windows\System32\IMM32.DLL
0x00007ff9f7c60000 - 0x00007ff9f7c6c000 	D:\Android Studio\jbr\bin\vcruntime140_1.dll
0x00007ff985a50000 - 0x00007ff985add000 	D:\Android Studio\jbr\bin\msvcp140.dll
0x00007ff879da0000 - 0x00007ff87aa36000 	D:\Android Studio\jbr\bin\server\jvm.dll
0x00007ff9ffd60000 - 0x00007ff9ffe16000 	C:\Windows\System32\ADVAPI32.dll
0x00007ff9ffb90000 - 0x00007ff9ffc37000 	C:\Windows\System32\sechost.dll
0x00007ff9ff840000 - 0x00007ff9ff958000 	C:\Windows\System32\RPCRT4.dll
0x00007ff9fe390000 - 0x00007ff9fe410000 	C:\Windows\System32\WS2_32.dll
0x00007ff9f5770000 - 0x00007ff9f577b000 	C:\Windows\SYSTEM32\VERSION.dll
0x00007ff9ed390000 - 0x00007ff9ed3c6000 	C:\Windows\SYSTEM32\WINMM.dll
0x00007ff9fc0f0000 - 0x00007ff9fc14e000 	C:\Windows\SYSTEM32\POWRPROF.dll
0x00007ff9fc0d0000 - 0x00007ff9fc0e4000 	C:\Windows\SYSTEM32\UMPDC.dll
0x00007ff9fb5e0000 - 0x00007ff9fb5fb000 	C:\Windows\SYSTEM32\kernel.appcore.dll
0x00007ff9f4600000 - 0x00007ff9f460a000 	D:\Android Studio\jbr\bin\jimage.dll
0x00007ff9fa490000 - 0x00007ff9fa6d2000 	C:\Windows\SYSTEM32\DBGHELP.DLL
0x00007ff9fdef0000 - 0x00007ff9fe273000 	C:\Windows\System32\combase.dll
0x00007ff9ff960000 - 0x00007ff9ffa39000 	C:\Windows\System32\OLEAUT32.dll
0x00007ff9bdd30000 - 0x00007ff9bdd6b000 	C:\Windows\SYSTEM32\dbgcore.DLL
0x00007ff9fdb30000 - 0x00007ff9fdbd8000 	C:\Windows\System32\bcryptPrimitives.dll
0x00007ff9e1320000 - 0x00007ff9e132e000 	D:\Android Studio\jbr\bin\instrument.dll
0x00007ff9dfbc0000 - 0x00007ff9dfbe0000 	D:\Android Studio\jbr\bin\java.dll
0x00007ff9dad90000 - 0x00007ff9dada8000 	D:\Android Studio\jbr\bin\zip.dll
0x00007ff9ff0c0000 - 0x00007ff9ff82e000 	C:\Windows\System32\SHELL32.dll
0x00007ff9fcac0000 - 0x00007ff9fd32c000 	C:\Windows\System32\windows.storage.dll
0x00007ff9fdc10000 - 0x00007ff9fdd06000 	C:\Windows\System32\SHCORE.dll
0x00007ff9fe6f0000 - 0x00007ff9fe756000 	C:\Windows\System32\shlwapi.dll
0x00007ff9fc7b0000 - 0x00007ff9fc7d9000 	C:\Windows\SYSTEM32\profapi.dll
0x00007ff9f4310000 - 0x00007ff9f4320000 	D:\Android Studio\jbr\bin\net.dll
0x00007ff9f6d10000 - 0x00007ff9f6e39000 	C:\Windows\SYSTEM32\WINHTTP.dll
0x00007ff9fbb30000 - 0x00007ff9fbb9c000 	C:\Windows\system32\mswsock.dll
0x00007ff9dace0000 - 0x00007ff9dacf6000 	D:\Android Studio\jbr\bin\nio.dll
0x00007ff9e1570000 - 0x00007ff9e1580000 	D:\Android Studio\jbr\bin\verify.dll
0x00007ff9d8ff0000 - 0x00007ff9d9017000 	C:\Users\33947\.gradle\native\660c5614fbf4a5f2a75b1949f50a0caf5cd603558e7d8a26e50b933a0cfb79d1\windows-amd64\native-platform.dll
0x00007ff985070000 - 0x00007ff9850e7000 	C:\Users\33947\.gradle\native\0.2.8\x86_64-windows-gnu\gradle-fileevents.dll
0x00007ff9e6b50000 - 0x00007ff9e6b59000 	D:\Android Studio\jbr\bin\management.dll
0x00007ff9e6aa0000 - 0x00007ff9e6aab000 	D:\Android Studio\jbr\bin\management_ext.dll
0x00007ff9ffb80000 - 0x00007ff9ffb88000 	C:\Windows\System32\PSAPI.DLL
0x00007ff9fb120000 - 0x00007ff9fb152000 	C:\Windows\SYSTEM32\IPHLPAPI.DLL
0x00007ff9fe380000 - 0x00007ff9fe38a000 	C:\Windows\System32\NSI.dll
0x00007ff9e6c20000 - 0x00007ff9e6c29000 	D:\Android Studio\jbr\bin\extnet.dll
0x00007ff9fbf30000 - 0x00007ff9fbf4b000 	C:\Windows\SYSTEM32\CRYPTSP.dll
0x00007ff9fb540000 - 0x00007ff9fb579000 	C:\Windows\system32\rsaenh.dll
0x00007ff9fbbe0000 - 0x00007ff9fbc13000 	C:\Windows\SYSTEM32\USERENV.dll
0x00007ff9fc780000 - 0x00007ff9fc7aa000 	C:\Windows\SYSTEM32\bcrypt.dll
0x00007ff9fbf10000 - 0x00007ff9fbf1c000 	C:\Windows\SYSTEM32\CRYPTBASE.dll
0x00007ff9acf00000 - 0x00007ff9acf08000 	C:\Windows\system32\wshunix.dll
0x00007ff9fb160000 - 0x00007ff9fb292000 	C:\Windows\SYSTEM32\DNSAPI.dll
0x00007ff9f5b80000 - 0x00007ff9f5b8b000 	C:\Windows\System32\rasadhlp.dll
0x00007ff9f76e0000 - 0x00007ff9f7766000 	C:\Windows\System32\fwpuclnt.dll
0x00007ff9f4320000 - 0x00007ff9f4327000 	D:\Android Studio\jbr\bin\rmi.dll

JVMTI agents:
C:\Users\33947\.gradle\wrapper\dists\gradle-9.3.1-bin\e6fpmcitnr2cbhj7h6pdk7btv\gradle-9.3.1\lib\agents\gradle-instrumentation-agent-9.3.1.jar path:D:\Android Studio\jbr\bin\instrument.dll, loaded, initialized, instrumentlib options:none

dbghelp: loaded successfully - version: 4.0.5 - missing functions: none
symbol engine: initialized successfully - sym options: 0x614 - pdb path: .;D:\Android Studio\jbr\bin;C:\Windows\SYSTEM32;C:\Windows\WinSxS\amd64_microsoft.windows.common-controls_6595b64144ccf1df_6.0.26100.8457_none_3e0b2faee331e92d;D:\Android Studio\jbr\bin\server;C:\Users\33947\.gradle\native\660c5614fbf4a5f2a75b1949f50a0caf5cd603558e7d8a26e50b933a0cfb79d1\windows-amd64;C:\Users\33947\.gradle\native\0.2.8\x86_64-windows-gnu

VM Arguments:
jvm_args: --add-opens=java.base/java.lang=ALL-UNNAMED --add-opens=java.base/java.lang.invoke=ALL-UNNAMED --add-opens=java.base/java.util=ALL-UNNAMED --add-opens=java.prefs/java.util.prefs=ALL-UNNAMED --add-exports=jdk.compiler/com.sun.tools.javac.api=ALL-UNNAMED --add-exports=jdk.compiler/com.sun.tools.javac.util=ALL-UNNAMED --add-opens=java.base/java.util=ALL-UNNAMED --add-opens=java.prefs/java.util.prefs=ALL-UNNAMED --add-opens=java.base/java.nio.charset=ALL-UNNAMED --add-opens=java.base/java.net=ALL-UNNAMED --add-opens=java.base/java.util.concurrent=ALL-UNNAMED --add-opens=java.base/java.util.concurrent.atomic=ALL-UNNAMED --add-opens=java.xml/javax.xml.namespace=ALL-UNNAMED --add-opens=java.base/java.time=ALL-UNNAMED -Xmx2048m -Dfile.encoding=UTF-8 -Duser.country=CN -Duser.language=zh -Duser.variant -javaagent:C:\Users\33947\.gradle\wrapper\dists\gradle-9.3.1-bin\e6fpmcitnr2cbhj7h6pdk7btv\gradle-9.3.1\lib\agents\gradle-instrumentation-agent-9.3.1.jar 
java_command: org.gradle.launcher.daemon.bootstrap.GradleDaemon 9.3.1
java_class_path (initial): C:\Users\33947\.gradle\wrapper\dists\gradle-9.3.1-bin\e6fpmcitnr2cbhj7h6pdk7btv\gradle-9.3.1\lib\gradle-daemon-main-9.3.1.jar
Launcher Type: SUN_STANDARD

[Global flags]
     intx CICompilerCount                          = 12                                        {product} {ergonomic}
     uint ConcGCThreads                            = 5                                         {product} {ergonomic}
     uint G1ConcRefinementThreads                  = 18                                        {product} {ergonomic}
   size_t G1HeapRegionSize                         = 1048576                                   {product} {ergonomic}
    uintx GCDrainStackTargetSize                   = 64                                        {product} {ergonomic}
   size_t InitialHeapSize                          = 257949696                                 {product} {ergonomic}
   size_t MarkStackSize                            = 4194304                                   {product} {ergonomic}
   size_t MaxHeapSize                              = 2147483648                                {product} {command line}
   size_t MaxNewSize                               = 1287651328                                {product} {ergonomic}
   size_t MinHeapDeltaBytes                        = 1048576                                   {product} {ergonomic}
   size_t MinHeapSize                              = 8388608                                   {product} {ergonomic}
    uintx NonNMethodCodeHeapSize                   = 7602480                                {pd product} {ergonomic}
    uintx NonProfiledCodeHeapSize                  = 122027880                              {pd product} {ergonomic}
     bool PerfDisableSharedMem                     = true                                      {product} {ergonomic}
    uintx ProfiledCodeHeapSize                     = 122027880                              {pd product} {ergonomic}
    uintx ReservedCodeCacheSize                    = 251658240                              {pd product} {ergonomic}
     bool SegmentedCodeCache                       = true                                      {product} {ergonomic}
   size_t SoftMaxHeapSize                          = 2147483648                             {manageable} {ergonomic}
     bool UseCompressedOops                        = true                           {product lp64_product} {ergonomic}
     bool UseG1GC                                  = true                                      {product} {ergonomic}
     bool UseLargePagesIndividualAllocation        = false                                  {pd product} {ergonomic}

Logging:
Log output configuration:
 #0: stdout all=warning uptime,level,tags foldmultilines=false
 #1: stderr all=off uptime,level,tags foldmultilines=false

Release file:
JAVA_VERSION="21.0.10" 
MODULES="java.base java.compiler java.datatransfer java.xml java.prefs java.desktop java.instrument java.logging java.management java.security.sasl java.naming java.rmi java.management.rmi java.net.http java.scripting java.security.jgss java.transaction.xa java.sql java.sql.rowset java.xml.crypto java.se java.smartcardio jdk.accessibility jdk.internal.jvmstat jdk.attach jdk.charsets jdk.internal.opt jdk.zipfs jdk.compiler jdk.crypto.ec jdk.crypto.cryptoki jdk.dynalink jdk.hotspot.agent jdk.httpserver jdk.internal.ed jdk.internal.le jdk.internal.vm.ci jdk.jartool jdk.javadoc jdk.jcmd jdk.jdeps jdk.jdwp.agent jdk.jdi jdk.jfr jdk.jlink jdk.jsobject jdk.localedata jdk.management jdk.management.agent jdk.management.jfr jdk.naming.dns jdk.naming.rmi jdk.net jdk.sctp jdk.security.auth jdk.security.jgss jdk.unsupported jdk.unsupported.desktop jdk.xml.dom" 
IMPLEMENTOR="JetBrains s.r.o." 
JAVA_RUNTIME_VERSION="21.0.10+-14961533-b1163.108" 
LIBC="default" 
OS_ARCH="x86_64" 
OS_NAME="Windows" 
SOURCE=".:git:1351622c2ff2" 

Environment Variables:
PATH=C:\Program Files (x86)\Common Files\Intel\Shared Libraries\redist\intel64\compiler;D:\python3.14\Scripts\;D:\python3.14\;C:\Users\33947\AppData\Local\Programs\Python\Python313\Scripts\;C:\Users\33947\AppData\Local\Programs\Python\Python313\;D:\python3.12\Scripts\;D:\python3.12\;C:\ProgramData\Oracle\Java\javapath;C:\Program Files\Common Files\Oracle\Java\javapath;C:\Program Files (x86)\Common Files\Oracle\Java\java8path;C:\Program Files (x86)\Common Files\Oracle\Java\javapath;C:\Windows\system32;C:\Windows;C:\Windows\System32\Wbem;C:\Windows\System32\WindowsPowerShell\v1.0\;C:\Windows\System32\OpenSSH\;C:\Program Files (x86)\NVIDIA Corporation\PhysX\Common;C:\Program Files\NVIDIA Corporation\NVIDIA App\NvDLISR;C:\Program Files\dotnet\;D:\cmake\bin;D:\msys64\mingw64\bin;D:\nodejs\;C:\ProgramData\chocolatey\bin;d:\Git\cmd;C:\Program Files\Microsoft SQL Server\170\Tools\Binn\;C:\Program Files\Microsoft SQL Server\Client SDK\ODBC\170\Tools\Binn\;C:\Program Files\Common Files\Autodesk Shared\;D:\ollama-ipex-llm-2.2.0-win;C:\Program Files (x86)\Windows Kits\10\Windows Performance Toolkit\;C:\Program Files\MySQL\MySQL Shell 8.0\bin\;C:\Users\33947\AppData\Local\Microsoft\WindowsApps;d:\ollama;D:\PyCharm 2026.1\bin;D:\IntelliJ IDEA 2026.1\bin;D:\CLion 2026.1\bin;C:\Users\33947\AppData\Roaming\npm;D:\Microsoft VS Code\bin;D:\WebStorm 2026.1.2\bin;C:\Users\33947\.dotnet\tools
USERNAME=33947
OS=Windows_NT
PROCESSOR_IDENTIFIER=Intel64 Family 6 Model 198 Stepping 2, GenuineIntel
TMP=C:\Users\33947\AppData\Local\Temp
TEMP=C:\Users\33947\AppData\Local\Temp




Periodic native trim disabled

JNI global refs:
JNI global refs: 41, weak refs: 163

JNI global refs memory usage: 835, weak refs: 2097

Process memory usage:
Resident Set Size: 1030068K (6% of 16109904K total physical memory with 929548K free physical memory)

OOME stack traces (most recent first):
Classloader memory used:
Loader org.gradle.internal.classloader.VisitableURLClassLoader$InstrumentingVisitableURLClassLoader: 61919K
Loader org.gradle.internal.classloader.VisitableURLClassLoader                         : 50027K
Loader bootstrap                                                                       : 35441K
Loader org.gradle.initialization.MixInLegacyTypesClassLoader                           : 14636K
Loader org.gradle.internal.classloader.VisitableURLClassLoader                         : 8582K
Loader jdk.internal.reflect.DelegatingClassLoader                                      : 1054K
Loader jdk.internal.loader.ClassLoaders$PlatformClassLoader                            : 477K
Loader jdk.internal.loader.ClassLoaders$AppClassLoader                                 : 231K
Loader org.gradle.groovy.scripts.internal.DefaultScriptCompilationHandler$ScriptClassLoader: 206K

Classes loaded by more than one classloader:
Class Program                                                                         : loaded 5 times (x 72B)
Class com.google.common.collect.UnmodifiableIterator                                  : loaded 4 times (x 80B)
Class com.google.common.collect.Iterators$SingletonIterator                           : loaded 4 times (x 81B)
Class com.google.common.collect.UnmodifiableListIterator                              : loaded 4 times (x 95B)
Class com.google.common.collect.ImmutableList                                         : loaded 4 times (x 206B)
Class com.google.common.collect.Iterators                                             : loaded 4 times (x 71B)
Class com.google.common.collect.Lists$StringAsImmutableList                           : loaded 4 times (x 207B)
Class com.google.common.collect.AbstractIterator                                      : loaded 4 times (x 82B)
Class com.google.common.collect.AbstractIndexedListIterator                           : loaded 4 times (x 96B)
Class com.google.common.collect.Iterators$MergingIterator                             : loaded 4 times (x 81B)
Class com.google.common.collect.PeekingIterator                                       : loaded 4 times (x 70B)
Class com.google.common.collect.Iterators$1                                           : loaded 4 times (x 81B)
Class com.google.common.collect.Iterators$4                                           : loaded 4 times (x 82B)
Class com.google.common.base.Preconditions                                            : loaded 4 times (x 71B)
Class com.google.common.collect.Iterators$5                                           : loaded 4 times (x 82B)
Class com.google.common.collect.ImmutableCollection                                   : loaded 4 times (x 125B)
Class com.google.common.collect.Lists                                                 : loaded 4 times (x 71B)
Class com.google.common.collect.Iterators$9                                           : loaded 4 times (x 81B)
Class com.google.common.collect.Iterators$ArrayItr                                    : loaded 4 times (x 97B)
Class org.gradle.api.GradleException                                                  : loaded 3 times (x 82B)
Class com.google.common.base.CharMatcher$NegatedFastMatcher                           : loaded 3 times (x 113B)
Class com.google.common.base.Predicate                                                : loaded 3 times (x 70B)
Class com.google.common.base.CharMatcher$FastMatcher                                  : loaded 3 times (x 111B)
Class org.gradle.api.Action                                                           : loaded 3 times (x 70B)
Class org.gradle.internal.Cast                                                        : loaded 3 times (x 71B)
Class com.google.common.base.CharMatcher$Or                                           : loaded 3 times (x 112B)
Class com.google.common.collect.ImmutableSet                                          : loaded 3 times (x 145B)
Class com.google.common.base.CharMatcher$BitSetMatcher                                : loaded 3 times (x 112B)
Class com.google.common.collect.RegularImmutableList                                  : loaded 3 times (x 213B)
Class com.google.common.collect.ImmutableList$1                                       : loaded 3 times (x 97B)
Class com.google.common.base.Function                                                 : loaded 3 times (x 70B)
Class com.google.common.base.CharMatcher$IsNot                                        : loaded 3 times (x 111B)
Class org.gradle.internal.IoActions                                                   : loaded 3 times (x 71B)
Class com.google.common.collect.ImmutableAsList                                       : loaded 3 times (x 209B)
Class com.google.common.collect.ImmutableSet$RegularSetBuilderImpl                    : loaded 3 times (x 77B)
Class com.google.common.collect.ImmutableSet$CachingAsList                            : loaded 3 times (x 148B)
Class com.google.common.base.CharMatcher$Negated                                      : loaded 3 times (x 113B)
Class com.google.common.base.CharMatcher$IsEither                                     : loaded 3 times (x 111B)
Class com.google.common.base.CharMatcher$AnyOf                                        : loaded 3 times (x 112B)
Class com.google.common.base.CharMatcher$ForPredicate                                 : loaded 3 times (x 112B)
Class com.google.common.base.CharMatcher$Is                                           : loaded 3 times (x 111B)
Class com.google.common.base.Joiner$1                                                 : loaded 3 times (x 80B)
Class com.google.common.collect.SingletonImmutableSet                                 : loaded 3 times (x 146B)
Class com.google.common.base.CharMatcher                                              : loaded 3 times (x 111B)
Class com.google.common.collect.ImmutableList$ReverseImmutableList                    : loaded 3 times (x 209B)
Class com.google.common.collect.SingletonImmutableList                                : loaded 3 times (x 207B)
Class com.google.common.base.Joiner$2                                                 : loaded 3 times (x 79B)
Class com.google.common.base.ExtraObjectsMethodsForWeb                                : loaded 3 times (x 71B)
Class com.google.common.collect.Multimap                                              : loaded 3 times (x 70B)
Class com.google.common.base.CharMatcher$1                                            : loaded 3 times (x 113B)
Class com.google.common.base.CharMatcher$NamedFastMatcher                             : loaded 3 times (x 112B)
Class com.google.common.base.Objects                                                  : loaded 3 times (x 71B)
Class com.google.common.base.CharMatcher$And                                          : loaded 3 times (x 112B)
Class com.google.common.base.CharMatcher$InRange                                      : loaded 3 times (x 111B)
Class Build_gradle                                                                    : loaded 3 times (x 126B)
Class com.google.common.collect.RegularImmutableAsList                                : loaded 3 times (x 217B)
Class com.google.common.collect.ImmutableSet$SetBuilderImpl                           : loaded 3 times (x 76B)
Class com.google.common.collect.ImmutableList$Builder                                 : loaded 3 times (x 77B)
Class com.google.common.collect.ForwardingObject                                      : loaded 3 times (x 72B)
Class com.intellij.gradle.toolingExtension.util.GradleVersionUtil                     : loaded 3 times (x 71B)
Class com.google.common.collect.ImmutableList$SubList                                 : loaded 3 times (x 209B)
Class com.google.common.base.Joiner                                                   : loaded 3 times (x 79B)
Class com.google.common.collect.ImmutableCollection$Builder                           : loaded 3 times (x 76B)
Class com.google.common.collect.RegularImmutableSet                                   : loaded 3 times (x 149B)
Class com.google.common.base.Suppliers                                                : loaded 2 times (x 71B)
Class com.google.gson.internal.bind.JsonAdapterAnnotationTypeAdapterFactory$DummyTypeAdapterFactory: loaded 2 times (x 75B)
Class com.google.gson.internal.bind.TypeAdapters$31                                   : loaded 2 times (x 76B)
Class com.google.gson.JsonSyntaxException                                             : loaded 2 times (x 82B)
Class org.jetbrains.kotlin.idea.gradleTooling.AndroidAwareGradleModelProvider$Companion: loaded 2 times (x 71B)
Class [Lcom.amazon.ion.impl.bin.IonRawBinaryWriter$StreamCloseMode;                   : loaded 2 times (x 69B)
Class com.amazon.ion.impl.lite.IonSymbolLite                                          : loaded 2 times (x 246B)
Class com.amazon.ion.impl.bin.IonManagedBinaryWriter$ImportedSymbolResolverMode$1     : loaded 2 times (x 80B)
Class com.intellij.util.containers.IntObjectHashMap$ArrayProducer                     : loaded 2 times (x 70B)
Class org.gradle.internal.classloader.DefaultClassLoaderFactory                       : loaded 2 times (x 82B)
Class com.google.gson.internal.bind.TypeAdapters$32                                   : loaded 2 times (x 76B)
Class com.amazon.ion.impl.bin.IonManagedBinaryWriter$ImportedSymbolResolverMode$2     : loaded 2 times (x 80B)
Class com.google.common.collect.ReverseNaturalOrdering                                : loaded 2 times (x 114B)
Class kotlin.text.MatcherMatchResult$groupValues$1                                    : loaded 2 times (x 198B)
Class kotlin.sequences.SequencesKt___SequencesKt                                      : loaded 2 times (x 71B)
Class kotlin.collections.AbstractList$Companion                                       : loaded 2 times (x 71B)
Class org.gradle.internal.classloader.ClassLoaderVisitor                              : loaded 2 times (x 76B)
Class com.google.gson.internal.bind.ObjectTypeAdapter                                 : loaded 2 times (x 74B)
Class [Lcom.google.common.collect.ImmutableMapEntry;                                  : loaded 2 times (x 69B)
Class [Lcom.android.ide.common.repository.AgpVersion$PreviewKind;                     : loaded 2 times (x 69B)
Class org.jetbrains.kotlin.idea.projectModel.KotlinTaskProperties                     : loaded 2 times (x 70B)
Class org.jetbrains.plugins.gradle.tooling.serialization.internal.IdeaProjectSerializationService: loaded 2 times (x 77B)
Class com.google.common.collect.Ordering                                              : loaded 2 times (x 114B)
Class kotlin.sequences.SequencesKt___SequencesKt$flatMap$2                            : loaded 2 times (x 125B)
Class org.gradle.api.internal.classpath.EffectiveClassPath                            : loaded 2 times (x 90B)
Class com.android.builder.model.v2.models.AndroidDsl                                  : loaded 2 times (x 70B)
Class com.google.common.collect.ListMultimap                                          : loaded 2 times (x 70B)
Class com.google.common.collect.ImmutableEnumMap                                      : loaded 2 times (x 126B)
Class com.amazon.ion.impl.lite.IonSystemLite                                          : loaded 2 times (x 275B)
Class com.amazon.ion.util.InputStreamInterceptor                                      : loaded 2 times (x 70B)
Class com.amazon.ion.impl.bin.IonRawBinaryWriter$PreallocationMode                    : loaded 2 times (x 82B)
Class com.amazon.ion.impl.bin._Private_IonRawWriter                                   : loaded 2 times (x 70B)
Class com.amazon.ion.IonWriter                                                        : loaded 2 times (x 70B)
Class kotlin.text.StringsKt__AppendableKt                                             : loaded 2 times (x 71B)
Class com.google.common.collect.ImmutableRangeSet                                     : loaded 2 times (x 115B)
Class org.gradle.tooling.internal.gradle.DefaultProjectIdentifier                     : loaded 2 times (x 86B)
Class com.google.common.collect.ImmutableSet$SerializedForm                           : loaded 2 times (x 73B)
Class com.google.common.collect.Sets$1                                                : loaded 2 times (x 139B)
Class org.objectweb.asm.AnnotationVisitor                                             : loaded 2 times (x 78B)
Class com.android.ide.common.gradle.Numeric                                           : loaded 2 times (x 77B)
Class com.google.gson.internal.bind.TypeAdapters                                      : loaded 2 times (x 71B)
Class com.google.gson.FormattingStyle                                                 : loaded 2 times (x 78B)
Class com.google.gson.FieldNamingPolicy                                               : loaded 2 times (x 83B)
Class com.amazon.ion.impl._Private_RecyclingQueue$ElementFactory                      : loaded 2 times (x 70B)
Class com.amazon.ion.impl._Private_IonContainer                                       : loaded 2 times (x 70B)
Class com.intellij.gradle.toolingExtension.impl.model.buildScriptClasspathModel.GradleBuildScriptClasspathSerializationService$ReadContext: loaded 2 times (x 72B)
Class com.google.common.collect.ComparatorOrdering                                    : loaded 2 times (x 115B)
Class org.gradle.api.internal.DefaultClassPathProvider                                : loaded 2 times (x 76B)
Class ijJvmDebugger1_btttkr9x6it830kae6z84z3b$_run_closure1                           : loaded 2 times (x 139B)
Class com.android.builder.model.v2.models.BasicAndroidProject                         : loaded 2 times (x 70B)
Class com.google.common.collect.Sets$2                                                : loaded 2 times (x 139B)
Class com.google.gson.JsonArray                                                       : loaded 2 times (x 100B)
Class com.google.gson.FieldNamingStrategy                                             : loaded 2 times (x 70B)
Class com.amazon.ion.impl._Private_RecyclingStack$$Iterator                           : loaded 2 times (x 99B)
Class com.amazon.ion.impl.SharedSymbolTable                                           : loaded 2 times (x 93B)
Class com.amazon.ion.impl.bin.IonRawBinaryWriter                                      : loaded 2 times (x 169B)
Class com.amazon.ion.SymbolToken                                                      : loaded 2 times (x 70B)
Class kotlin.text.StringsKt__StringNumberConversionsJVMKt                             : loaded 2 times (x 71B)
Class com.google.common.collect.NaturalOrdering                                       : loaded 2 times (x 115B)
Class kotlin.text.MatchResult                                                         : loaded 2 times (x 70B)
Class kotlin.sequences.SequenceScope                                                  : loaded 2 times (x 73B)
Class kotlin.sequences.Sequence                                                       : loaded 2 times (x 70B)
Class org.gradle.tooling.ToolingModelContract                                         : loaded 2 times (x 70B)
Class [Lorg.gradle.api.internal.ClassPathProvider;                                    : loaded 2 times (x 69B)
Class org.gradle.api.internal.ClassPathProvider                                       : loaded 2 times (x 70B)
Class [Lorg.objectweb.asm.AnnotationVisitor;                                          : loaded 2 times (x 69B)
Class com.google.common.collect.Sets$3                                                : loaded 2 times (x 139B)
Class com.google.common.cache.LocalCache$LocalLoadingCache                            : loaded 2 times (x 134B)
Class com.amazon.ion.impl.lite.IonBoolLite                                            : loaded 2 times (x 178B)
Class kotlin.collections.CollectionsKt___CollectionsKt$asSequence$$inlined$Sequence$1 : loaded 2 times (x 75B)
Class org.gradle.internal.service.UnknownServiceException                             : loaded 2 times (x 83B)
Class ijJvmDebugger1_btttkr9x6it830kae6z84z3b$_run_closure1$_closure2                 : loaded 2 times (x 140B)
Class com.google.common.io.ByteArrayDataInput                                         : loaded 2 times (x 70B)
Class com.google.common.collect.Sets$4                                                : loaded 2 times (x 139B)
Class org.objectweb.asm.ModuleVisitor                                                 : loaded 2 times (x 81B)
Class com.google.common.cache.LocalCache$Strength$1                                   : loaded 2 times (x 81B)
Class org.jetbrains.kotlin.idea.gradleTooling.model.kapt.KaptGradleModel              : loaded 2 times (x 70B)
Class org.jetbrains.kotlin.idea.gradleTooling.KotlinDslScriptAdditionalTask           : loaded 2 times (x 70B)
Class org.jetbrains.plugins.gradle.model.ClasspathEntryModel                          : loaded 2 times (x 70B)
Class com.google.common.util.concurrent.SettableFuture                                : loaded 2 times (x 114B)
Class com.google.common.cache.LocalCache$Strength$2                                   : loaded 2 times (x 81B)
Class com.amazon.ion.IonTimestamp                                                     : loaded 2 times (x 70B)
Class com.amazon.ion.impl.bin.PooledBlockAllocatorProvider$PooledBlockAllocator       : loaded 2 times (x 81B)
Class org.jetbrains.plugins.gradle.tooling.serialization.GradleExtensionsSerializationService: loaded 2 times (x 77B)
Class org.gradle.api.JavaVersion                                                      : loaded 2 times (x 79B)
Class org.gradle.tooling.model.Dependency                                             : loaded 2 times (x 70B)
Class com.google.common.io.ByteStreams                                                : loaded 2 times (x 71B)
Class com.android.builder.model.v2.ide.AbstractArtifact                               : loaded 2 times (x 70B)
Class com.google.common.cache.LocalCache$Strength$3                                   : loaded 2 times (x 81B)
Class com.google.common.collect.MapDifference                                         : loaded 2 times (x 70B)
Class com.amazon.ion.IonDatagram                                                      : loaded 2 times (x 70B)
Class com.amazon.ion.impl._Private_RecyclingStack$ElementFactory                      : loaded 2 times (x 70B)
Class com.amazon.ion.impl.bin.IonManagedBinaryWriter$ImportedSymbolResolverMode$1$1   : loaded 2 times (x 78B)
Class com.amazon.ion.impl._Private_ByteTransferSink                                   : loaded 2 times (x 70B)
Class com.intellij.openapi.externalSystem.model.project.dependencies.ResolutionState  : loaded 2 times (x 79B)
Class kotlin.text.StringsKt__RegexExtensionsJVMKt                                     : loaded 2 times (x 71B)
Class com.google.common.collect.AllEqualOrdering                                      : loaded 2 times (x 114B)
Class kotlin.collections.ArraysKt___ArraysJvmKt                                       : loaded 2 times (x 71B)
Class kotlin.collections.CollectionsKt__CollectionsKt                                 : loaded 2 times (x 71B)
Class org.objectweb.asm.FieldWriter                                                   : loaded 2 times (x 78B)
Class com.google.common.cache.CacheBuilder$NullListener                               : loaded 2 times (x 82B)
Class com.google.gson.LongSerializationPolicy                                         : loaded 2 times (x 80B)
Class org.jetbrains.plugins.gradle.model.ExternalLibraryDependency                    : loaded 2 times (x 70B)
Class kotlin.text.Regex$Companion                                                     : loaded 2 times (x 71B)
Class org.gradle.internal.classpath.TransformedClassPath                              : loaded 2 times (x 96B)
Class org.gradle.internal.classloader.InstrumentingClassLoader                        : loaded 2 times (x 70B)
Class com.google.common.collect.ImmutableListMultimap                                 : loaded 2 times (x 176B)
Class com.google.common.cache.CacheLoader$FunctionToCacheLoader                       : loaded 2 times (x 75B)
Class [Lcom.google.common.cache.CacheBuilder$OneWeigher;                              : loaded 2 times (x 69B)
Class org.objectweb.asm.MethodTooLargeException                                       : loaded 2 times (x 83B)
Class com.amazon.ion.IonValue                                                         : loaded 2 times (x 70B)
Class com.google.common.collect.ImmutableRangeSet$AsSet                               : loaded 2 times (x 300B)
Class kotlin.jvm.internal.FunctionReference                                           : loaded 2 times (x 122B)
Class [Lkotlin.coroutines.intrinsics.CoroutineSingletons;                             : loaded 2 times (x 69B)
Class kotlin.jvm.internal.FunctionBase                                                : loaded 2 times (x 70B)
Class kotlin.enums.EnumEntriesList                                                    : loaded 2 times (x 223B)
Class com.google.common.collect.EmptyImmutableListMultimap                            : loaded 2 times (x 176B)
Class com.google.common.collect.BaseImmutableMultimap                                 : loaded 2 times (x 123B)
Class com.google.common.base.Platform$JdkPatternCompiler                              : loaded 2 times (x 75B)
Class com.google.common.base.MoreObjects                                              : loaded 2 times (x 71B)
Class com.google.gson.internal.bind.DefaultDateTypeAdapter                            : loaded 2 times (x 74B)
Class com.google.gson.GsonBuilder                                                     : loaded 2 times (x 72B)
Class com.amazon.ion.impl.bin.IonRawBinaryWriter$ContainerType                        : loaded 2 times (x 79B)
Class com.amazon.ion.impl._Private_IonTextWriterBuilder$Mutable                       : loaded 2 times (x 102B)
Class kotlin.comparisons.ComparisonsKt___ComparisonsJvmKt                             : loaded 2 times (x 71B)
Class kotlin.collections.CollectionsKt__IteratorsJVMKt                                : loaded 2 times (x 71B)
Class com.android.builder.model.v2.ide.TestInfo$Execution                             : loaded 2 times (x 79B)
Class com.google.gson.internal.Primitives                                             : loaded 2 times (x 71B)
Class com.google.common.collect.Platform                                              : loaded 2 times (x 71B)
Class [Lorg.objectweb.asm.Type;                                                       : loaded 2 times (x 69B)
Class com.google.gson.stream.JsonWriter                                               : loaded 2 times (x 98B)
Class org.gradle.internal.operations.MultipleBuildOperationFailures                   : loaded 2 times (x 95B)
Class org.jetbrains.kotlin.idea.gradleTooling.KotlinSourceSetContainer                : loaded 2 times (x 70B)
Class org.jetbrains.plugins.gradle.model.IntelliJSettings                             : loaded 2 times (x 70B)
Class kotlin.Result                                                                   : loaded 2 times (x 72B)
Class org.gradle.internal.service.ServiceLocator                                      : loaded 2 times (x 70B)
Class org.gradle.tooling.internal.adapter.MethodInvocation                            : loaded 2 times (x 85B)
Class com.google.common.base.Ascii                                                    : loaded 2 times (x 71B)
Class com.google.common.collect.SingletonImmutableBiMap                               : loaded 2 times (x 143B)
Class com.google.common.cache.LocalCache$1                                            : loaded 2 times (x 89B)
Class com.google.gson.internal.bind.TypeAdapterRuntimeTypeWrapper                     : loaded 2 times (x 74B)
Class kotlin.sequences.TransformingSequence                                           : loaded 2 times (x 75B)
Class com.google.common.collect.AbstractMapEntry                                      : loaded 2 times (x 81B)
Class com.amazon.ion.impl.IonWriterSystem                                             : loaded 2 times (x 171B)
Class com.amazon.ion.impl.bin.Symbols$2                                               : loaded 2 times (x 107B)
Class com.amazon.ion.impl.bin._Private_IonManagedWriter                               : loaded 2 times (x 70B)
Class com.android.ide.gradle.model.GradlePropertiesModel                              : loaded 2 times (x 70B)
Class kotlin.sequences.TransformingSequence$iterator$1                                : loaded 2 times (x 79B)
Class kotlin.Pair                                                                     : loaded 2 times (x 72B)
Class org.gradle.tooling.internal.adapter.ProtocolToModelAdapter$SupportedPropertyInvoker: loaded 2 times (x 76B)
Class org.gradle.tooling.model.UnsupportedMethodException                             : loaded 2 times (x 82B)
Class com.android.builder.model.v2.ide.BytecodeTransformation                         : loaded 2 times (x 79B)
Class com.google.common.collect.Sets$ImprovedAbstractSet                              : loaded 2 times (x 135B)
Class com.intellij.util.ThrowableConsumer                                             : loaded 2 times (x 70B)
Class com.google.common.collect.AbstractMultimap                                      : loaded 2 times (x 123B)
Class com.google.common.cache.LocalCache$2                                            : loaded 2 times (x 142B)
Class com.amazon.ion.impl.lite.IonContainerLite                                       : loaded 2 times (x 248B)
Class com.amazon.ion.IonBufferConfiguration$OversizedSymbolTableHandler               : loaded 2 times (x 70B)
Class com.amazon.ion.system.IonWriterBuilder                                          : loaded 2 times (x 74B)
Class org.jetbrains.plugins.gradle.tooling.serialization.ToolingStreamApiUtils        : loaded 2 times (x 71B)
Class com.amazon.ion.facet.Faceted                                                    : loaded 2 times (x 70B)
Class kotlin.collections.CollectionsKt__MutableCollectionsKt                          : loaded 2 times (x 71B)
Class com.android.builder.model.v2.ide.CodeShrinker                                   : loaded 2 times (x 79B)
Class com.google.gson.internal.bind.MapTypeAdapterFactory$Adapter                     : loaded 2 times (x 74B)
Class com.google.gson.internal.sql.SqlTimeTypeAdapter$1                               : loaded 2 times (x 75B)
Class com.google.gson.TypeAdapterFactory                                              : loaded 2 times (x 70B)
Class com.amazon.ion.impl.bin.utf8.Poolable                                           : loaded 2 times (x 79B)
Class com.amazon.ion.IonSymbol                                                        : loaded 2 times (x 70B)
Class org.jetbrains.plugins.gradle.tooling.serialization.AnnotationProcessingModelSerializationService$WriteContext: loaded 2 times (x 72B)
Class kotlin.io.TerminateException                                                    : loaded 2 times (x 82B)
Class kotlin.io.FilesKt__FilePathComponentsKt                                         : loaded 2 times (x 71B)
Class com.google.common.collect.ImmutableRangeSet$1                                   : loaded 2 times (x 210B)
Class kotlin.reflect.KCallable                                                        : loaded 2 times (x 70B)
Class com.google.common.util.concurrent.AbstractFuture$Trusted                        : loaded 2 times (x 70B)
Class com.google.gson.internal.bind.JsonTreeReader                                    : loaded 2 times (x 98B)
Class com.intellij.gradle.toolingExtension.impl.util.collectionUtil.GradleCollections : loaded 2 times (x 71B)
Class org.jetbrains.kotlin.idea.gradleTooling.KotlinGradlePluginVersion               : loaded 2 times (x 70B)
Class com.intellij.compose.ide.plugin.gradleTooling.rt.ComposeResourcesModel          : loaded 2 times (x 70B)
Class com.amazon.ion.impl.lite.IonStructLite                                          : loaded 2 times (x 298B)
Class com.amazon.ion.impl._Private_ReaderWriter                                       : loaded 2 times (x 70B)
Class com.amazon.ion.impl.bin.AbstractSymbolTable                                     : loaded 2 times (x 107B)
Class com.amazon.ion.Decimal                                                          : loaded 2 times (x 133B)
Class com.amazon.ion.impl.bin._Private_IonManagedBinaryWriterBuilder$AllocatorMode$1  : loaded 2 times (x 80B)
Class org.jetbrains.plugins.gradle.tooling.serialization.ProjectDependenciesSerializationService$WriteContext: loaded 2 times (x 72B)
Class org.jetbrains.plugins.gradle.tooling.serialization.ProjectDependenciesSerializationService: loaded 2 times (x 77B)
Class kotlin.text.CharsKt                                                             : loaded 2 times (x 71B)
Class com.google.common.collect.Range                                                 : loaded 2 times (x 86B)
Class org.gradle.tooling.model.kotlin.dsl.KotlinDslScriptModel                        : loaded 2 times (x 70B)
Class org.gradle.tooling.internal.adapter.CollectionMapper                            : loaded 2 times (x 73B)
Class org.jetbrains.kotlin.tooling.core.KotlinToolingVersion                          : loaded 2 times (x 75B)
Class [Lcom.android.builder.model.v2.ide.LibraryType;                                 : loaded 2 times (x 69B)
Class com.android.builder.model.v2.ide.LibraryType                                    : loaded 2 times (x 79B)
Class com.google.gson.internal.bind.TypeAdapters$30                                   : loaded 2 times (x 76B)
Class com.google.common.util.concurrent.UncheckedExecutionException                   : loaded 2 times (x 82B)
Class com.google.gson.internal.bind.DefaultDateTypeAdapter$DateType                   : loaded 2 times (x 73B)
Class org.gradle.kotlin.dsl.VersionCatalogAccessorsKt                                 : loaded 2 times (x 71B)
Class com.amazon.ion.impl.lite.IonFloatLite                                           : loaded 2 times (x 186B)
Class com.amazon.ion.impl._Private_IonTextWriterBuilder                               : loaded 2 times (x 102B)
Class com.amazon.ion.impl.bin._Private_IonManagedBinaryWriterBuilder$AllocatorMode$2  : loaded 2 times (x 80B)
Class com.google.common.collect.ExplicitOrdering                                      : loaded 2 times (x 115B)
Class com.google.gson.internal.bind.ReflectiveTypeAdapterFactory$1                    : loaded 2 times (x 74B)
Class org.jetbrains.plugins.gradle.ExternalDependencyId                               : loaded 2 times (x 70B)
Class com.amazon.ion.impl._Private_RecyclingStack                                     : loaded 2 times (x 79B)
Class com.amazon.ion.impl._Private_IonReaderBuilder                                   : loaded 2 times (x 97B)
Class com.amazon.ion.IonMutableCatalog                                                : loaded 2 times (x 70B)
Class gnu.trove.THash                                                                 : loaded 2 times (x 81B)
Class com.intellij.gradle.toolingExtension.impl.model.buildScriptClasspathModel.GradleBuildScriptClasspathSerializationService$WriteContext: loaded 2 times (x 72B)
Class org.gradle.tooling.internal.adapter.ProtocolToModelAdapter                      : loaded 2 times (x 80B)
Class com.android.builder.model.v2.ide.AndroidGradlePluginProjectFlags$BooleanFlag    : loaded 2 times (x 79B)
Class com.google.common.collect.AbstractMapBasedMultimap$KeySet$1                     : loaded 2 times (x 82B)
Class org.objectweb.asm.ClassVisitor                                                  : loaded 2 times (x 88B)
Class org.objectweb.asm.ClassWriter                                                   : loaded 2 times (x 106B)
Class com.android.ide.common.gradle.Separator                                         : loaded 2 times (x 79B)
Class com.google.common.cache.CacheLoader$UnsupportedLoadingOperationException        : loaded 2 times (x 82B)
Class com.google.gson.internal.bind.ReflectiveTypeAdapterFactory$2                    : loaded 2 times (x 79B)
Class kotlin.collections.MapsKt__MapsJVMKt                                            : loaded 2 times (x 71B)
Class kotlin.collections.EmptyList                                                    : loaded 2 times (x 174B)
Class org.gradle.internal.time.DefaultTimer                                           : loaded 2 times (x 80B)
Class org.gradle.internal.classloader.ClasspathUtil$1                                 : loaded 2 times (x 76B)
Class [Lorg.objectweb.asm.Symbol;                                                     : loaded 2 times (x 69B)
Class org.objectweb.asm.FieldVisitor                                                  : loaded 2 times (x 77B)
Class com.google.gson.ToNumberStrategy                                                : loaded 2 times (x 70B)
Class com.google.gson.TypeAdapter                                                     : loaded 2 times (x 73B)
Class com.google.common.collect.IndexedImmutableSet                                   : loaded 2 times (x 152B)
Class com.google.common.collect.ImmutableMap$1                                        : loaded 2 times (x 81B)
Class com.google.common.collect.BiMap                                                 : loaded 2 times (x 70B)
Class com.amazon.ion.impl.bin.PooledBlockAllocatorProvider$PooledBlockAllocator$1     : loaded 2 times (x 79B)
Class com.amazon.ion.impl.lite.IonStringLite                                          : loaded 2 times (x 212B)
Class org.gradle.tooling.internal.adapter.ProtocolToModelAdapter$ViewKey              : loaded 2 times (x 72B)
Class org.gradle.api.internal.classpath.DefaultModuleRegistry$DefaultModule           : loaded 2 times (x 86B)
Class com.android.builder.model.v2.CustomSourceDirectory                              : loaded 2 times (x 70B)
Class com.google.common.primitives.Ints                                               : loaded 2 times (x 71B)
Class com.android.utils.FileUtils                                                     : loaded 2 times (x 71B)
Class com.android.ide.common.repository.AgpVersion                                    : loaded 2 times (x 75B)
Class com.amazon.ion.impl.bin.Block                                                   : loaded 2 times (x 79B)
Class com.google.common.collect.NullsFirstOrdering                                    : loaded 2 times (x 115B)
Class kotlin.ResultKt                                                                 : loaded 2 times (x 71B)
Class org.gradle.tooling.internal.adapter.ProtocolToModelAdapter$PropertyCachingMethodInvoker: loaded 2 times (x 76B)
Class com.android.builder.model.v2.models.ProjectSyncIssues                           : loaded 2 times (x 70B)
Class com.google.common.collect.ObjectArrays                                          : loaded 2 times (x 71B)
Class com.google.common.math.MathPreconditions                                        : loaded 2 times (x 71B)
Class com.google.common.collect.Multiset                                              : loaded 2 times (x 70B)
Class com.google.common.collect.ArrayListMultimapGwtSerializationDependencies         : loaded 2 times (x 172B)
Class com.android.builder.model.v2.ide.AaptOptions$Namespacing                        : loaded 2 times (x 79B)
Class com.intellij.openapi.externalSystem.model.ExternalSystemException               : loaded 2 times (x 86B)
Class org.jetbrains.plugins.gradle.model.ExternalTask                                 : loaded 2 times (x 70B)
Class com.amazon.ion.impl.bin.utf8.Utf8StringEncoderPool$1                            : loaded 2 times (x 76B)
Class com.amazon.ion.impl.lite.IonLoaderLite                                          : loaded 2 times (x 82B)
Class com.amazon.ion.impl.lite.IonContext                                             : loaded 2 times (x 70B)
Class com.amazon.ion.impl.IonWriterSystemText                                         : loaded 2 times (x 190B)
Class [Lcom.amazon.ion.impl.bin.IonManagedBinaryWriter$ImportedSymbolResolverMode;    : loaded 2 times (x 69B)
Class com.amazon.ion.ValueFactory                                                     : loaded 2 times (x 70B)
Class kotlin.Result$Failure                                                           : loaded 2 times (x 72B)
Class kotlin.collections.ArraysKt__ArraysKt                                           : loaded 2 times (x 71B)
Class org.gradle.internal.time.DefaultCountdownTimer                                  : loaded 2 times (x 88B)
Class com.google.gson.internal.ObjectConstructor                                      : loaded 2 times (x 70B)
Class com.google.common.collect.ImmutableMapEntrySet                                  : loaded 2 times (x 152B)
Class com.amazon.ion.impl.bin.IonManagedBinaryWriter$SymbolResolver                   : loaded 2 times (x 70B)
Class com.amazon.ion.impl._Private_SymbolToken                                        : loaded 2 times (x 70B)
Class com.amazon.ion.impl.bin._Private_IonManagedBinaryWriterBuilder$AllocatorMode    : loaded 2 times (x 80B)
Class org.jetbrains.plugins.gradle.model.GradleTaskModel                              : loaded 2 times (x 70B)
Class org.jetbrains.plugins.gradle.tooling.util.ObjectCollector                       : loaded 2 times (x 72B)
Class kotlin.collections.SetsKt__SetsJVMKt                                            : loaded 2 times (x 71B)
Class kotlin.Function                                                                 : loaded 2 times (x 70B)
Class org.gradle.tooling.internal.adapter.ProtocolToModelAdapter$AdaptingMethodInvoker: loaded 2 times (x 76B)
Class org.gradle.tooling.internal.gradle.DefaultBuildIdentifier                       : loaded 2 times (x 79B)
Class org.gradle.api.internal.classpath.Module                                        : loaded 2 times (x 70B)
Class com.google.common.cache.Weigher                                                 : loaded 2 times (x 70B)
Class [Lcom.amazon.ion.util.GzipStreamInterceptor;                                    : loaded 2 times (x 69B)
Class com.amazon.ion.impl._Private_IonReaderBuilder$Mutable                           : loaded 2 times (x 97B)
Class com.intellij.openapi.externalSystem.model.project.IExternalSystemSourceType     : loaded 2 times (x 70B)
Class kotlin.io.FileAlreadyExistsException                                            : loaded 2 times (x 82B)
Class kotlin.internal.ProgressionUtilKt                                               : loaded 2 times (x 71B)
Class org.gradle.api.internal.classpath.UnknownModuleException                        : loaded 2 times (x 82B)
Class ijKotlinCoroutineJvmDebugInit1_6d33x7s045lq1k8k96s0faped                        : loaded 2 times (x 171B)
Class com.google.common.base.Stopwatch                                                : loaded 2 times (x 72B)
Class com.google.common.cache.LocalCache$Strength                                     : loaded 2 times (x 81B)
Class com.google.common.cache.Cache                                                   : loaded 2 times (x 70B)
Class com.intellij.openapi.externalSystem.model.project.dependencies.ProjectDependencies: loaded 2 times (x 70B)
Class org.jetbrains.plugins.gradle.tooling.serialization.ProjectDependenciesSerializationService$ReadContext: loaded 2 times (x 72B)
Class com.google.common.base.NullnessCasts                                            : loaded 2 times (x 71B)
Class com.google.common.util.concurrent.AbstractFuture$Cancellation                   : loaded 2 times (x 72B)
Class com.google.common.collect.ImmutableMap$Builder                                  : loaded 2 times (x 82B)
Class com.google.common.cache.RemovalListener                                         : loaded 2 times (x 70B)
Class [Lcom.google.gson.ToNumberPolicy;                                               : loaded 2 times (x 69B)
Class com.google.gson.ToNumberPolicy                                                  : loaded 2 times (x 83B)
Class com.amazon.ion.IonBufferConfiguration                                           : loaded 2 times (x 73B)
Class com.amazon.ion.impl.bin.Symbols                                                 : loaded 2 times (x 71B)
Class org.jetbrains.plugins.gradle.tooling.serialization.RepositoriesModelSerializationService: loaded 2 times (x 82B)
Class com.android.ide.gradle.model.artifacts.AdditionalClassifierArtifactsModel       : loaded 2 times (x 70B)
Class org.gradle.tooling.internal.gradle.GradleProjectIdentity                        : loaded 2 times (x 70B)
Class org.gradle.api.internal.DefaultClassPathRegistry                                : loaded 2 times (x 76B)
Class com.google.common.collect.ImmutableMultimap$Keys                                : loaded 2 times (x 166B)
Class com.android.builder.model.v2.ide.JavaArtifact                                   : loaded 2 times (x 70B)
Class com.google.common.primitives.IntsMethodsForWeb                                  : loaded 2 times (x 71B)
Class org.gradle.tooling.internal.adapter.TargetTypeProvider                          : loaded 2 times (x 70B)
Class [Lcom.amazon.ion.impl.bin.AbstractIonWriter$WriteValueOptimization;             : loaded 2 times (x 69B)
Class org.jetbrains.plugins.gradle.tooling.serialization.RepositoriesModelSerializationService$ReadContext: loaded 2 times (x 72B)
Class kotlin.ranges.ClosedRange                                                       : loaded 2 times (x 70B)
Class org.gradle.api.internal.ClassPathRegistry                                       : loaded 2 times (x 70B)
Class org.gradle.internal.classpath.DefaultClassPath$ImmutableUniqueList              : loaded 2 times (x 199B)
Class kotlin.ranges.IntProgression$Companion                                          : loaded 2 times (x 71B)
Class com.amazon.ion.impl.bin.IonManagedBinaryWriter$UserState                        : loaded 2 times (x 85B)
Class com.amazon.ion.impl._Private_IonWriter                                          : loaded 2 times (x 70B)
Class com.amazon.ion.impl.bin._Private_IonManagedBinaryWriterBuilder                  : loaded 2 times (x 72B)
Class com.intellij.gradle.toolingExtension.impl.model.projectModel.GradleExternalProjectSerializationService$WriteContext: loaded 2 times (x 73B)
Class kotlin.text.StringsKt__StringsJVMKt                                             : loaded 2 times (x 71B)
Class kotlin.collections.IntIterator                                                  : loaded 2 times (x 82B)
Class com.google.common.collect.NullnessCasts                                         : loaded 2 times (x 71B)
Class org.jetbrains.plugins.gradle.model.GradleExtensions                             : loaded 2 times (x 70B)
Class com.android.builder.model.v2.dsl.SigningConfig                                  : loaded 2 times (x 70B)
Class com.android.builder.model.v2.models.AndroidProject                              : loaded 2 times (x 70B)
Class com.android.builder.model.v2.AndroidModel                                       : loaded 2 times (x 70B)
Class com.google.common.cache.CacheBuilder                                            : loaded 2 times (x 72B)
Class com.google.gson.internal.bind.ArrayTypeAdapter$1                                : loaded 2 times (x 75B)
Class com.google.gson.internal.bind.JsonTreeWriter                                    : loaded 2 times (x 98B)
Class org.jetbrains.plugins.gradle.model.AnnotationProcessingModel                    : loaded 2 times (x 70B)
Class Settings_gradle$1                                                               : loaded 2 times (x 74B)
Class [Lcom.amazon.ion.SymbolToken;                                                   : loaded 2 times (x 69B)
Class kotlin.text.StringsKt__IndentKt                                                 : loaded 2 times (x 71B)
Class kotlin.collections.SetsKt                                                       : loaded 2 times (x 71B)
Class org.gradle.internal.classpath.ClassPath                                         : loaded 2 times (x 70B)
Class com.google.common.base.JdkPattern                                               : loaded 2 times (x 75B)
Class com.amazon.ion.system.IonBinaryWriterBuilder                                    : loaded 2 times (x 99B)
Class org.jetbrains.plugins.gradle.model.ExternalProjectDependency                    : loaded 2 times (x 70B)
Class org.jetbrains.plugins.gradle.tooling.serialization.KotlinDslScriptsModelSerializationService: loaded 2 times (x 81B)
Class kotlin.reflect.KFunction                                                        : loaded 2 times (x 70B)
Class kotlin.collections.ArrayDeque                                                   : loaded 2 times (x 207B)
Class org.objectweb.asm.SymbolTable$Entry                                             : loaded 2 times (x 74B)
Class com.amazon.ion.system.IonSystemBuilder$Mutable                                  : loaded 2 times (x 75B)
Class com.amazon.ion.impl.bin.IonManagedBinaryWriter$SymbolResolverBuilder            : loaded 2 times (x 70B)
Class org.jetbrains.kotlin.idea.gradleTooling.KotlinGradleModel                       : loaded 2 times (x 70B)
Class org.jetbrains.plugins.gradle.tooling.serialization.ExternalTestsSerializationService$WriteContext: loaded 2 times (x 72B)
Class kotlin.collections.MapsKt__MapsKt                                               : loaded 2 times (x 71B)
Class com.android.builder.model.v2.ide.Variant                                        : loaded 2 times (x 70B)
Class org.objectweb.asm.Edge                                                          : loaded 2 times (x 72B)
Class com.google.common.base.Suppliers$SupplierOfInstance                             : loaded 2 times (x 79B)
Class com.google.gson.internal.bind.ReflectiveTypeAdapterFactory                      : loaded 2 times (x 75B)
Class com.google.gson.internal.sql.SqlTimestampTypeAdapter                            : loaded 2 times (x 76B)
Class com.amazon.ion.impl.bin.IonManagedBinaryWriter$UserState$4                      : loaded 2 times (x 85B)
Class com.amazon.ion.impl._Private_RecyclingStack$Recycler                            : loaded 2 times (x 70B)
Class com.amazon.ion.impl.bin.IonManagedBinaryWriter$LocalSymbolTableView             : loaded 2 times (x 107B)
Class com.amazon.ion.impl.bin.IonRawBinaryWriter$ThrowingRunnable                     : loaded 2 times (x 70B)
Class sync_studio_tooling10_3uhihinwnvcj23v7n876wu8vh$_run_closure1                   : loaded 2 times (x 139B)
Class org.gradle.tooling.model.Model                                                  : loaded 2 times (x 70B)
Class com.android.builder.model.v2.ide.SyncIssue                                      : loaded 2 times (x 70B)
Class com.google.common.cache.LocalCache$ComputingValueReference                      : loaded 2 times (x 96B)
Class com.google.gson.internal.sql.SqlDateTypeAdapter$1                               : loaded 2 times (x 75B)
Class org.jetbrains.plugins.gradle.model.UnresolvedExternalDependency                 : loaded 2 times (x 70B)
Class com.google.common.collect.ImmutableMap$IteratorBasedImmutableMap                : loaded 2 times (x 126B)
Class com.amazon.ion.UnknownSymbolException                                           : loaded 2 times (x 86B)
Class com.android.ide.gradle.model.composites.BuildMap                                : loaded 2 times (x 70B)
Class kotlin.text.MatchResult$Destructured                                            : loaded 2 times (x 72B)
Class kotlin.Metadata                                                                 : loaded 2 times (x 70B)
Class kotlin.UninitializedPropertyAccessException                                     : loaded 2 times (x 82B)
Class ijJvmDebugger1_btttkr9x6it830kae6z84z3b                                         : loaded 2 times (x 171B)
Class com.android.builder.model.v2.ide.Library                                        : loaded 2 times (x 70B)
Class com.android.builder.model.v2.ide.ArtifactDependenciesAdjacencyList              : loaded 2 times (x 70B)
Class com.android.builder.model.v2.models.Versions                                    : loaded 2 times (x 70B)
Class com.google.common.cache.LocalCache$Segment                                      : loaded 2 times (x 154B)
Class org.jetbrains.plugins.gradle.model.IntelliJProjectSettings                      : loaded 2 times (x 70B)
Class org.gradle.tooling.internal.adapter.ProtocolToModelAdapter$MethodInvocationCache: loaded 2 times (x 73B)
Class com.android.builder.model.v2.models.ndk.NativeModule                            : loaded 2 times (x 70B)
Class com.google.common.collect.AbstractListMultimap                                  : loaded 2 times (x 172B)
Class [Lorg.objectweb.asm.SymbolTable$Entry;                                          : loaded 2 times (x 69B)
Class com.google.common.cache.CacheLoader                                             : loaded 2 times (x 74B)
Class com.google.gson.internal.bind.ReflectiveTypeAdapterFactory$Adapter              : loaded 2 times (x 77B)
Class com.google.gson.internal.bind.TypeAdapters$10                                   : loaded 2 times (x 75B)
Class com.google.common.collect.ImmutableMap$MapViewOfValuesAsSingletonSets           : loaded 2 times (x 126B)
Class com.google.common.collect.ImmutableBiMap                                        : loaded 2 times (x 143B)
Class org.jetbrains.plugins.gradle.model.ExternalDependency                           : loaded 2 times (x 70B)
Class com.intellij.util.containers.IntObjectHashMap                                   : loaded 2 times (x 72B)
Class com.google.common.collect.SortedIterable                                        : loaded 2 times (x 70B)
Class org.gradle.api.internal.classpath.ModuleRegistry                                : loaded 2 times (x 70B)
Class org.gradle.internal.installation.GradleInstallation$1                           : loaded 2 times (x 75B)
Class com.google.common.collect.ImmutableSet$JdkBackedSetBuilderImpl                  : loaded 2 times (x 76B)
Class com.google.common.util.concurrent.internal.InternalFutureFailureAccess          : loaded 2 times (x 72B)
Class com.google.gson.internal.bind.TypeAdapters$11                                   : loaded 2 times (x 75B)
Class [Lcom.google.gson.FieldNamingPolicy;                                            : loaded 2 times (x 69B)
Class com.google.common.collect.RegularImmutableMap                                   : loaded 2 times (x 121B)
Class com.android.ide.common.repository.AgpVersion$PreviewKind$Companion              : loaded 2 times (x 71B)
Class com.amazon.ion.impl.bin.IonManagedBinaryWriter$SymbolState$1                    : loaded 2 times (x 80B)
Class com.amazon.ion.impl.LocalSymbolTableAsStruct$Factory                            : loaded 2 times (x 79B)
Class [Lcom.amazon.ion.IonType;                                                       : loaded 2 times (x 69B)
Class org.jetbrains.plugins.gradle.model.VersionCatalogsModel                         : loaded 2 times (x 70B)
Class com.intellij.gradle.toolingExtension.impl.model.sourceSetDependencyModel.GradleSourceSetDependencySerialisationService$SourceSetDependencyModelReadContext: loaded 2 times (x 72B)
Class com.intellij.gradle.toolingExtension.impl.model.dependencyModel.DependencyReadContext: loaded 2 times (x 72B)
Class org.gradle.tooling.internal.adapter.ObjectGraphAdapter                          : loaded 2 times (x 70B)
Class com.google.common.collect.ImmutableMultimap$Values                              : loaded 2 times (x 126B)
Class com.android.builder.model.v2.ide.Installation                                   : loaded 2 times (x 70B)
Class com.google.gson.stream.MalformedJsonException                                   : loaded 2 times (x 82B)
Class com.google.common.cache.LocalCache$LocalManualCache$1                           : loaded 2 times (x 75B)
Class com.google.gson.internal.bind.TypeAdapters$12                                   : loaded 2 times (x 75B)
Class [Lcom.google.gson.ToNumberStrategy;                                             : loaded 2 times (x 69B)
Class org.jetbrains.plugins.gradle.model.ProjectImportModelProvider                   : loaded 2 times (x 70B)
Class org.jetbrains.plugins.gradle.model.ExternalSourceSet                            : loaded 2 times (x 70B)
Class com.amazon.ion.impl.bin.IonManagedBinaryWriter$SymbolState$2                    : loaded 2 times (x 80B)
Class com.amazon.ion.IonNull                                                          : loaded 2 times (x 70B)
Class com.intellij.gradle.toolingExtension.impl.model.warmUp.GradleTaskWarmUpRequest  : loaded 2 times (x 70B)
Class com.google.common.collect.ImmutableSortedAsList                                 : loaded 2 times (x 221B)
Class kotlin.text.RegexKt                                                             : loaded 2 times (x 71B)
Class kotlin.coroutines.intrinsics.IntrinsicsKt__IntrinsicsKt                         : loaded 2 times (x 71B)
Class com.android.builder.model.v2.models.ModelBuilderParameter                       : loaded 2 times (x 70B)
Class com.android.builder.model.v2.ide.AndroidArtifact                                : loaded 2 times (x 70B)
Class com.google.gson.internal.bind.TypeAdapters$13                                   : loaded 2 times (x 75B)
Class com.google.common.io.ByteArrayDataOutput                                        : loaded 2 times (x 70B)
Class com.amazon.ion.impl.bin.IonRawBinaryWriter$ContainerInfo                        : loaded 2 times (x 74B)
Class com.amazon.ion.impl.bin.IonManagedBinaryWriter$SymbolState$3                    : loaded 2 times (x 80B)
Class com.amazon.ion.impl.bin.IonRawBinaryWriter$StreamFlushMode                      : loaded 2 times (x 79B)
Class com.amazon.ion.IonBinaryWriter                                                  : loaded 2 times (x 70B)
Class com.intellij.gradle.toolingExtension.impl.model.sourceSetArtifactIndex.GradleSourceSetArtifactBuildRequest: loaded 2 times (x 70B)
Class kotlin.io.FilesKt__UtilsKt                                                      : loaded 2 times (x 71B)
Class com.google.common.collect.Lists$TransformingRandomAccessList                    : loaded 2 times (x 199B)
Class kotlin.collections.CollectionsKt__CollectionsJVMKt                              : loaded 2 times (x 71B)
Class org.gradle.api.internal.classpath.DefaultModuleRegistry                         : loaded 2 times (x 86B)
Class org.gradle.api.internal.classpath.ManifestUtil                                  : loaded 2 times (x 71B)
Class com.google.common.util.concurrent.ListenableFuture                              : loaded 2 times (x 70B)
Class com.google.common.cache.ReferenceEntry                                          : loaded 2 times (x 70B)
Class com.google.gson.internal.bind.NumberTypeAdapter$1                               : loaded 2 times (x 76B)
Class com.google.gson.internal.bind.TypeAdapters$1                                    : loaded 2 times (x 75B)
Class com.google.gson.internal.bind.TypeAdapters$14                                   : loaded 2 times (x 75B)
Class com.google.common.base.Converter                                                : loaded 2 times (x 90B)
Class org.gradle.tooling.internal.adapter.ProtocolToModelAdapter$InvocationHandlerImpl: loaded 2 times (x 77B)
Class com.amazon.ion.impl.bin.IonManagedBinaryWriter$SymbolState$4                    : loaded 2 times (x 80B)
Class [Lcom.amazon.ion.util.InputStreamInterceptor;                                   : loaded 2 times (x 69B)
Class org.jetbrains.plugins.gradle.tooling.serialization.internal.IdeaProjectSerializationService$WriteContext$1: loaded 2 times (x 83B)
Class org.jetbrains.plugins.gradle.model.ExternalProject                              : loaded 2 times (x 70B)
Class ijInit1_ejk91092g92sqpbyloaz613g3$_run_closure1                                 : loaded 2 times (x 140B)
Class kotlin.sequences.SequencesKt                                                    : loaded 2 times (x 71B)
Class kotlin.collections.CollectionsKt__IteratorsKt                                   : loaded 2 times (x 71B)
Class [Lcom.android.builder.model.v2.ide.CodeShrinker;                                : loaded 2 times (x 69B)
Class com.google.common.collect.AbstractMapBasedMultimap                              : loaded 2 times (x 139B)
Class com.google.common.util.concurrent.AbstractFuture                                : loaded 2 times (x 106B)
Class com.google.common.base.FunctionalEquivalence                                    : loaded 2 times (x 83B)
Class com.google.gson.Strictness                                                      : loaded 2 times (x 79B)
Class com.google.gson.internal.sql.SqlTypesSupport$1                                  : loaded 2 times (x 74B)
Class com.google.gson.internal.bind.TypeAdapters$2                                    : loaded 2 times (x 75B)
Class com.google.gson.internal.bind.TypeAdapters$15                                   : loaded 2 times (x 75B)
Class org.gradle.tooling.model.build.GradleEnvironment                                : loaded 2 times (x 70B)
Class org.jetbrains.plugins.gradle.tooling.util.IntObjectMap$ObjectFactory            : loaded 2 times (x 70B)
Class com.amazon.ion.impl.bin.utf8.Pool                                               : loaded 2 times (x 74B)
Class com.amazon.ion.impl._Private_SymtabExtendsCache                                 : loaded 2 times (x 72B)
Class org.jetbrains.plugins.gradle.tooling.serialization.internal.IdeaProjectSerializationService$WriteContext$2: loaded 2 times (x 83B)
Class kotlin.text.StringsKt                                                           : loaded 2 times (x 71B)
Class com.google.common.collect.ImmutableMultiset                                     : loaded 2 times (x 163B)
Class org.objectweb.asm.RecordComponentVisitor                                        : loaded 2 times (x 77B)
Class com.google.common.cache.CacheLoader$SupplierToCacheLoader                       : loaded 2 times (x 75B)
Class com.google.gson.internal.sql.SqlTypesSupport$2                                  : loaded 2 times (x 74B)
Class com.google.gson.internal.bind.TypeAdapters$16                                   : loaded 2 times (x 75B)
Class com.google.gson.internal.bind.TypeAdapters$3                                    : loaded 2 times (x 75B)
Class com.amazon.ion.impl._Private_IonSymbol                                          : loaded 2 times (x 70B)
Class com.amazon.ion.impl.lite.IonValueLite                                           : loaded 2 times (x 147B)
Class com.amazon.ion.IonContainer                                                     : loaded 2 times (x 70B)
Class com.amazon.ion.impl.bin.PooledBlockAllocatorProvider                            : loaded 2 times (x 73B)
Class org.jetbrains.plugins.gradle.tooling.serialization.AnnotationProcessingModelSerializationService$ReadContext: loaded 2 times (x 72B)
Class org.jetbrains.plugins.gradle.tooling.serialization.internal.IdeaProjectSerializationService$WriteContext$3: loaded 2 times (x 83B)
Class gnu.trove.TObjectHash$NULL                                                      : loaded 2 times (x 71B)
Class org.gradle.util.internal.DefaultGradleVersion$Stage                             : loaded 2 times (x 75B)
Class kotlin.coroutines.jvm.internal.RestrictedContinuationImpl                       : loaded 2 times (x 87B)
Class com.google.gson.internal.bind.TypeAdapters$17                                   : loaded 2 times (x 75B)
Class com.google.gson.internal.bind.TypeAdapters$4                                    : loaded 2 times (x 75B)
Class org.jetbrains.kotlin.idea.gradleTooling.AndroidAwareGradleModelProvider         : loaded 2 times (x 79B)
Class org.jetbrains.plugins.gradle.tooling.serialization.internal.IdeaProjectSerializationService$WriteContext$4: loaded 2 times (x 83B)
Class com.intellij.gradle.toolingExtension.impl.model.sourceSetDependencyModel.GradleSourceSetDependencySerialisationService$Companion: loaded 2 times (x 71B)
Class [Lkotlin.Pair;                                                                  : loaded 2 times (x 69B)
Class kotlin.text.StringsKt__StringNumberConversionsKt                                : loaded 2 times (x 71B)
Class kotlin.io.FilesKt__FileReadWriteKt                                              : loaded 2 times (x 71B)
Class com.google.common.collect.UsingToStringOrdering                                 : loaded 2 times (x 114B)
Class kotlin.text.MatchNamedGroupCollection                                           : loaded 2 times (x 70B)
Class kotlin.jvm.internal.markers.KMutableList                                        : loaded 2 times (x 70B)
Class org.gradle.internal.time.MonotonicClock                                         : loaded 2 times (x 77B)
Class org.gradle.internal.service.ServiceLookupException                              : loaded 2 times (x 82B)
Class com.google.gson.annotations.JsonAdapter                                         : loaded 2 times (x 70B)
Class com.google.common.collect.Lists$ReverseList                                     : loaded 2 times (x 200B)
Class [Lcom.google.common.cache.LocalCache$EntryFactory;                              : loaded 2 times (x 69B)
Class com.google.gson.internal.bind.SerializationDelegatingTypeAdapter                : loaded 2 times (x 74B)
Class com.google.gson.internal.bind.TypeAdapters$18                                   : loaded 2 times (x 75B)
Class com.google.gson.internal.bind.TypeAdapters$5                                    : loaded 2 times (x 75B)
Class com.amazon.ion.BufferConfiguration$Builder                                      : loaded 2 times (x 78B)
Class com.intellij.gradle.toolingExtension.util.GradleVersionSpecificsUtil            : loaded 2 times (x 71B)
Class org.jetbrains.plugins.gradle.tooling.serialization.internal.IdeaProjectSerializationService$WriteContext$5: loaded 2 times (x 83B)
Class com.intellij.gradle.toolingExtension.impl.model.sourceSetDependencyModel.GradleSourceSetDependencySerialisationService$SourceSetDependencyModelWriteContext: loaded 2 times (x 72B)
Class kotlin.sequences.SequencesKt___SequencesKt$sortedWith$1                         : loaded 2 times (x 75B)
Class com.google.common.collect.ImmutableSortedSet                                    : loaded 2 times (x 300B)
Class org.gradle.internal.classloader.ClassLoaderFactory                              : loaded 2 times (x 70B)
Class com.amazon.ion.IonException                                                     : loaded 2 times (x 84B)
Class com.google.common.base.CommonPattern                                            : loaded 2 times (x 74B)
Class com.amazon.ion.util.GzipStreamInterceptor                                       : loaded 2 times (x 85B)
Class com.google.common.cache.LocalCache$LocalManualCache                             : loaded 2 times (x 99B)
Class com.google.gson.internal.bind.ReflectiveTypeAdapterFactory$FieldReflectionAdapter: loaded 2 times (x 77B)
Class com.google.gson.internal.bind.TypeAdapters$19                                   : loaded 2 times (x 75B)
Class com.google.gson.internal.bind.TypeAdapters$6                                    : loaded 2 times (x 75B)
Class com.amazon.ion.impl.bin.IntList                                                 : loaded 2 times (x 77B)
Class com.amazon.ion.impl._Private_RecyclingQueue$ElementIterator                     : loaded 2 times (x 82B)
Class com.amazon.ion.impl.lite._Private_LiteDomTrampoline                             : loaded 2 times (x 71B)
Class com.amazon.ion.IonType                                                          : loaded 2 times (x 79B)
Class org.jetbrains.plugins.gradle.tooling.serialization.internal.IdeaProjectSerializationService$WriteContext$6: loaded 2 times (x 83B)
Class org.jetbrains.plugins.gradle.tooling.util.IntObjectMap                          : loaded 2 times (x 73B)
Class org.gradle.internal.service.CachingServiceLocator                               : loaded 2 times (x 82B)
Class ijKotlinCoroutineJvmDebugInit1_6d33x7s045lq1k8k96s0faped$_run_closure1          : loaded 2 times (x 139B)
Class com.google.common.collect.Streams                                               : loaded 2 times (x 71B)
Class com.google.gson.annotations.SerializedName                                      : loaded 2 times (x 70B)
Class com.google.common.collect.AbstractMapBasedMultimap$KeySet                       : loaded 2 times (x 137B)
Class com.google.common.math.IntMath                                                  : loaded 2 times (x 71B)
Class com.google.gson.internal.bind.TypeAdapters$7                                    : loaded 2 times (x 75B)
Class com.amazon.ion.impl.lite.ValueFactoryLite                                       : loaded 2 times (x 218B)
Class org.jetbrains.plugins.gradle.model.RepositoryModels                             : loaded 2 times (x 70B)
Class org.jetbrains.plugins.gradle.tooling.serialization.internal.IdeaProjectSerializationService$WriteContext$7: loaded 2 times (x 83B)
Class com.google.common.collect.RegularImmutableSortedSet                             : loaded 2 times (x 300B)
Class kotlin.collections.AbstractList$SubList                                         : loaded 2 times (x 198B)
Class kotlin.jvm.internal.CallableReference                                           : loaded 2 times (x 106B)
Class com.google.gson.internal.bind.CollectionTypeAdapterFactory$Adapter              : loaded 2 times (x 74B)
Class com.google.gson.internal.bind.TypeAdapters$8                                    : loaded 2 times (x 75B)
Class com.google.common.collect.ImmutableMapEntry                                     : loaded 2 times (x 85B)
Class com.amazon.ion.impl.bin.WriteBuffer                                             : loaded 2 times (x 78B)
Class com.amazon.ion.impl.bin.IonManagedBinaryWriter                                  : loaded 2 times (x 166B)
Class org.jetbrains.plugins.gradle.tooling.serialization.internal.IdeaProjectSerializationService$WriteContext$8: loaded 2 times (x 83B)
Class gnu.trove.TObjectIntProcedure                                                   : loaded 2 times (x 70B)
Class [Lorg.gradle.api.JavaVersion;                                                   : loaded 2 times (x 69B)
Class kotlin.ranges.IntRange                                                          : loaded 2 times (x 93B)
Class org.gradle.tooling.model.idea.IdeaDependencyScope                               : loaded 2 times (x 70B)
Class org.gradle.internal.time.TimeSource                                             : loaded 2 times (x 70B)
Class org.gradle.tooling.model.kotlin.dsl.KotlinDslScriptsModel                       : loaded 2 times (x 70B)
Class com.google.common.collect.ImmutableMultimap                                     : loaded 2 times (x 147B)
Class com.android.builder.model.v2.ide.TestInfo                                       : loaded 2 times (x 70B)
Class com.google.common.base.Equivalence                                              : loaded 2 times (x 82B)
Class com.google.gson.internal.bind.TypeAdapters$9                                    : loaded 2 times (x 75B)
Class com.amazon.ion.impl.bin.IonManagedBinaryWriter$UserState$3                      : loaded 2 times (x 85B)
Class com.google.common.collect.ImmutableMapEntry$NonTerminalImmutableMapEntry        : loaded 2 times (x 85B)
Class com.amazon.ion.impl.lite.IonBlobLite                                            : loaded 2 times (x 219B)
Class com.amazon.ion.impl.LocalSymbolTable                                            : loaded 2 times (x 121B)
Class org.jetbrains.plugins.gradle.tooling.serialization.SerializationService         : loaded 2 times (x 70B)
Class sync_studio_tooling10_3uhihinwnvcj23v7n876wu8vh                                 : loaded 2 times (x 171B)
Class org.gradle.tooling.internal.gradle.GradleBuildIdentity                          : loaded 2 times (x 70B)
Class kotlin.enums.EnumEntries                                                        : loaded 2 times (x 70B)
Class com.android.builder.model.v2.ide.JavaCompileOptions                             : loaded 2 times (x 70B)
Class com.google.common.collect.IndexedImmutableSet$1                                 : loaded 2 times (x 213B)
Class com.google.common.cache.CacheBuilder$OneWeigher                                 : loaded 2 times (x 82B)
Class com.google.gson.JsonParseException                                              : loaded 2 times (x 82B)
Class com.google.gson.JsonObject                                                      : loaded 2 times (x 93B)
Class com.amazon.ion.IonList                                                          : loaded 2 times (x 70B)
Class org.jetbrains.plugins.gradle.tooling.serialization.internal.adapter.Supplier    : loaded 2 times (x 70B)
Class org.gradle.tooling.internal.adapter.ProtocolToModelAdapter$MixInMappingAction   : loaded 2 times (x 80B)
Class org.gradle.internal.exceptions.ResolutionProvider                               : loaded 2 times (x 70B)
Class com.amazon.ion.IonSystem                                                        : loaded 2 times (x 70B)
Class com.amazon.ion.impl.bin.IonManagedBinaryWriter$ImportedSymbolContext            : loaded 2 times (x 72B)
Class kotlin.text.MatchResult$DefaultImpls                                            : loaded 2 times (x 71B)
Class org.gradle.tooling.model.idea.IdeaCompilerOutput                                : loaded 2 times (x 70B)
Class org.gradle.tooling.model.ProjectIdentifier                                      : loaded 2 times (x 70B)
Class org.gradle.internal.classloader.ClasspathUtil                                   : loaded 2 times (x 71B)
Class com.android.builder.model.v2.ide.ComponentInfo                                  : loaded 2 times (x 70B)
Class org.jetbrains.kotlin.tooling.core.HasExtras                                     : loaded 2 times (x 70B)
Class com.google.common.util.concurrent.Uninterruptibles                              : loaded 2 times (x 71B)
Class com.android.builder.model.v2.ide.ProjectType                                    : loaded 2 times (x 79B)
Class com.intellij.gradle.toolingExtension.impl.model.sourceSetModel.GradleSourceSetSerialisationService: loaded 2 times (x 77B)
Class kotlin.io.FileSystemException                                                   : loaded 2 times (x 82B)
Class ijKotlinCoroutineJvmDebugInit1_6d33x7s045lq1k8k96s0faped$_run_closure1$_closure2: loaded 2 times (x 139B)
Class com.android.builder.model.v2.dsl.BaseConfig                                     : loaded 2 times (x 70B)
Class com.google.common.util.concurrent.LazyLogger                                    : loaded 2 times (x 72B)
Class com.google.common.collect.Maps                                                  : loaded 2 times (x 71B)
Class com.amazon.ion.impl.lite.IonIntLite                                             : loaded 2 times (x 189B)
Class com.amazon.ion.impl._Private_IonReaderBuilder$TwoElementInputStream             : loaded 2 times (x 92B)
Class com.amazon.ion.util._Private_FastAppendable                                     : loaded 2 times (x 70B)
Class [Lcom.amazon.ion.impl.bin.IonRawBinaryWriter$PreallocationMode;                 : loaded 2 times (x 69B)
Class org.gradle.internal.time.TimeSource$1                                           : loaded 2 times (x 77B)
Class kotlin.jvm.internal.DefaultConstructorMarker                                    : loaded 2 times (x 71B)
Class org.gradle.api.specs.Spec                                                       : loaded 2 times (x 70B)
Class com.google.gson.internal.sql.SqlDateTypeAdapter                                 : loaded 2 times (x 74B)
Class [Lcom.google.common.collect.ImmutableEntry;                                     : loaded 2 times (x 69B)
Class com.amazon.ion.impl.lite.IonSexpLite                                            : loaded 2 times (x 490B)
Class com.amazon.ion.impl.lite.IonListLite                                            : loaded 2 times (x 490B)
Class com.amazon.ion.IonFloat                                                         : loaded 2 times (x 70B)
Class com.google.common.cache.LocalCache$LoadingValueReference                        : loaded 2 times (x 96B)
Class com.amazon.ion.impl.LocalSymbolTable$Factory                                    : loaded 2 times (x 77B)
Class com.amazon.ion.impl.bin.IonManagedBinaryWriter$ImportedSymbolResolverMode       : loaded 2 times (x 80B)
Class com.intellij.gradle.toolingExtension.impl.model.buildScriptClasspathModel.GradleBuildScriptClasspathSerializationService: loaded 2 times (x 77B)
Class com.google.common.base.Platform                                                 : loaded 2 times (x 71B)
Class com.google.gson.internal.bind.ReflectiveTypeAdapterFactory$RecordAdapter        : loaded 2 times (x 77B)
Class com.amazon.ion.impl.LocalSymbolTableAsStruct                                    : loaded 2 times (x 126B)
Class com.amazon.ion.impl.lite.IonTimestampLite                                       : loaded 2 times (x 192B)
Class org.jetbrains.plugins.gradle.model.FileCollectionDependency                     : loaded 2 times (x 70B)
Class com.intellij.gradle.toolingExtension.impl.model.utilDummyModel.DummyModel       : loaded 2 times (x 70B)
Class kotlin.text.StringsKt__RegexExtensionsKt                                        : loaded 2 times (x 71B)
Class kotlin.collections.EmptyIterator                                                : loaded 2 times (x 89B)
Class org.gradle.internal.time.Clock                                                  : loaded 2 times (x 70B)
Class com.android.builder.model.v2.dsl.ProductFlavor                                  : loaded 2 times (x 70B)
Class [Lcom.android.builder.model.v2.ide.TestInfo$Execution;                          : loaded 2 times (x 69B)
Class com.google.gson.internal.reflect.ReflectionHelper$RecordNotSupportedHelper      : loaded 2 times (x 78B)
Class [Lorg.objectweb.asm.AnnotationWriter;                                           : loaded 2 times (x 69B)
Class com.google.gson.JsonIOException                                                 : loaded 2 times (x 82B)
Class com.google.common.collect.Maps$8                                                : loaded 2 times (x 82B)
Class com.amazon.ion.IonString                                                        : loaded 2 times (x 70B)
Class org.jetbrains.plugins.gradle.model.GradleSourceSetDependencyModel               : loaded 2 times (x 70B)
Class com.google.common.collect.CompoundOrdering                                      : loaded 2 times (x 115B)
Class kotlin.sequences.SequencesKt__SequencesJVMKt                                    : loaded 2 times (x 71B)
Class kotlin.coroutines.jvm.internal.RestrictedSuspendLambda                          : loaded 2 times (x 91B)
Class org.gradle.tooling.internal.adapter.TypeInspector                               : loaded 2 times (x 73B)
Class org.gradle.tooling.internal.adapter.ProtocolToModelAdapter$NoOpDecoration       : loaded 2 times (x 79B)
Class org.gradle.tooling.model.Element                                                : loaded 2 times (x 70B)
Class kotlin.collections.AbstractList                                                 : loaded 2 times (x 197B)
Class kotlin.collections.AbstractCollection                                           : loaded 2 times (x 117B)
Class com.google.common.collect.Lists$ReverseList$1                                   : loaded 2 times (x 99B)
Class com.google.common.collect.Sets$SetView                                          : loaded 2 times (x 138B)
Class org.jetbrains.kotlin.tooling.core.Extras                                        : loaded 2 times (x 70B)
Class com.google.common.cache.LocalCache$StrongValueReference                         : loaded 2 times (x 90B)
Class com.amazon.ion.BufferConfiguration                                              : loaded 2 times (x 73B)
Class com.amazon.ion.system.SimpleCatalog                                             : loaded 2 times (x 91B)
Class com.intellij.gradle.toolingExtension.impl.model.taskModel.GradleTaskSerialisationService: loaded 2 times (x 76B)
Class com.android.ide.gradle.model.LegacyV1AgpVersionModel                            : loaded 2 times (x 70B)
Class kotlin.text.StringsKt__StringBuilderJVMKt                                       : loaded 2 times (x 71B)
Class com.google.common.collect.ImmutableRangeSet$Builder                             : loaded 2 times (x 77B)
Class kotlin.text.Regex                                                               : loaded 2 times (x 72B)
Class kotlin.sequences.SequencesKt__SequenceBuilderKt$sequence$$inlined$Sequence$1    : loaded 2 times (x 75B)
Class kotlin.Triple                                                                   : loaded 2 times (x 72B)
Class org.objectweb.asm.Type                                                          : loaded 2 times (x 72B)
Class com.google.gson.LongSerializationPolicy$1                                       : loaded 2 times (x 80B)
Class org.jetbrains.plugins.gradle.tooling.util.IntObjectMap$1                        : loaded 2 times (x 77B)
Class org.gradle.tooling.model.internal.ImmutableDomainObjectSet                      : loaded 2 times (x 155B)
Class org.gradle.internal.classloader.VisitableURLClassLoader$InstrumentingVisitableURLClassLoader: loaded 2 times (x 123B)
Class com.android.builder.model.v2.ide.AndroidGradlePluginProjectFlags                : loaded 2 times (x 70B)
Class [Lcom.android.builder.model.v2.ide.AndroidGradlePluginProjectFlags$BooleanFlag; : loaded 2 times (x 69B)
Class com.android.builder.model.v2.ide.BasicVariant                                   : loaded 2 times (x 70B)
Class com.google.common.math.IntMath$1                                                : loaded 2 times (x 71B)
Class org.objectweb.asm.ByteVector                                                    : loaded 2 times (x 79B)
Class [Lcom.google.common.cache.CacheBuilder$NullListener;                            : loaded 2 times (x 69B)
Class com.google.gson.LongSerializationPolicy$2                                       : loaded 2 times (x 80B)
Class [Lcom.amazon.ion.impl.bin.IonRawBinaryWriter$StreamFlushMode;                   : loaded 2 times (x 69B)
Class com.amazon.ion.UnsupportedIonVersionException                                   : loaded 2 times (x 85B)
Class kotlin.comparisons.ComparisonsKt__ComparisonsKt                                 : loaded 2 times (x 71B)
Class kotlin.ranges.RangesKt__RangesKt                                                : loaded 2 times (x 71B)
Class kotlin.collections.SetsKt___SetsKt                                              : loaded 2 times (x 71B)
Class kotlin.sequences.SequencesKt__SequencesKt                                       : loaded 2 times (x 71B)
Class kotlin.coroutines.Continuation                                                  : loaded 2 times (x 70B)
Class org.gradle.internal.classloader.VisitableURLClassLoader$Spec                    : loaded 2 times (x 74B)
Class org.gradle.internal.classpath.DefaultClassPath                                  : loaded 2 times (x 90B)
Class com.android.builder.model.v2.ide.BundleInfo                                     : loaded 2 times (x 70B)
Class com.android.builder.model.v2.ide.SourceProvider                                 : loaded 2 times (x 70B)
Class org.objectweb.asm.Symbol                                                        : loaded 2 times (x 73B)
Class com.amazon.ion.impl.bin.IonManagedBinaryWriter$SymbolState                      : loaded 2 times (x 80B)
Class com.amazon.ion.IonStruct                                                        : loaded 2 times (x 70B)
Class org.jetbrains.plugins.gradle.model.GradleBuildScriptClasspathModel              : loaded 2 times (x 70B)
Class kotlin.sequences.FilteringSequence                                              : loaded 2 times (x 75B)
Class kotlin.text.CharsKt__CharJVMKt                                                  : loaded 2 times (x 71B)
Class kotlin.comparisons.ComparisonsKt                                                : loaded 2 times (x 71B)
Class kotlin.comparisons.ComparisonsKt___ComparisonsKt                                : loaded 2 times (x 71B)
Class kotlin.coroutines.jvm.internal.BaseContinuationImpl                             : loaded 2 times (x 87B)
Class kotlin.Result$Companion                                                         : loaded 2 times (x 71B)
Class org.gradle.util.internal.DefaultGradleVersion                                   : loaded 2 times (x 82B)
Class com.google.common.io.Closer                                                     : loaded 2 times (x 78B)
Class com.google.common.util.concurrent.ExecutionError                                : loaded 2 times (x 82B)
Class [Lcom.google.gson.Strictness;                                                   : loaded 2 times (x 69B)
Class com.google.gson.reflect.TypeToken                                               : loaded 2 times (x 75B)
Class com.google.common.collect.RegularImmutableMap$Values                            : loaded 2 times (x 207B)
Class com.google.common.collect.ImmutableEnumSet                                      : loaded 2 times (x 146B)
Class org.gradle.internal.classloader.ClassLoaderSpec                                 : loaded 2 times (x 71B)
Class org.objectweb.asm.AnnotationWriter                                              : loaded 2 times (x 79B)
Class com.google.common.cache.CacheStats                                              : loaded 2 times (x 71B)
Class com.google.gson.internal.sql.SqlTimestampTypeAdapter$1                          : loaded 2 times (x 75B)
Class com.google.gson.JsonPrimitive                                                   : loaded 2 times (x 93B)
Class com.amazon.ion.impl.IonWriterSystemTextMarkup                                   : loaded 2 times (x 192B)
Class com.amazon.ion.impl.bin.BlockAllocator                                          : loaded 2 times (x 80B)
Class kotlin.jvm.internal.FunctionReferenceImpl                                       : loaded 2 times (x 122B)
Class kotlin.collections.CollectionsKt___CollectionsJvmKt                             : loaded 2 times (x 71B)
Class com.google.common.io.Closer$Suppressor                                          : loaded 2 times (x 70B)
Class com.google.common.collect.ImmutableMultisetGwtSerializationDependencies         : loaded 2 times (x 125B)
Class [Lcom.google.gson.ReflectionAccessFilter$FilterResult;                          : loaded 2 times (x 69B)
Class com.android.builder.model.v2.models.VariantDependenciesAdjacencyList            : loaded 2 times (x 70B)
Class org.objectweb.asm.RecordComponentWriter                                         : loaded 2 times (x 78B)
Class [Lcom.android.builder.model.v2.ide.ProjectType;                                 : loaded 2 times (x 69B)
Class com.google.common.util.concurrent.AbstractFuture$Listener                       : loaded 2 times (x 72B)
Class com.google.gson.JsonElement                                                     : loaded 2 times (x 92B)
Class Settings_gradle$1$1                                                             : loaded 2 times (x 74B)
Class com.amazon.ion.impl._Private_RecyclingQueue                                     : loaded 2 times (x 80B)
Class com.amazon.ion.system.IonWriterBuilderBase                                      : loaded 2 times (x 83B)
Class ijInit1_ejk91092g92sqpbyloaz613g3                                               : loaded 2 times (x 171B)
Class kotlin.TuplesKt                                                                 : loaded 2 times (x 71B)
Class kotlin.jvm.internal.markers.KMutableIterable                                    : loaded 2 times (x 70B)
Class kotlin.Unit                                                                     : loaded 2 times (x 71B)
Class kotlin.sequences.SequencesKt___SequencesJvmKt                                   : loaded 2 times (x 71B)
Class org.gradle.tooling.internal.adapter.ProtocolToModelAdapter$DefaultViewBuilder   : loaded 2 times (x 80B)
Class [Lcom.android.builder.model.v2.ide.AaptOptions$Namespacing;                     : loaded 2 times (x 69B)
Class org.objectweb.asm.Attribute                                                     : loaded 2 times (x 77B)
Class com.android.ide.common.gradle.Version$Companion$ParseState                      : loaded 2 times (x 70B)
Class com.google.common.base.Supplier                                                 : loaded 2 times (x 70B)
Class com.google.gson.internal.bind.CollectionTypeAdapterFactory                      : loaded 2 times (x 75B)
Class kotlin.ranges.RangesKt                                                          : loaded 2 times (x 71B)
Class org.gradle.tooling.internal.adapter.ProtocolToModelAdapter$ViewGraphDetails$1   : loaded 2 times (x 77B)
Class org.gradle.internal.classloader.VisitableURLClassLoader                         : loaded 2 times (x 117B)
Class com.android.ide.common.repository.AgpVersion$Companion                          : loaded 2 times (x 71B)
Class Settings_gradle                                                                 : loaded 2 times (x 124B)
Class com.amazon.ion.impl.bin.IonRawBinaryWriter$1                                    : loaded 2 times (x 77B)
Class [Lcom.amazon.ion.SymbolTable;                                                   : loaded 2 times (x 69B)
Class com.amazon.ion.impl.bin.IonBinaryWriterAdapter$Factory                          : loaded 2 times (x 70B)
Class com.amazon.ion.impl.BlockedBuffer$BufferedOutputStream                          : loaded 2 times (x 90B)
Class org.jetbrains.plugins.gradle.tooling.serialization.ExternalTestsSerializationService$ReadContext: loaded 2 times (x 72B)
Class kotlin.sequences.FlatteningSequence$iterator$1                                  : loaded 2 times (x 79B)
Class kotlin.jvm.functions.Function0                                                  : loaded 2 times (x 70B)
Class kotlin.collections.ArraysUtilJVM                                                : loaded 2 times (x 71B)
Class org.gradle.internal.classloader.ClassLoaderHierarchy                            : loaded 2 times (x 70B)
Class kotlin.collections.CollectionsKt__ReversedViewsKt                               : loaded 2 times (x 71B)
Class org.gradle.tooling.model.idea.IdeaDependency                                    : loaded 2 times (x 70B)
Class com.android.builder.model.v2.ide.AaptOptions                                    : loaded 2 times (x 70B)
Class [Lcom.android.builder.model.v2.ide.BytecodeTransformation;                      : loaded 2 times (x 69B)
Class com.google.common.base.Strings                                                  : loaded 2 times (x 71B)
Class com.google.common.collect.Sets                                                  : loaded 2 times (x 71B)
Class org.objectweb.asm.Handler                                                       : loaded 2 times (x 72B)
Class kotlin.sequences.SequencesKt__SequenceBuilderKt                                 : loaded 2 times (x 71B)
Class com.android.ide.common.gradle.Version$Companion                                 : loaded 2 times (x 71B)
Class com.google.common.base.Ticker                                                   : loaded 2 times (x 72B)
Class com.google.gson.internal.bind.TreeTypeAdapter                                   : loaded 2 times (x 75B)
Class com.google.gson.internal.sql.SqlTimeTypeAdapter                                 : loaded 2 times (x 74B)
Class com.amazon.ion.impl.bin.AbstractIonWriter$WriteValueOptimization                : loaded 2 times (x 79B)
Class kotlin.collections.AbstractMutableList                                          : loaded 2 times (x 206B)
Class kotlin.jvm.functions.Function1                                                  : loaded 2 times (x 70B)
Class com.android.builder.model.v2.models.ndk.NativeModelBuilderParameter             : loaded 2 times (x 70B)
Class [Lcom.google.common.cache.LocalCache$Segment;                                   : loaded 2 times (x 69B)
Class kotlin.io.FilesKt__FileTreeWalkKt                                               : loaded 2 times (x 71B)
Class [Lcom.google.common.cache.LocalCache$Strength;                                  : loaded 2 times (x 69B)
Class com.google.common.cache.CacheBuilder$1                                          : loaded 2 times (x 85B)
Class com.google.gson.internal.bind.TypeAdapters$20                                   : loaded 2 times (x 75B)
Class com.google.common.collect.ImmutableMap                                          : loaded 2 times (x 120B)
Class com.amazon.ion.impl.bin.BlockAllocatorProvider                                  : loaded 2 times (x 72B)
Class org.jetbrains.plugins.gradle.tooling.serialization.internal.IdeaProjectSerializationService$WriteContext: loaded 2 times (x 72B)
Class com.intellij.gradle.toolingExtension.impl.model.sourceSetDependencyModel.GradleSourceSetDependencySerialisationService: loaded 2 times (x 77B)
Class org.jetbrains.plugins.gradle.model.GradleSourceSetModel                         : loaded 2 times (x 70B)
Class kotlin.KotlinNothingValueException                                              : loaded 2 times (x 82B)
Class kotlin.jvm.functions.Function2                                                  : loaded 2 times (x 70B)
Class org.gradle.internal.classpath.DefaultClassPath$ImmutableUniqueList$Builder      : loaded 2 times (x 75B)
Class kotlin.jvm.internal.CollectionToArray                                           : loaded 2 times (x 71B)
Class com.google.common.cache.LocalCache                                              : loaded 2 times (x 187B)
Class com.google.common.cache.CacheBuilder$2                                          : loaded 2 times (x 79B)
Class com.google.gson.internal.bind.TypeAdapters$21                                   : loaded 2 times (x 75B)
Class com.google.gson.FieldNamingPolicy$1                                             : loaded 2 times (x 83B)
Class com.amazon.ion.impl.lite.IonSequenceLite                                        : loaded 2 times (x 432B)
Class com.amazon.ion.impl._Private_Utils$1                                            : loaded 2 times (x 89B)
Class com.amazon.ion.impl.SymbolTableAsStruct                                         : loaded 2 times (x 70B)
Class com.android.ide.gradle.model.dependencies.Coordinates                           : loaded 2 times (x 70B)
Class com.google.common.collect.AbstractRangeSet                                      : loaded 2 times (x 114B)
Class kotlin.collections.MapsKt___MapsJvmKt                                           : loaded 2 times (x 71B)
Class org.gradle.tooling.internal.adapter.WeakIdentityHashMap$AbsentValueProvider     : loaded 2 times (x 70B)
Class com.google.common.collect.ArrayListMultimap                                     : loaded 2 times (x 172B)
Class com.google.common.cache.CacheBuilder$3                                          : loaded 2 times (x 72B)
Class com.google.gson.internal.bind.TypeAdapters$22                                   : loaded 2 times (x 75B)
Class com.google.gson.FieldNamingPolicy$2                                             : loaded 2 times (x 83B)
Class com.google.gson.internal.Excluder$1                                             : loaded 2 times (x 74B)
Class [Lcom.google.common.collect.AbstractMapEntry;                                   : loaded 2 times (x 69B)
Class com.google.common.collect.ImmutableEntry                                        : loaded 2 times (x 82B)
Class com.amazon.ion.impl.bin.AbstractIonWriter                                       : loaded 2 times (x 161B)
Class gnu.trove.TObjectHash                                                           : loaded 2 times (x 94B)
Class org.jetbrains.plugins.gradle.tooling.util.ObjectCollector$Processor             : loaded 2 times (x 70B)
Class kotlin.jvm.functions.Function4                                                  : loaded 2 times (x 70B)
Class kotlin.collections.EmptySet                                                     : loaded 2 times (x 122B)
Class kotlin.annotation.Target                                                        : loaded 2 times (x 70B)
Class kotlin.collections.CollectionsKt___CollectionsKt                                : loaded 2 times (x 71B)
Class kotlin.sequences.FilteringSequence$iterator$1                                   : loaded 2 times (x 79B)
Class org.gradle.internal.exceptions.NonGradleCauseExceptionsHolder                   : loaded 2 times (x 70B)
Class org.gradle.tooling.model.idea.IdeaModuleDependency                              : loaded 2 times (x 70B)
Class org.gradle.tooling.internal.adapter.ViewBuilder                                 : loaded 2 times (x 70B)
Class com.google.common.base.Suppliers$MemoizingSupplier                              : loaded 2 times (x 79B)
Class com.android.builder.model.v2.ide.AndroidLibraryData                             : loaded 2 times (x 70B)
Class com.android.builder.model.v2.ide.ApiVersion                                     : loaded 2 times (x 70B)
Class com.android.ide.common.gradle.Version                                           : loaded 2 times (x 75B)
Class com.google.gson.internal.bind.TypeAdapters$23                                   : loaded 2 times (x 75B)
Class com.google.gson.FieldNamingPolicy$3                                             : loaded 2 times (x 83B)
Class com.google.common.collect.CollectPreconditions                                  : loaded 2 times (x 71B)
Class com.amazon.ion.system.IonReaderBuilder                                          : loaded 2 times (x 95B)
Class org.jetbrains.plugins.gradle.model.AnnotationProcessingConfig                   : loaded 2 times (x 70B)
Class com.amazon.ion.IonReader                                                        : loaded 2 times (x 70B)
Class gnu.trove.Equality                                                              : loaded 2 times (x 70B)
Class kotlin.text.StringsKt___StringsJvmKt                                            : loaded 2 times (x 71B)
Class kotlin.reflect.KDeclarationContainer                                            : loaded 2 times (x 70B)
Class kotlin.annotation.Retention                                                     : loaded 2 times (x 70B)
Class com.android.builder.model.v2.models.Versions$Version                            : loaded 2 times (x 70B)
Class com.google.gson.internal.bind.TypeAdapters$24                                   : loaded 2 times (x 75B)
Class com.google.gson.FieldNamingPolicy$4                                             : loaded 2 times (x 83B)
Class com.google.common.collect.SortedMapDifference                                   : loaded 2 times (x 70B)
Class com.amazon.ion.IonClob                                                          : loaded 2 times (x 70B)
Class org.jetbrains.plugins.gradle.tooling.ModelBuilderService$Parameter              : loaded 2 times (x 70B)
Class kotlin.io.FilesKt                                                               : loaded 2 times (x 71B)
Class kotlin.collections.MapsKt___MapsKt                                              : loaded 2 times (x 71B)
Class kotlin.collections.ArraysKt___ArraysKt                                          : loaded 2 times (x 71B)
Class com.google.common.cache.LocalCache$WriteThroughEntry                            : loaded 2 times (x 79B)
Class com.google.common.cache.LocalCache$HashIterator                                 : loaded 2 times (x 86B)
Class com.google.common.cache.LocalCache$EntryFactory                                 : loaded 2 times (x 83B)
Class com.google.gson.internal.bind.TypeAdapters$25                                   : loaded 2 times (x 75B)
Class com.google.gson.FieldNamingPolicy$5                                             : loaded 2 times (x 83B)
Class com.amazon.ion.impl.lite.IonLobLite                                             : loaded 2 times (x 184B)
Class com.amazon.ion.impl.lite.IonTextLite                                            : loaded 2 times (x 181B)
Class com.amazon.ion.IonNumber                                                        : loaded 2 times (x 70B)
Class gnu.trove.TObjectHashingStrategy                                                : loaded 2 times (x 70B)
Class kotlin.collections.MapsKt__MapWithDefaultKt                                     : loaded 2 times (x 71B)
Class org.gradle.tooling.internal.adapter.ProtocolToModelAdapter$ReflectionMethodInvoker: loaded 2 times (x 76B)
Class [Lcom.android.ide.common.gradle.Separator;                                      : loaded 2 times (x 69B)
Class org.jetbrains.kotlin.tooling.core.HasMutableExtras                              : loaded 2 times (x 70B)
Class com.google.common.cache.LocalCache$AbstractReferenceEntry                       : loaded 2 times (x 107B)
Class com.google.gson.internal.bind.ArrayTypeAdapter                                  : loaded 2 times (x 74B)
Class com.google.gson.internal.bind.TypeAdapters$26                                   : loaded 2 times (x 75B)
Class com.google.gson.FieldNamingPolicy$6                                             : loaded 2 times (x 83B)
Class [Lcom.amazon.ion.impl.bin.IonManagedBinaryWriter$UserState;                     : loaded 2 times (x 69B)
Class com.amazon.ion.impl.bin.utf8.Utf8StringEncoder                                  : loaded 2 times (x 80B)
Class com.amazon.ion.IonBool                                                          : loaded 2 times (x 70B)
Class kotlin.text.StringsKt___StringsKt                                               : loaded 2 times (x 71B)
Class com.google.common.collect.NullsLastOrdering                                     : loaded 2 times (x 115B)
Class kotlin.collections.CollectionsKt__MutableCollectionsJVMKt                       : loaded 2 times (x 71B)
Class com.intellij.gradle.toolingExtension.impl.model.sourceSetModel.GradleSourceSetSerialisationService$Companion: loaded 2 times (x 71B)
Class kotlin.enums.EnumEntriesKt                                                      : loaded 2 times (x 71B)
Class com.google.gson.internal.reflect.ReflectionHelper                               : loaded 2 times (x 71B)
Class com.android.builder.model.v2.models.VariantDependencies                         : loaded 2 times (x 70B)
Class org.objectweb.asm.SymbolTable                                                   : loaded 2 times (x 72B)
Class com.google.common.cache.CacheLoader$InvalidCacheLoadException                   : loaded 2 times (x 82B)
Class com.google.gson.internal.bind.TypeAdapters$27                                   : loaded 2 times (x 75B)
Class com.google.gson.FieldNamingPolicy$7                                             : loaded 2 times (x 83B)
Class com.amazon.ion.impl._Private_IonValue                                           : loaded 2 times (x 70B)
Class com.amazon.ion.IonLoader                                                        : loaded 2 times (x 70B)
Class com.intellij.gradle.toolingExtension.model.repositoryModel.ProjectRepositoriesModel: loaded 2 times (x 70B)
Class org.jetbrains.plugins.gradle.model.GradleProperty                               : loaded 2 times (x 70B)
Class gnu.trove.TObjectCanonicalHashingStrategy                                       : loaded 2 times (x 78B)
Class com.google.common.collect.ImmutableRangeSet$ComplementRanges                    : loaded 2 times (x 207B)
Class org.gradle.internal.classloader.SystemClassLoaderSpec                           : loaded 2 times (x 71B)
Class com.android.builder.model.v2.ide.TestedTargetVariant                            : loaded 2 times (x 70B)
Class com.google.common.cache.LocalCache$StrongEntry                                  : loaded 2 times (x 108B)
Class com.google.common.util.concurrent.AbstractFuture$TrustedFuture                  : loaded 2 times (x 114B)
Class com.google.common.cache.LoadingCache                                            : loaded 2 times (x 70B)
Class [Lcom.google.gson.LongSerializationPolicy;                                      : loaded 2 times (x 69B)
Class com.amazon.ion.impl._Private_Utils                                              : loaded 2 times (x 71B)
Class kotlin.ranges.IntRange$Companion                                                : loaded 2 times (x 71B)
Class kotlin.text.MatcherMatchResult$groups$1                                         : loaded 2 times (x 151B)
Class kotlin.collections.EmptyMap                                                     : loaded 2 times (x 108B)
Class kotlin.reflect.KAnnotatedElement                                                : loaded 2 times (x 70B)
Class kotlin.jvm.internal.markers.KMutableCollection                                  : loaded 2 times (x 70B)
Class kotlin.coroutines.intrinsics.IntrinsicsKt                                       : loaded 2 times (x 71B)
Class org.gradle.internal.exceptions.MultiCauseException                              : loaded 2 times (x 70B)
Class org.gradle.internal.time.CountdownTimer                                         : loaded 2 times (x 70B)
Class kotlin.jvm.internal.Intrinsics                                                  : loaded 2 times (x 71B)
Class com.google.common.io.ByteStreams$LimitedInputStream                             : loaded 2 times (x 92B)
Class com.google.common.base.Suppliers$NonSerializableMemoizingSupplier               : loaded 2 times (x 79B)
Class com.google.gson.internal.Streams$AppendableWriter                               : loaded 2 times (x 99B)
Class org.objectweb.asm.MethodWriter                                                  : loaded 2 times (x 106B)
Class [Lcom.google.common.cache.Weigher;                                              : loaded 2 times (x 69B)
Class com.google.gson.internal.bind.MapTypeAdapterFactory                             : loaded 2 times (x 75B)
Class com.google.gson.internal.bind.TypeAdapters$29                                   : loaded 2 times (x 75B)
Class com.google.gson.JsonNull                                                        : loaded 2 times (x 92B)
Class com.google.common.collect.RegularImmutableMap$BucketOverflowException           : loaded 2 times (x 82B)
Class com.intellij.gradle.toolingExtension.impl.model.projectModel.GradleExternalProjectSerializationService$ReadContext: loaded 2 times (x 73B)
Class com.intellij.gradle.toolingExtension.impl.model.dependencyModel.DependencyWriteContext: loaded 2 times (x 72B)
Class kotlin.collections.MapsKt                                                       : loaded 2 times (x 71B)
Class kotlin.coroutines.intrinsics.CoroutineSingletons                                : loaded 2 times (x 79B)
Class kotlin.collections.CollectionsKt__IterablesKt                                   : loaded 2 times (x 71B)
Class org.gradle.tooling.model.ProjectModel                                           : loaded 2 times (x 70B)
Class com.google.common.collect.ImmutableMultimap$1                                   : loaded 2 times (x 82B)
Class com.android.ide.common.gradle.Version$Companion$ParseState$EMPTY                : loaded 2 times (x 74B)
Class org.jetbrains.plugins.gradle.model.GradleConfiguration                          : loaded 2 times (x 70B)
Class com.amazon.ion.impl.bin.utf8.Utf8StringEncoderPool                              : loaded 2 times (x 74B)
Class com.amazon.ion.impl._Private_IonSystem                                          : loaded 2 times (x 70B)
Class com.amazon.ion.BufferConfiguration$OversizedValueHandler                        : loaded 2 times (x 70B)
Class kotlin.ranges.OpenEndRange                                                      : loaded 2 times (x 70B)
Class kotlin.sequences.SequenceBuilderIterator                                        : loaded 2 times (x 85B)
Class kotlin.KotlinNullPointerException                                               : loaded 2 times (x 83B)
Class com.google.common.collect.ImmutableMultimap$2                                   : loaded 2 times (x 81B)
Class com.android.ide.common.repository.AgpVersion$Companion$WhenMappings             : loaded 2 times (x 71B)
Class com.amazon.ion.impl.bin.IonManagedBinaryWriter$UserState$2                      : loaded 2 times (x 85B)
Class org.gradle.internal.classloader.FilteringClassLoader                            : loaded 2 times (x 105B)
Class com.google.common.collect.RegularImmutableBiMap                                 : loaded 2 times (x 149B)
Class com.google.common.cache.LocalCache$ValueReference                               : loaded 2 times (x 70B)
Class com.google.gson.internal.bind.DefaultDateTypeAdapter$DateType$1                 : loaded 2 times (x 73B)
Class com.amazon.ion.IonDecimal                                                       : loaded 2 times (x 70B)
Class org.jetbrains.plugins.gradle.model.tests.ExternalTestsModel                     : loaded 2 times (x 70B)
Class kotlin.ranges.RangesKt___RangesKt                                               : loaded 2 times (x 71B)
Class org.gradle.tooling.model.idea.IdeaLanguageLevel                                 : loaded 2 times (x 70B)
Class org.gradle.tooling.internal.adapter.ProtocolToModelAdapter$SafeMethodInvoker    : loaded 2 times (x 76B)
Class org.gradle.tooling.internal.adapter.WeakIdentityHashMap$WeakKey                 : loaded 2 times (x 79B)
Class org.gradle.internal.exceptions.DefaultMultiCauseException                       : loaded 2 times (x 95B)
Class com.google.gson.internal.Streams                                                : loaded 2 times (x 71B)
Class com.google.common.hash.PrimitiveSink                                            : loaded 2 times (x 70B)
Class com.android.builder.model.v2.ide.ProjectInfo                                    : loaded 2 times (x 70B)
Class com.google.common.base.PatternCompiler                                          : loaded 2 times (x 70B)
Class com.google.common.util.concurrent.AbstractFuture$Failure                        : loaded 2 times (x 72B)
Class com.google.common.base.Equivalence$Equals                                       : loaded 2 times (x 82B)
Class com.google.gson.internal.LazilyParsedNumber                                     : loaded 2 times (x 78B)
Class com.google.common.collect.Hashing                                               : loaded 2 times (x 71B)
Class kotlin.NotImplementedError                                                      : loaded 2 times (x 82B)
Class com.amazon.ion.impl.bin.IonRawBinaryWriter$StreamCloseMode                      : loaded 2 times (x 79B)
Class com.amazon.ion.impl._Private_IonBinaryWriterBuilder$Mutable                     : loaded 2 times (x 115B)
Class com.intellij.gradle.toolingExtension.impl.model.projectModel.GradleExternalProjectSerializationService: loaded 2 times (x 77B)
Class kotlin.text.CharsKt__CharKt                                                     : loaded 2 times (x 71B)
Class kotlin.collections.ArrayDeque$Companion                                         : loaded 2 times (x 71B)
Class kotlin.collections.ArraysKt                                                     : loaded 2 times (x 71B)
Class org.gradle.tooling.model.HierarchicalElement                                    : loaded 2 times (x 70B)
Class com.android.builder.model.v2.dsl.DependenciesInfo                               : loaded 2 times (x 70B)
Class kotlin.sequences.FlatteningSequence                                             : loaded 2 times (x 75B)
Class org.objectweb.asm.Label                                                         : loaded 2 times (x 73B)
Class org.objectweb.asm.CurrentFrame                                                  : loaded 2 times (x 73B)
Class kotlin.text.MatcherMatchResult                                                  : loaded 2 times (x 80B)
Class org.objectweb.asm.ClassTooLargeException                                        : loaded 2 times (x 83B)
Class com.google.gson.stream.JsonReader                                               : loaded 2 times (x 97B)
Class kotlin.text.MatchGroupCollection                                                : loaded 2 times (x 70B)
Class com.amazon.ion.impl.bin.IonRawBinaryWriter$PatchPoint                           : loaded 2 times (x 73B)
Class com.amazon.ion.IonBlob                                                          : loaded 2 times (x 70B)
Class com.amazon.ion.IonLob                                                           : loaded 2 times (x 70B)
Class com.amazon.ion.IonSequence                                                      : loaded 2 times (x 70B)
Class org.jetbrains.plugins.gradle.tooling.serialization.ExternalTestsSerializationService: loaded 2 times (x 77B)
Class com.google.common.collect.ByFunctionOrdering                                    : loaded 2 times (x 115B)
Class kotlin.collections.SetsKt__SetsKt                                               : loaded 2 times (x 71B)
Class kotlin.coroutines.EmptyCoroutineContext                                         : loaded 2 times (x 77B)
Class org.gradle.internal.time.Time                                                   : loaded 2 times (x 71B)
Class com.google.gson.internal.reflect.ReflectionHelper$RecordSupportedHelper         : loaded 2 times (x 78B)
Class com.android.builder.model.v2.models.ProjectGraph                                : loaded 2 times (x 70B)
Class com.google.common.collect.Maps$IteratorBasedAbstractMap                         : loaded 2 times (x 125B)
Class kotlin.text.StringsKt__StringsKt                                                : loaded 2 times (x 71B)
Class org.objectweb.asm.Frame                                                         : loaded 2 times (x 73B)
Class com.android.ide.gradle.model.dependencies.DeclaredDependencies                  : loaded 2 times (x 70B)
Class org.jetbrains.plugins.gradle.tooling.serialization.internal.IdeaProjectSerializationService$ReadContext: loaded 2 times (x 72B)
Class org.objectweb.asm.MethodVisitor                                                 : loaded 2 times (x 105B)
Class com.android.ide.common.gradle.Version$Companion$ParseState$NUMERIC              : loaded 2 times (x 74B)
Class com.google.common.cache.LocalCache$EntryFactory$1                               : loaded 2 times (x 83B)
Class [Lcom.google.common.cache.RemovalListener;                                      : loaded 2 times (x 69B)
Class com.android.ide.common.repository.AgpVersion$PreviewKind                        : loaded 2 times (x 79B)
Class com.amazon.ion.system.IonTextWriterBuilder                                      : loaded 2 times (x 98B)
Class com.amazon.ion.impl.bin.IonManagedBinaryWriter$ImportedSymbolResolverMode$1$1$1 : loaded 2 times (x 76B)
Class com.amazon.ion.impl._Private_LocalSymbolTableFactory                            : loaded 2 times (x 70B)
Class org.jetbrains.plugins.gradle.tooling.serialization.AnnotationProcessingModelSerializationService: loaded 2 times (x 77B)
Class com.google.common.collect.RangeGwtSerializationDependencies                     : loaded 2 times (x 71B)
Class kotlin.collections.ArraysKt__ArraysJVMKt                                        : loaded 2 times (x 71B)
Class com.google.common.cache.LocalCache$EntryFactory$2                               : loaded 2 times (x 83B)
Class com.google.gson.internal.bind.JsonAdapterAnnotationTypeAdapterFactory           : loaded 2 times (x 75B)
Class com.amazon.ion.impl.lite.IonNullLite                                            : loaded 2 times (x 175B)
Class org.jetbrains.plugins.gradle.model.DependencyAccessorsModel                     : loaded 2 times (x 70B)
Class [Lcom.intellij.openapi.externalSystem.model.project.dependencies.ResolutionState;: loaded 2 times (x 69B)
Class gnu.trove.TObjectIntHashMap                                                     : loaded 2 times (x 109B)
Class kotlin.text.StringsKt__StringBuilderKt                                          : loaded 2 times (x 71B)
Class com.google.common.collect.RangeSet                                              : loaded 2 times (x 70B)
Class kotlin.jvm.internal.CallableReference$NoReceiver                                : loaded 2 times (x 71B)
Class org.gradle.api.internal.classpath.GlobalCacheRootsProvider                      : loaded 2 times (x 70B)
Class org.objectweb.asm.ModuleWriter                                                  : loaded 2 times (x 82B)
Class com.google.common.cache.LocalCache$EntryFactory$3                               : loaded 2 times (x 83B)
Class com.google.common.base.Ticker$1                                                 : loaded 2 times (x 72B)
Class com.google.gson.internal.bind.NumberTypeAdapter                                 : loaded 2 times (x 74B)
Class com.google.common.collect.Maps$BiMapConverter                                   : loaded 2 times (x 90B)
Class com.google.common.collect.ImmutableMapEntrySet$RegularEntrySet                  : loaded 2 times (x 152B)
Class com.amazon.ion.impl.lite.IonClobLite                                            : loaded 2 times (x 220B)
Class com.amazon.ion.impl._Private_ValueFactory                                       : loaded 2 times (x 70B)
Class com.amazon.ion.impl.bin.IonRawBinaryWriter$PreallocationMode$1                  : loaded 2 times (x 82B)
Class [Lcom.amazon.ion.impl.bin._Private_IonManagedBinaryWriterBuilder$AllocatorMode; : loaded 2 times (x 69B)
Class org.jetbrains.kotlin.idea.gradleTooling.KotlinMPPGradleModel                    : loaded 2 times (x 70B)
Class com.intellij.gradle.toolingExtension.impl.model.dependencyDownloadPolicyModel.GradleDependencyDownloadPolicy: loaded 2 times (x 70B)
Class org.gradle.tooling.model.BuildIdentifier                                        : loaded 2 times (x 70B)
Class kotlin.NoWhenBranchMatchedException                                             : loaded 2 times (x 82B)
Class com.android.builder.model.v2.ide.VectorDrawablesOptions                         : loaded 2 times (x 70B)
Class com.google.common.collect.ImmutableSet$Builder                                  : loaded 2 times (x 85B)
Class com.amazon.ion.impl.bin.IonManagedBinaryWriter$UserState$1                      : loaded 2 times (x 85B)
Class com.google.common.cache.LocalCache$EntryFactory$4                               : loaded 2 times (x 83B)
Class com.google.gson.ToNumberPolicy$1                                                : loaded 2 times (x 83B)
Class [Lcom.google.gson.FieldNamingStrategy;                                          : loaded 2 times (x 69B)
Class com.google.gson.internal.Excluder                                               : loaded 2 times (x 75B)
Class com.amazon.ion.IonInt                                                           : loaded 2 times (x 70B)
Class com.amazon.ion.impl.bin.IonRawBinaryWriter$PreallocationMode$2                  : loaded 2 times (x 82B)
Class org.jetbrains.kotlin.idea.gradleTooling.PrepareKotlinIdeImportTaskModel         : loaded 2 times (x 70B)
Class com.google.common.io.ByteStreams$1                                              : loaded 2 times (x 85B)
Class com.android.builder.model.v2.ide.Edge                                           : loaded 2 times (x 70B)
Class com.google.gson.internal.ReflectionAccessFilterHelper                           : loaded 2 times (x 71B)
Class com.google.gson.internal.reflect.ReflectionHelper$RecordHelper                  : loaded 2 times (x 75B)
Class com.android.builder.model.v2.models.VariantDependenciesFlatList                 : loaded 2 times (x 70B)
Class com.google.common.cache.LocalCache$EntryFactory$5                               : loaded 2 times (x 83B)
Class com.google.gson.ToNumberPolicy$2                                                : loaded 2 times (x 83B)
Class com.amazon.ion.impl.bin.IonRawBinaryWriter$PreallocationMode$3                  : loaded 2 times (x 82B)
Class com.android.ide.gradle.model.GradlePluginModel                                  : loaded 2 times (x 70B)
Class com.google.common.collect.ReverseOrdering                                       : loaded 2 times (x 115B)
Class org.gradle.tooling.model.build.JavaEnvironment                                  : loaded 2 times (x 70B)
Class com.google.common.collect.RegularImmutableMap$KeySet                            : loaded 2 times (x 152B)
Class com.android.builder.model.v2.ide.SourceSetContainer                             : loaded 2 times (x 70B)
Class com.google.gson.internal.bind.ReflectiveTypeAdapterFactory$FieldsData           : loaded 2 times (x 72B)
Class com.google.common.cache.LocalCache$EntryFactory$6                               : loaded 2 times (x 83B)
Class com.google.gson.ToNumberPolicy$3                                                : loaded 2 times (x 83B)
Class org.jetbrains.plugins.gradle.model.GradleExtension                              : loaded 2 times (x 70B)
Class com.amazon.ion.impl.lite.IonDecimalLite                                         : loaded 2 times (x 188B)
Class com.amazon.ion.IonBufferConfiguration$Builder                                   : loaded 2 times (x 78B)
Class org.gradle.internal.time.Timer                                                  : loaded 2 times (x 70B)
Class kotlin.jvm.internal.markers.KMappedMarker                                       : loaded 2 times (x 70B)
Class org.gradle.internal.installation.CurrentGradleInstallationLocator               : loaded 2 times (x 71B)
Class com.google.common.collect.ImmutableMultimap$Builder                             : loaded 2 times (x 86B)
Class com.android.builder.model.v2.ide.LintOptions                                    : loaded 2 times (x 70B)
Class com.google.common.collect.Maps$KeySet                                           : loaded 2 times (x 137B)
Class com.google.common.collect.ImmutableSet$EmptySetBuilderImpl                      : loaded 2 times (x 76B)
Class com.google.common.cache.LocalCache$EntryFactory$7                               : loaded 2 times (x 83B)
Class com.google.gson.ToNumberPolicy$4                                                : loaded 2 times (x 83B)
Class com.google.gson.internal.bind.ObjectTypeAdapter$1                               : loaded 2 times (x 76B)
Class [Lcom.amazon.ion.impl.bin.IonRawBinaryWriter$ContainerType;                     : loaded 2 times (x 69B)
Class org.gradle.tooling.internal.adapter.ProtocolToModelAdapter$ViewGraphDetails     : loaded 2 times (x 72B)
Class org.gradle.tooling.model.idea.IdeaProject                                       : loaded 2 times (x 70B)
Class org.gradle.tooling.model.DomainObjectSet                                        : loaded 2 times (x 70B)
Class org.gradle.internal.service.DefaultServiceLocator                               : loaded 2 times (x 83B)
Class com.google.common.collect.ImmutableMultimap$EntryCollection                     : loaded 2 times (x 128B)
Class com.android.builder.model.v2.ide.BasicArtifact                                  : loaded 2 times (x 70B)
Class com.google.common.cache.LocalCache$EntryFactory$8                               : loaded 2 times (x 83B)
Class com.google.gson.internal.sql.SqlTypesSupport                                    : loaded 2 times (x 71B)
Class com.google.gson.Gson                                                            : loaded 2 times (x 72B)
Class com.google.common.base.Equivalence$Identity                                     : loaded 2 times (x 82B)
Class com.amazon.ion.impl.bin.utf8.Utf8StringEncoder$Result                           : loaded 2 times (x 74B)
Class com.amazon.ion.impl.bin.utf8.Pool$Allocator                                     : loaded 2 times (x 70B)
Class com.amazon.ion.IonText                                                          : loaded 2 times (x 70B)
Class com.amazon.ion.impl.SymbolTokenImpl                                             : loaded 2 times (x 81B)
Class com.amazon.ion.SubstituteSymbolTableException                                   : loaded 2 times (x 84B)
Class kotlin.coroutines.jvm.internal.SuspendFunction                                  : loaded 2 times (x 70B)
Class org.gradle.util.GradleVersion                                                   : loaded 2 times (x 81B)
Class org.gradle.internal.installation.CurrentGradleInstallation                      : loaded 2 times (x 73B)
Class com.google.common.cache.CacheLoader$1                                           : loaded 2 times (x 75B)
Class com.google.common.base.PairwiseEquivalence                                      : loaded 2 times (x 83B)
Class com.google.gson.Gson$1                                                          : loaded 2 times (x 76B)
Class com.google.gson.Gson$FutureTypeAdapter                                          : loaded 2 times (x 76B)
Class com.amazon.ion.impl.bin.IonManagedBinaryWriter$ImportDescriptor                 : loaded 2 times (x 76B)
Class com.amazon.ion.SymbolTable                                                      : loaded 2 times (x 70B)
Class org.jetbrains.plugins.gradle.javaModel.JavaGradleManifestModel                  : loaded 2 times (x 70B)
Class org.jetbrains.plugins.gradle.tooling.serialization.GradleExtensionsSerializationService$WriteContext: loaded 2 times (x 72B)
Class com.intellij.gradle.toolingExtension.impl.model.taskModel.GradleTaskSerialisationService$Companion: loaded 2 times (x 71B)
Class kotlin.jvm.internal.Ref$BooleanRef                                              : loaded 2 times (x 71B)
Class kotlin.jvm.internal.StringCompanionObject                                       : loaded 2 times (x 71B)
Class kotlin.coroutines.intrinsics.IntrinsicsKt__IntrinsicsJvmKt                      : loaded 2 times (x 71B)
Class kotlin.coroutines.jvm.internal.CoroutineStackFrame                              : loaded 2 times (x 70B)
Class org.gradle.tooling.internal.adapter.ProtocolToModelAdapter$MethodInvocationCache$MethodInvocationKey: loaded 2 times (x 73B)
Class org.gradle.util.internal.GUtil                                                  : loaded 2 times (x 71B)
Class com.android.utils.StringHelper                                                  : loaded 2 times (x 71B)
Class com.google.common.cache.AbstractCache$StatsCounter                              : loaded 2 times (x 70B)
Class com.google.gson.Gson$2                                                          : loaded 2 times (x 76B)
Class [Lcom.amazon.ion.impl.bin.IonManagedBinaryWriter$SymbolState;                   : loaded 2 times (x 69B)
Class com.amazon.ion.impl._Private_IonWriterBase                                      : loaded 2 times (x 162B)
Class com.amazon.ion.system.IonSystemBuilder                                          : loaded 2 times (x 75B)
Class com.amazon.ion.IonCatalog                                                       : loaded 2 times (x 70B)
Class com.intellij.gradle.toolingExtension.impl.model.utilTurnOffDefaultTasksModel.TurnOffDefaultTasks: loaded 2 times (x 70B)
Class com.intellij.gradle.toolingExtension.impl.model.sourceSetModel.GradleSourceSetSerialisationService$SourceSetModelReadContext: loaded 2 times (x 72B)
Class kotlin.io.NoSuchFileException                                                   : loaded 2 times (x 82B)
Class kotlin.collections.CollectionsKt                                                : loaded 2 times (x 71B)
Class com.android.builder.model.v2.dsl.BuildType                                      : loaded 2 times (x 70B)
Class com.google.gson.internal.bind.ReflectiveTypeAdapterFactory$BoundField           : loaded 2 times (x 75B)
Class com.google.gson.Gson$3                                                          : loaded 2 times (x 75B)
Class com.android.builder.model.v2.ide.LibraryInfo                                    : loaded 2 times (x 70B)
Class com.android.builder.model.v2.ide.ViewBindingOptions                             : loaded 2 times (x 70B)
Class com.intellij.gradle.toolingExtension.impl.model.sourceSetModel.GradleSourceSetSerialisationService$SourceSetModelWriteContext: loaded 2 times (x 72B)
Class kotlin.ranges.IntProgressionIterator                                            : loaded 2 times (x 82B)
Class kotlin.coroutines.CoroutineContext                                              : loaded 2 times (x 70B)
Class kotlin.coroutines.jvm.internal.DebugProbesKt                                    : loaded 2 times (x 71B)
Class org.gradle.tooling.internal.adapter.WeakIdentityHashMap                         : loaded 2 times (x 76B)
Class org.gradle.tooling.GradleConnectionException                                    : loaded 2 times (x 83B)
Class org.gradle.tooling.internal.adapter.ProtocolToModelAdapter$1                    : loaded 2 times (x 75B)
Class org.gradle.tooling.internal.adapter.ProtocolToModelAdapter$ViewDecoration       : loaded 2 times (x 70B)
Class org.gradle.internal.installation.GradleInstallation                             : loaded 2 times (x 75B)
Class com.google.common.collect.Iterables                                             : loaded 2 times (x 71B)
Class com.google.gson.internal.bind.DefaultDateTypeAdapter$1                          : loaded 2 times (x 75B)
Class com.google.gson.Gson$4                                                          : loaded 2 times (x 76B)
Class com.google.gson.internal.ConstructorConstructor                                 : loaded 2 times (x 72B)
Class com.amazon.ion.impl._Private_RecyclingQueue$Recycler                            : loaded 2 times (x 70B)
Class com.amazon.ion.impl.lite.ContainerlessContext                                   : loaded 2 times (x 80B)
Class org.jetbrains.plugins.gradle.tooling.serialization.GradleExtensionsSerializationService$ReadContext: loaded 2 times (x 72B)
Class com.google.common.collect.ForwardingCollection                                  : loaded 2 times (x 130B)
Class com.google.common.collect.LexicographicalOrdering                               : loaded 2 times (x 115B)
Class org.gradle.tooling.internal.adapter.MethodInvoker                               : loaded 2 times (x 70B)
Class com.google.gson.ReflectionAccessFilter$FilterResult                             : loaded 2 times (x 79B)
Class com.google.common.collect.Lists$RandomAccessReverseList                         : loaded 2 times (x 200B)
Class com.android.ide.common.gradle.Part                                              : loaded 2 times (x 77B)
Class com.google.gson.Gson$5                                                          : loaded 2 times (x 76B)
Class gnu.trove.PrimeFinder                                                           : loaded 2 times (x 71B)
Class com.amazon.ion.UnexpectedEofException                                           : loaded 2 times (x 84B)
Class com.amazon.ion.IonSexp                                                          : loaded 2 times (x 70B)
Class com.amazon.ion.ReadOnlyValueException                                           : loaded 2 times (x 84B)
Class com.amazon.ion.impl._Private_LocalSymbolTable                                   : loaded 2 times (x 70B)
Class com.amazon.ion.BufferConfiguration$DataHandler                                  : loaded 2 times (x 70B)
Class com.amazon.ion.impl._Private_IonBinaryWriterBuilder                             : loaded 2 times (x 115B)
Class org.jetbrains.plugins.gradle.tooling.serialization.RepositoriesModelSerializationService$WriteContext: loaded 2 times (x 72B)
Class com.android.ide.gradle.model.LegacyAndroidGradlePluginProperties                : loaded 2 times (x 70B)
Class kotlin.ranges.IntProgression                                                    : loaded 2 times (x 81B)
Class kotlin.jvm.KotlinReflectionNotSupportedError                                    : loaded 2 times (x 82B)
Class org.gradle.tooling.model.gradle.GradleScript                                    : loaded 2 times (x 70B)

---------------  S Y S T E M  ---------------

OS:
 Windows 11 , 64 bit Build 26100 (10.0.26100.8328)
OS uptime: 4 days 13:11 hours
Hyper-V role detected

CPU: total 24 (initial active 24) (24 cores per cpu, 1 threads per core) family 6 model 198 stepping 2 microcode 0x11b, cx8, cmov, fxsr, mmx, 3dnowpref, sse, sse2, sse3, ssse3, sse4.1, sse4.2, popcnt, lzcnt, tsc, tscinvbit, avx, avx2, aes, erms, clmul, bmi1, bmi2, adx, sha, fma, vzeroupper, clflush, clflushopt, clwb, hv, serialize, rdtscp, rdpid, fsrm, f16c, cet_ibt, cet_ss
Processor Information for processor 0
  Max Mhz: 2700, Current Mhz: 2700, Mhz Limit: 2700
Processor Information for processor 1
  Max Mhz: 2700, Current Mhz: 2700, Mhz Limit: 2700
Processor Information for processor 2
  Max Mhz: 2100, Current Mhz: 2100, Mhz Limit: 2100
Processor Information for processor 3
  Max Mhz: 2100, Current Mhz: 2100, Mhz Limit: 2100
Processor Information for processor 4
  Max Mhz: 2100, Current Mhz: 2100, Mhz Limit: 2100
Processor Information for processor 5
  Max Mhz: 2100, Current Mhz: 2100, Mhz Limit: 2100
Processor Information for processor 6
  Max Mhz: 2100, Current Mhz: 2100, Mhz Limit: 2100
Processor Information for processor 7
  Max Mhz: 2100, Current Mhz: 2100, Mhz Limit: 2100
Processor Information for processor 8
  Max Mhz: 2100, Current Mhz: 2100, Mhz Limit: 2100
Processor Information for processor 9
  Max Mhz: 2100, Current Mhz: 2100, Mhz Limit: 2100
Processor Information for processor 10
  Max Mhz: 2700, Current Mhz: 2700, Mhz Limit: 2700
Processor Information for processor 11
  Max Mhz: 2700, Current Mhz: 2700, Mhz Limit: 2700
Processor Information for processor 12
  Max Mhz: 2700, Current Mhz: 2700, Mhz Limit: 2700
Processor Information for processor 13
  Max Mhz: 2700, Current Mhz: 2700, Mhz Limit: 2700
Processor Information for processor 14
  Max Mhz: 2100, Current Mhz: 2100, Mhz Limit: 2100
Processor Information for processor 15
  Max Mhz: 2100, Current Mhz: 2100, Mhz Limit: 2100
Processor Information for processor 16
  Max Mhz: 2100, Current Mhz: 2100, Mhz Limit: 2100
Processor Information for processor 17
  Max Mhz: 2100, Current Mhz: 2100, Mhz Limit: 2100
Processor Information for processor 18
  Max Mhz: 2100, Current Mhz: 2100, Mhz Limit: 2100
Processor Information for processor 19
  Max Mhz: 2100, Current Mhz: 2100, Mhz Limit: 2100
Processor Information for processor 20
  Max Mhz: 2100, Current Mhz: 2100, Mhz Limit: 2100
Processor Information for processor 21
  Max Mhz: 2100, Current Mhz: 2100, Mhz Limit: 2100
Processor Information for processor 22
  Max Mhz: 2700, Current Mhz: 2700, Mhz Limit: 2700
Processor Information for processor 23
  Max Mhz: 2700, Current Mhz: 2700, Mhz Limit: 2700

Memory: 4k page, system-wide physical 15732M (1288M free)
TotalPageFile size 64884M (AvailPageFile size 776M)
current process WorkingSet (physical memory assigned to process): 1055M, peak: 1055M
current process commit charge ("private bytes"): 1187M, peak: 1187M

vm_info: OpenJDK 64-Bit Server VM (21.0.10+-14961533-b1163.108) for windows-amd64 JRE (21.0.10+-14961533-b1163.108), built on 2026-03-02T19:58:50Z by "builder" with MS VC++ 16.10 / 16.11 (VS2019)

END.
