#
# There is insufficient memory for the Java Runtime Environment to continue.
# Native memory allocation (mmap) failed to map 442499072 bytes. Error detail: G1 virtual space
# Possible reasons:
#   The system is out of physical RAM or swap space
#   This process is running with CompressedOops enabled, and the Java Heap may be blocking the growth of the native heap
# Possible solutions:
#   Reduce memory load on the system
#   Increase physical memory or swap space
#   Check if swap backing store is full
#   Decrease Java heap size (-Xmx/-Xms)
#   Decrease number of Java threads
#   Decrease Java thread stack sizes (-Xss)
#   Set larger code cache with -XX:ReservedCodeCacheSize=
#   JVM is running with Unscaled Compressed Oops mode in which the Java heap is
#     placed in the first 4GB address space. The Java Heap base address is the
#     maximum limit for the native heap growth. Please use -XX:HeapBaseMinAddress
#     to set the Java Heap base and to place the Java Heap above 4GB virtual address.
# This output file may be truncated or incomplete.
#
#  Out of Memory Error (os_windows.cpp:3926), pid=80884, tid=41388
#
# JRE version: OpenJDK Runtime Environment (21.0.10) (build 21.0.10+-14961533-b1163.108)
# Java VM: OpenJDK 64-Bit Server VM (21.0.10+-14961533-b1163.108, mixed mode, tiered, compressed oops, compressed class ptrs, g1 gc, windows-amd64)
# No core dump will be written. Minidumps are not enabled by default on client versions of Windows
#

---------------  S U M M A R Y ------------

Command Line: --add-opens=java.base/java.lang=ALL-UNNAMED --add-opens=java.base/java.lang.invoke=ALL-UNNAMED --add-opens=java.base/java.util=ALL-UNNAMED --add-opens=java.prefs/java.util.prefs=ALL-UNNAMED --add-exports=jdk.compiler/com.sun.tools.javac.api=ALL-UNNAMED --add-exports=jdk.compiler/com.sun.tools.javac.util=ALL-UNNAMED --add-opens=java.base/java.util=ALL-UNNAMED --add-opens=java.prefs/java.util.prefs=ALL-UNNAMED --add-opens=java.base/java.nio.charset=ALL-UNNAMED --add-opens=java.base/java.net=ALL-UNNAMED --add-opens=java.base/java.util.concurrent=ALL-UNNAMED --add-opens=java.base/java.util.concurrent.atomic=ALL-UNNAMED --add-opens=java.xml/javax.xml.namespace=ALL-UNNAMED --add-opens=java.base/java.time=ALL-UNNAMED -Xmx2048m -Dfile.encoding=UTF-8 -Duser.country=CN -Duser.language=zh -Duser.variant -javaagent:C:\Users\33947\.gradle\wrapper\dists\gradle-9.3.1-bin\e6fpmcitnr2cbhj7h6pdk7btv\gradle-9.3.1\lib\agents\gradle-instrumentation-agent-9.3.1.jar org.gradle.launcher.daemon.bootstrap.GradleDaemon 9.3.1

Host: Intel(R) Core(TM) Ultra 9 275HX, 24 cores, 15G,  Windows 11 , 64 bit Build 26100 (10.0.26100.8328)
Time: Wed May 27 22:14:37 2026 elapsed time: 13.004164 seconds (0d 0h 0m 13s)

---------------  T H R E A D  ---------------

Current thread (0x000001b979669470):  VMThread "VM Thread"          [id=41388, stack(0x00000008d3a00000,0x00000008d3b00000) (1024K)]

Stack: [0x00000008d3a00000,0x00000008d3b00000]
Native frames: (J=compiled Java code, j=interpreted, Vv=VM code, C=native code)
V  [jvm.dll+0x6d78a9]
V  [jvm.dll+0x8665b3]
V  [jvm.dll+0x868bde]
V  [jvm.dll+0x8692c3]
V  [jvm.dll+0x280ee6]
V  [jvm.dll+0x6d4165]
V  [jvm.dll+0x6c77fa]
V  [jvm.dll+0x358f4b]
V  [jvm.dll+0x360bc6]
V  [jvm.dll+0x3b2ea6]
V  [jvm.dll+0x3b3178]
V  [jvm.dll+0x32b65c]
V  [jvm.dll+0x32b6e7]
V  [jvm.dll+0x3715cc]
V  [jvm.dll+0x36fd7e]
V  [jvm.dll+0x32adb1]
V  [jvm.dll+0x36f480]
V  [jvm.dll+0x86f048]
V  [jvm.dll+0x870394]
V  [jvm.dll+0x8708d0]
V  [jvm.dll+0x870b63]
V  [jvm.dll+0x80fd28]
V  [jvm.dll+0x6d60fd]
C  [ucrtbase.dll+0x37b0]
C  [KERNEL32.DLL+0x2e957]
C  [ntdll.dll+0x427c]

VM_Operation (0x00000008e48fcba0): G1CollectForAllocation, mode: safepoint, requested by thread 0x000001b90f2931a0


---------------  P R O C E S S  ---------------

Threads class SMR info:
_java_thread_list=0x000001b914a3ca30, length=321, elements={
0x000001b96f7cefe0, 0x000001b9796e01c0, 0x000001b9796eac20, 0x000001b9796eb900,
0x000001b9796ecbd0, 0x000001b97971db10, 0x000001b97971e570, 0x000001b97971efd0,
0x000001b979721d70, 0x000001b979725d10, 0x000001b979872980, 0x000001b97984ebb0,
0x000001b9795e0090, 0x000001b97e123590, 0x000001b97e1a1f40, 0x000001b97e4ff360,
0x000001b90f8e1ef0, 0x000001b97f2b75d0, 0x000001b97f38f7e0, 0x000001b90f8c1ef0,
0x000001b90fe3f030, 0x000001b90f8bfd60, 0x000001b90fabe690, 0x000001b90fabe000,
0x000001b90fabed20, 0x000001b90fabd970, 0x000001b90fabc5c0, 0x000001b90fabbf30,
0x000001b90fabd2e0, 0x000001b911cecae0, 0x000001b911ceb0a0, 0x000001b911ceb730,
0x000001b911cebdc0, 0x000001b911cee520, 0x000001b911cef240, 0x000001b911ced800,
0x000001b911ceff60, 0x000001b9110ff490, 0x000001b9110fe0e0, 0x000001b911101bf0,
0x000001b9110ffb20, 0x000001b911100840, 0x000001b9110fee00, 0x000001b911102fa0,
0x000001b9111001b0, 0x000001b911103cc0, 0x000001b911102280, 0x000001b911102910,
0x000001b911103630, 0x000001b911104350, 0x000001b911100ed0, 0x000001b9111049e0,
0x000001b911101560, 0x000001b911105070, 0x000001b911105700, 0x000001b9147d94a0,
0x000001b9147d8780, 0x000001b9147d80f0, 0x000001b9147d6d40, 0x000001b9147d9b30,
0x000001b9147d73d0, 0x000001b9147d8e10, 0x000001b9147d7a60, 0x000001b9147da1c0,
0x000001b913e19780, 0x000001b913e1b850, 0x000001b913e1ab30, 0x000001b913e1a4a0,
0x000001b913e1bee0, 0x000001b913e19e10, 0x000001b913e1b1c0, 0x000001b913e18a60,
0x000001b913e190f0, 0x000001b914990730, 0x000001b91498fa10, 0x000001b91498e660,
0x000001b91498d940, 0x000001b914991450, 0x000001b914991ae0, 0x000001b914993520,
0x000001b914992e90, 0x000001b913c9b9b0, 0x000001b913c9b320, 0x000001b913c9c040,
0x000001b913c9f4c0, 0x000001b913c9d3f0, 0x000001b913c9fb50, 0x000001b913c9c6d0,
0x000001b913ca01e0, 0x000001b913c9cd60, 0x000001b913c9da80, 0x000001b913ca1590,
0x000001b913c9ee30, 0x000001b913c9e110, 0x000001b913ca0870, 0x000001b913c9e7a0,
0x000001b913ca1c20, 0x000001b913ca0f00, 0x000001b913ca22b0, 0x000001b913ca2940,
0x000001b913f2c060, 0x000001b913f2daa0, 0x000001b913f2e130, 0x000001b913f2e7c0,
0x000001b913f2ee50, 0x000001b913f2c6f0, 0x000001b913f2cd80, 0x000001b913f2f4e0,
0x000001b913f2d410, 0x000001b91461c500, 0x000001b91461ec60, 0x000001b91461f2f0,
0x000001b91461cb90, 0x000001b91461e5d0, 0x000001b91461d8b0, 0x000001b91461d220,
0x000001b91461df40, 0x000001b91461be70, 0x000001b9146220e0, 0x000001b914622770,
0x000001b914620d30, 0x000001b9146206a0, 0x000001b914621a50, 0x000001b91461f980,
0x000001b9146213c0, 0x000001b914620010, 0x000001b914622e00, 0x000001b914623490,
0x000001b9145dfe20, 0x000001b9145e32a0, 0x000001b9145e1860, 0x000001b9145e1ef0,
0x000001b9145e2580, 0x000001b9145e2c10, 0x000001b9145e3930, 0x000001b9145e04b0,
0x000001b9145e0b40, 0x000001b9145e3fc0, 0x000001b9145e4650, 0x000001b9145e11d0,
0x000001b9145e6090, 0x000001b9145e6db0, 0x000001b9145e5a00, 0x000001b9145e6720,
0x000001b9145e4ce0, 0x000001b9145e7440, 0x000001b9145e5370, 0x000001b913aa9f70,
0x000001b913aa8530, 0x000001b913aab320, 0x000001b912d353b0, 0x000001b912d36150,
0x000001b90f295900, 0x000001b90f295f90, 0x000001b90f294550, 0x000001b90f295270,
0x000001b90f297340, 0x000001b90f293ec0, 0x000001b90f2979d0, 0x000001b911cede90,
0x000001b9149948d0, 0x000001b912a78f60, 0x000001b912a79c80, 0x000001b912a795f0,
0x000001b912a7b6c0, 0x000001b912a7a9a0, 0x000001b912a7bd50, 0x000001b912a7a310,
0x000001b912a7b030, 0x000001b912a788d0, 0x000001b912a7c3e0, 0x000001b912a7f1d0,
0x000001b912a7e4b0, 0x000001b912a7ca70, 0x000001b912a7d790, 0x000001b912a7de20,
0x000001b912a7eb40, 0x000001b912a7d100, 0x000001b912a7f860, 0x000001b912a812a0,
0x000001b912a7fef0, 0x000001b912a81930, 0x000001b912a82650, 0x000001b912a83a00,
0x000001b912a80580, 0x000001b912a84090, 0x000001b912a80c10, 0x000001b912a84720,
0x000001b912a84db0, 0x000001b912a85440, 0x000001b912a81fc0, 0x000001b912a82ce0,
0x000001b912a87ba0, 0x000001b912a87510, 0x000001b912a85ad0, 0x000001b912a86e80,
0x000001b912a86160, 0x000001b912a867f0, 0x000001b91626a970, 0x000001b91626b690,
0x000001b91626c3b0, 0x000001b91626ca40, 0x000001b91626bd20, 0x000001b91626b000,
0x000001b91626d760, 0x000001b91626e480, 0x000001b91626d0d0, 0x000001b916270be0,
0x000001b91626a2e0, 0x000001b91626eb10, 0x000001b91626f1a0, 0x000001b916271270,
0x000001b91626f830, 0x000001b916270550, 0x000001b91626ddf0, 0x000001b916272620,
0x000001b916273340, 0x000001b916272cb0, 0x000001b916271900, 0x000001b916271f90,
0x000001b91626fec0, 0x000001b916275aa0, 0x000001b9162746f0, 0x000001b916274d80,
0x000001b916275410, 0x000001b916276e50, 0x000001b9162767c0, 0x000001b916274060,
0x000001b9162739d0, 0x000001b9162774e0, 0x000001b916277b70, 0x000001b916278200,
0x000001b916278890, 0x000001b916278f20, 0x000001b9162795b0, 0x000001b90f288700,
0x000001b90f28c210, 0x000001b90f290a40, 0x000001b90f28e970, 0x000001b90f28fd20,
0x000001b90f2903b0, 0x000001b90f2910d0, 0x000001b90f28dc50, 0x000001b90f291df0,
0x000001b90f291760, 0x000001b90f294be0, 0x000001b90f292480, 0x000001b90f2931a0,
0x000001b90f292b10, 0x000001b90f296620, 0x000001b90f293830, 0x000001b915f7d910,
0x000001b915f7d280, 0x000001b915f7cbf0, 0x000001b915f7dfa0, 0x000001b915f7c560,
0x000001b915f81ab0, 0x000001b915f80d90, 0x000001b915f7f350, 0x000001b915f883b0,
0x000001b915f87690, 0x000001b915f85c50, 0x000001b915f88a40, 0x000001b915f89760,
0x000001b915f87d20, 0x000001b915f890d0, 0x000001b915f87000, 0x000001b915f862e0,
0x000001b915f86970, 0x000001b915f8b830, 0x000001b915f89df0, 0x000001b915f8a480,
0x000001b915f8ab10, 0x000001b915f8b1a0, 0x000001b90f28d5c0, 0x000001b9162c89e0,
0x000001b9162c9700, 0x000001b9162c8350, 0x000001b9162c9d90, 0x000001b9162c9070,
0x000001b9162cb140, 0x000001b9162ca420, 0x000001b9162c7cc0, 0x000001b9162cbe60,
0x000001b9162cd8a0, 0x000001b9162cc4f0, 0x000001b9162cb7d0, 0x000001b9162cf2e0,
0x000001b9162cdf30, 0x000001b9162ccb80, 0x000001b9162ce5c0, 0x000001b9162cd210,
0x000001b9162cf970, 0x000001b9162d20d0, 0x000001b9162cec50, 0x000001b9162d2760,
0x000001b9162d0690, 0x000001b9162d0000, 0x000001b9162d1a40, 0x000001b9162d13b0,
0x000001b9162d2df0, 0x000001b9162d0d20, 0x000001b9162d4830, 0x000001b9162d4ec0,
0x000001b9162d3480, 0x000001b9162d5550, 0x000001b9162d5be0, 0x000001b9162d6270,
0x000001b9162d6f90, 0x000001b9162d6900, 0x000001b9162d41a0, 0x000001b9162d3b10,
0x000001b9162d7620, 0x000001b9162d9060, 0x000001b9162d89d0, 0x000001b9162db130,
0x000001b9162da410, 0x000001b9162e0680, 0x000001b9162e0d10, 0x000001b9162dd200,
0x000001b9162e4190
}

Java Threads: ( => current thread )
  0x000001b96f7cefe0 JavaThread "main"                              [_thread_blocked, id=82448, stack(0x00000008d3300000,0x00000008d3400000) (1024K)]
  0x000001b9796e01c0 JavaThread "Common-Cleaner"             daemon [_thread_blocked, id=25348, stack(0x00000008d3b00000,0x00000008d3c00000) (1024K)]
  0x000001b9796eac20 JavaThread "Reference Handler"          daemon [_thread_blocked, id=64020, stack(0x00000008d3c00000,0x00000008d3d00000) (1024K)]
  0x000001b9796eb900 JavaThread "Finalizer"                  daemon [_thread_blocked, id=85152, stack(0x00000008d3d00000,0x00000008d3e00000) (1024K)]
  0x000001b9796ecbd0 JavaThread "Signal Dispatcher"          daemon [_thread_blocked, id=76660, stack(0x00000008d3e00000,0x00000008d3f00000) (1024K)]
  0x000001b97971db10 JavaThread "Attach Listener"            daemon [_thread_blocked, id=70140, stack(0x00000008d3f00000,0x00000008d4000000) (1024K)]
  0x000001b97971e570 JavaThread "Service Thread"             daemon [_thread_blocked, id=66612, stack(0x00000008d4000000,0x00000008d4100000) (1024K)]
  0x000001b97971efd0 JavaThread "Monitor Deflation Thread"   daemon [_thread_blocked, id=47492, stack(0x00000008d4100000,0x00000008d4200000) (1024K)]
  0x000001b979721d70 JavaThread "C2 CompilerThread0"         daemon [_thread_blocked, id=87268, stack(0x00000008d4200000,0x00000008d4300000) (1024K)]
  0x000001b979725d10 JavaThread "C1 CompilerThread0"         daemon [_thread_blocked, id=38436, stack(0x00000008d4300000,0x00000008d4400000) (1024K)]
  0x000001b979872980 JavaThread "C1 CompilerThread1"         daemon [_thread_blocked, id=88776, stack(0x00000008d4400000,0x00000008d4500000) (1024K)]
  0x000001b97984ebb0 JavaThread "C1 CompilerThread2"         daemon [_thread_blocked, id=61172, stack(0x00000008d4500000,0x00000008d4600000) (1024K)]
  0x000001b9795e0090 JavaThread "C1 CompilerThread3"         daemon [_thread_blocked, id=80536, stack(0x00000008d4600000,0x00000008d4700000) (1024K)]
  0x000001b97e123590 JavaThread "Notification Thread"        daemon [_thread_blocked, id=26648, stack(0x00000008d4700000,0x00000008d4800000) (1024K)]
  0x000001b97e1a1f40 JavaThread "C2 CompilerThread1"         daemon [_thread_blocked, id=66336, stack(0x00000008d4800000,0x00000008d4900000) (1024K)]
  0x000001b97e4ff360 JavaThread "C2 CompilerThread2"         daemon [_thread_blocked, id=51944, stack(0x00000008d4900000,0x00000008d4a00000) (1024K)]
  0x000001b90f8e1ef0 JavaThread "Daemon health stats"               [_thread_blocked, id=51244, stack(0x00000008d4f00000,0x00000008d5000000) (1024K)]
  0x000001b97f2b75d0 JavaThread "Incoming local TCP Connector on port 54296"        [_thread_in_native, id=80668, stack(0x00000008d5000000,0x00000008d5100000) (1024K)]
  0x000001b97f38f7e0 JavaThread "Daemon periodic checks"            [_thread_blocked, id=10192, stack(0x00000008d5900000,0x00000008d5a00000) (1024K)]
  0x000001b90f8c1ef0 JavaThread "Daemon"                            [_thread_blocked, id=8688, stack(0x00000008d5a00000,0x00000008d5b00000) (1024K)]
  0x000001b90fe3f030 JavaThread "Handler for socket connection from /127.0.0.1:54296 to /127.0.0.1:54297"        [_thread_in_native, id=60680, stack(0x00000008d5b00000,0x00000008d5c00000) (1024K)]
  0x000001b90f8bfd60 JavaThread "Cancel handler"                    [_thread_blocked, id=41260, stack(0x00000008d6100000,0x00000008d6200000) (1024K)]
  0x000001b90fabe690 JavaThread "Daemon worker"                     [_thread_blocked, id=92592, stack(0x00000008d6200000,0x00000008d6300000) (1024K)]
  0x000001b90fabe000 JavaThread "Asynchronous log dispatcher for DefaultDaemonConnection: socket connection from /127.0.0.1:54296 to /127.0.0.1:54297"        [_thread_blocked, id=47532, stack(0x00000008d6300000,0x00000008d6400000) (1024K)]
  0x000001b90fabed20 JavaThread "Stdin handler"                     [_thread_blocked, id=51188, stack(0x00000008d6400000,0x00000008d6500000) (1024K)]
  0x000001b90fabd970 JavaThread "Daemon client event forwarder"        [_thread_blocked, id=71140, stack(0x00000008d6500000,0x00000008d6600000) (1024K)]
  0x000001b90fabc5c0 JavaThread "Cache worker for journal cache (C:\Users\33947\.gradle\caches\journal-1)"        [_thread_blocked, id=11840, stack(0x00000008d6600000,0x00000008d6700000) (1024K)]
  0x000001b90fabbf30 JavaThread "File lock request listener"        [_thread_in_native, id=74076, stack(0x00000008d6700000,0x00000008d6800000) (1024K)]
  0x000001b90fabd2e0 JavaThread "Cache worker for file hash cache (C:\Users\33947\.gradle\caches\9.3.1\fileHashes)"        [_thread_blocked, id=65944, stack(0x00000008d6800000,0x00000008d6900000) (1024K)]
  0x000001b911cecae0 JavaThread "Cache worker for file hash cache (C:\Users\33947\Desktop\Android项目\click\.gradle\9.3.1\fileHashes)"        [_thread_blocked, id=77888, stack(0x00000008d6d00000,0x00000008d6e00000) (1024K)]
  0x000001b911ceb0a0 JavaThread "Cache worker for Build Output Cleanup Cache (C:\Users\33947\Desktop\Android项目\click\.gradle\buildOutputCleanup)"        [_thread_blocked, id=4416, stack(0x00000008d6e00000,0x00000008d6f00000) (1024K)]
  0x000001b911ceb730 JavaThread "File watcher server"        daemon [_thread_blocked, id=87340, stack(0x00000008d6f00000,0x00000008d7000000) (1024K)]
  0x000001b911cebdc0 JavaThread "File watcher consumer"      daemon [_thread_blocked, id=87888, stack(0x00000008d7000000,0x00000008d7100000) (1024K)]
  0x000001b911cee520 JavaThread "Cache worker for checksums cache (C:\Users\33947\Desktop\Android项目\click\.gradle\9.3.1\checksums)"        [_thread_blocked, id=49952, stack(0x00000008d7100000,0x00000008d7200000) (1024K)]
  0x000001b911cef240 JavaThread "Cache worker for file content cache (C:\Users\33947\.gradle\caches\9.3.1\fileContent)"        [_thread_blocked, id=30636, stack(0x00000008d7200000,0x00000008d7300000) (1024K)]
  0x000001b911ced800 JavaThread "Cache worker for cache directory md-supplier (C:\Users\33947\.gradle\caches\9.3.1\md-supplier)"        [_thread_blocked, id=19356, stack(0x00000008d7300000,0x00000008d7400000) (1024K)]
  0x000001b911ceff60 JavaThread "Cache worker for cache directory md-rule (C:\Users\33947\.gradle\caches\9.3.1\md-rule)"        [_thread_blocked, id=50760, stack(0x00000008d7400000,0x00000008d7500000) (1024K)]
  0x000001b9110ff490 JavaThread "jar transforms"                    [_thread_blocked, id=11488, stack(0x00000008d7500000,0x00000008d7600000) (1024K)]
  0x000001b9110fe0e0 JavaThread "jar transforms Thread 2"           [_thread_blocked, id=33300, stack(0x00000008d7600000,0x00000008d7700000) (1024K)]
  0x000001b911101bf0 JavaThread "jar transforms Thread 3"           [_thread_blocked, id=74416, stack(0x00000008d7900000,0x00000008d7a00000) (1024K)]
  0x000001b9110ffb20 JavaThread "Unconstrained build operations"        [_thread_blocked, id=75992, stack(0x00000008d7a00000,0x00000008d7b00000) (1024K)]
  0x000001b911100840 JavaThread "Unconstrained build operations Thread 2"        [_thread_blocked, id=72608, stack(0x00000008d7b00000,0x00000008d7c00000) (1024K)]
  0x000001b9110fee00 JavaThread "Unconstrained build operations Thread 3"        [_thread_blocked, id=49652, stack(0x00000008d7c00000,0x00000008d7d00000) (1024K)]
  0x000001b911102fa0 JavaThread "Unconstrained build operations Thread 4"        [_thread_blocked, id=60484, stack(0x00000008d7d00000,0x00000008d7e00000) (1024K)]
  0x000001b9111001b0 JavaThread "Unconstrained build operations Thread 5"        [_thread_blocked, id=80032, stack(0x00000008d7e00000,0x00000008d7f00000) (1024K)]
  0x000001b911103cc0 JavaThread "Unconstrained build operations Thread 6"        [_thread_blocked, id=82580, stack(0x00000008d7f00000,0x00000008d8000000) (1024K)]
  0x000001b911102280 JavaThread "Unconstrained build operations Thread 7"        [_thread_blocked, id=46172, stack(0x00000008d8000000,0x00000008d8100000) (1024K)]
  0x000001b911102910 JavaThread "Unconstrained build operations Thread 8"        [_thread_blocked, id=39420, stack(0x00000008d8100000,0x00000008d8200000) (1024K)]
  0x000001b911103630 JavaThread "Unconstrained build operations Thread 9"        [_thread_blocked, id=94364, stack(0x00000008d8200000,0x00000008d8300000) (1024K)]
  0x000001b911104350 JavaThread "Unconstrained build operations Thread 10"        [_thread_blocked, id=85424, stack(0x00000008d8300000,0x00000008d8400000) (1024K)]
  0x000001b911100ed0 JavaThread "Unconstrained build operations Thread 11"        [_thread_blocked, id=50236, stack(0x00000008d8400000,0x00000008d8500000) (1024K)]
  0x000001b9111049e0 JavaThread "Unconstrained build operations Thread 12"        [_thread_blocked, id=80480, stack(0x00000008d8500000,0x00000008d8600000) (1024K)]
  0x000001b911101560 JavaThread "Unconstrained build operations Thread 13"        [_thread_blocked, id=43864, stack(0x00000008d8600000,0x00000008d8700000) (1024K)]
  0x000001b911105070 JavaThread "Unconstrained build operations Thread 14"        [_thread_blocked, id=1936, stack(0x00000008d8700000,0x00000008d8800000) (1024K)]
  0x000001b911105700 JavaThread "Unconstrained build operations Thread 15"        [_thread_blocked, id=66480, stack(0x00000008d8800000,0x00000008d8900000) (1024K)]
  0x000001b9147d94a0 JavaThread "Unconstrained build operations Thread 16"        [_thread_blocked, id=76912, stack(0x00000008d8900000,0x00000008d8a00000) (1024K)]
  0x000001b9147d8780 JavaThread "Unconstrained build operations Thread 17"        [_thread_blocked, id=46660, stack(0x00000008d8a00000,0x00000008d8b00000) (1024K)]
  0x000001b9147d80f0 JavaThread "Unconstrained build operations Thread 18"        [_thread_blocked, id=16584, stack(0x00000008d8b00000,0x00000008d8c00000) (1024K)]
  0x000001b9147d6d40 JavaThread "Unconstrained build operations Thread 19"        [_thread_blocked, id=93888, stack(0x00000008d8c00000,0x00000008d8d00000) (1024K)]
  0x000001b9147d9b30 JavaThread "Unconstrained build operations Thread 20"        [_thread_blocked, id=23988, stack(0x00000008d8d00000,0x00000008d8e00000) (1024K)]
  0x000001b9147d73d0 JavaThread "jar transforms Thread 4"           [_thread_blocked, id=87884, stack(0x00000008d8e00000,0x00000008d8f00000) (1024K)]
  0x000001b9147d8e10 JavaThread "jar transforms Thread 5"           [_thread_blocked, id=39692, stack(0x00000008d8f00000,0x00000008d9000000) (1024K)]
  0x000001b9147d7a60 JavaThread "Unconstrained build operations Thread 21"        [_thread_blocked, id=55220, stack(0x00000008d9000000,0x00000008d9100000) (1024K)]
  0x000001b9147da1c0 JavaThread "Unconstrained build operations Thread 22"        [_thread_blocked, id=91064, stack(0x00000008d9100000,0x00000008d9200000) (1024K)]
  0x000001b913e19780 JavaThread "Unconstrained build operations Thread 23"        [_thread_blocked, id=18064, stack(0x00000008d9200000,0x00000008d9300000) (1024K)]
  0x000001b913e1b850 JavaThread "Unconstrained build operations Thread 24"        [_thread_blocked, id=81152, stack(0x00000008d9300000,0x00000008d9400000) (1024K)]
  0x000001b913e1ab30 JavaThread "Unconstrained build operations Thread 25"        [_thread_blocked, id=88144, stack(0x00000008d9400000,0x00000008d9500000) (1024K)]
  0x000001b913e1a4a0 JavaThread "Unconstrained build operations Thread 26"        [_thread_blocked, id=73004, stack(0x00000008d9500000,0x00000008d9600000) (1024K)]
  0x000001b913e1bee0 JavaThread "Unconstrained build operations Thread 27"        [_thread_blocked, id=50096, stack(0x00000008d9600000,0x00000008d9700000) (1024K)]
  0x000001b913e19e10 JavaThread "Unconstrained build operations Thread 28"        [_thread_blocked, id=83640, stack(0x00000008d9700000,0x00000008d9800000) (1024K)]
  0x000001b913e1b1c0 JavaThread "Unconstrained build operations Thread 29"        [_thread_blocked, id=4156, stack(0x00000008d9800000,0x00000008d9900000) (1024K)]
  0x000001b913e18a60 JavaThread "Unconstrained build operations Thread 30"        [_thread_blocked, id=55368, stack(0x00000008d9900000,0x00000008d9a00000) (1024K)]
  0x000001b913e190f0 JavaThread "jar transforms Thread 6"           [_thread_blocked, id=73204, stack(0x00000008d9a00000,0x00000008d9b00000) (1024K)]
  0x000001b914990730 JavaThread "jar transforms Thread 7"           [_thread_blocked, id=48460, stack(0x00000008d9b00000,0x00000008d9c00000) (1024K)]
  0x000001b91498fa10 JavaThread "jar transforms Thread 8"           [_thread_blocked, id=33596, stack(0x00000008d9c00000,0x00000008d9d00000) (1024K)]
  0x000001b91498e660 JavaThread "Unconstrained build operations Thread 31"        [_thread_blocked, id=68312, stack(0x00000008d9d00000,0x00000008d9e00000) (1024K)]
  0x000001b91498d940 JavaThread "Unconstrained build operations Thread 32"        [_thread_blocked, id=86008, stack(0x00000008d9e00000,0x00000008d9f00000) (1024K)]
  0x000001b914991450 JavaThread "Unconstrained build operations Thread 33"        [_thread_blocked, id=87348, stack(0x00000008d9f00000,0x00000008da000000) (1024K)]
  0x000001b914991ae0 JavaThread "Unconstrained build operations Thread 34"        [_thread_blocked, id=56508, stack(0x00000008d7700000,0x00000008d7800000) (1024K)]
  0x000001b914993520 JavaThread "Unconstrained build operations Thread 35"        [_thread_blocked, id=22060, stack(0x00000008d7800000,0x00000008d7900000) (1024K)]
  0x000001b914992e90 JavaThread "Unconstrained build operations Thread 36"        [_thread_blocked, id=82536, stack(0x00000008da000000,0x00000008da100000) (1024K)]
  0x000001b913c9b9b0 JavaThread "Unconstrained build operations Thread 37"        [_thread_blocked, id=13532, stack(0x00000008da100000,0x00000008da200000) (1024K)]
  0x000001b913c9b320 JavaThread "Unconstrained build operations Thread 38"        [_thread_blocked, id=84064, stack(0x00000008da200000,0x00000008da300000) (1024K)]
  0x000001b913c9c040 JavaThread "Unconstrained build operations Thread 39"        [_thread_blocked, id=81376, stack(0x00000008da300000,0x00000008da400000) (1024K)]
  0x000001b913c9f4c0 JavaThread "Unconstrained build operations Thread 40"        [_thread_blocked, id=88252, stack(0x00000008da400000,0x00000008da500000) (1024K)]
  0x000001b913c9d3f0 JavaThread "Unconstrained build operations Thread 41"        [_thread_blocked, id=85544, stack(0x00000008da500000,0x00000008da600000) (1024K)]
  0x000001b913c9fb50 JavaThread "Unconstrained build operations Thread 42"        [_thread_blocked, id=26820, stack(0x00000008da600000,0x00000008da700000) (1024K)]
  0x000001b913c9c6d0 JavaThread "Unconstrained build operations Thread 43"        [_thread_blocked, id=39376, stack(0x00000008da700000,0x00000008da800000) (1024K)]
  0x000001b913ca01e0 JavaThread "Unconstrained build operations Thread 44"        [_thread_blocked, id=92472, stack(0x00000008da800000,0x00000008da900000) (1024K)]
  0x000001b913c9cd60 JavaThread "Unconstrained build operations Thread 45"        [_thread_blocked, id=79960, stack(0x00000008da900000,0x00000008daa00000) (1024K)]
  0x000001b913c9da80 JavaThread "Unconstrained build operations Thread 46"        [_thread_blocked, id=60860, stack(0x00000008daa00000,0x00000008dab00000) (1024K)]
  0x000001b913ca1590 JavaThread "Unconstrained build operations Thread 47"        [_thread_blocked, id=82240, stack(0x00000008dab00000,0x00000008dac00000) (1024K)]
  0x000001b913c9ee30 JavaThread "Unconstrained build operations Thread 48"        [_thread_blocked, id=78508, stack(0x00000008dac00000,0x00000008dad00000) (1024K)]
  0x000001b913c9e110 JavaThread "Unconstrained build operations Thread 49"        [_thread_blocked, id=80956, stack(0x00000008dad00000,0x00000008dae00000) (1024K)]
  0x000001b913ca0870 JavaThread "Unconstrained build operations Thread 50"        [_thread_blocked, id=15772, stack(0x00000008dae00000,0x00000008daf00000) (1024K)]
  0x000001b913c9e7a0 JavaThread "Unconstrained build operations Thread 51"        [_thread_blocked, id=25556, stack(0x00000008daf00000,0x00000008db000000) (1024K)]
  0x000001b913ca1c20 JavaThread "Unconstrained build operations Thread 52"        [_thread_blocked, id=90968, stack(0x00000008db000000,0x00000008db100000) (1024K)]
  0x000001b913ca0f00 JavaThread "Unconstrained build operations Thread 53"        [_thread_blocked, id=91932, stack(0x00000008db100000,0x00000008db200000) (1024K)]
  0x000001b913ca22b0 JavaThread "Unconstrained build operations Thread 54"        [_thread_blocked, id=87516, stack(0x00000008db200000,0x00000008db300000) (1024K)]
  0x000001b913ca2940 JavaThread "Unconstrained build operations Thread 55"        [_thread_blocked, id=44412, stack(0x00000008db300000,0x00000008db400000) (1024K)]
  0x000001b913f2c060 JavaThread "Unconstrained build operations Thread 56"        [_thread_blocked, id=40912, stack(0x00000008db400000,0x00000008db500000) (1024K)]
  0x000001b913f2daa0 JavaThread "Unconstrained build operations Thread 57"        [_thread_blocked, id=86612, stack(0x00000008db500000,0x00000008db600000) (1024K)]
  0x000001b913f2e130 JavaThread "Unconstrained build operations Thread 58"        [_thread_blocked, id=87608, stack(0x00000008db600000,0x00000008db700000) (1024K)]
  0x000001b913f2e7c0 JavaThread "Unconstrained build operations Thread 59"        [_thread_blocked, id=36792, stack(0x00000008db700000,0x00000008db800000) (1024K)]
  0x000001b913f2ee50 JavaThread "Unconstrained build operations Thread 60"        [_thread_blocked, id=92416, stack(0x00000008db800000,0x00000008db900000) (1024K)]
  0x000001b913f2c6f0 JavaThread "Unconstrained build operations Thread 61"        [_thread_blocked, id=87616, stack(0x00000008db900000,0x00000008dba00000) (1024K)]
  0x000001b913f2cd80 JavaThread "Unconstrained build operations Thread 62"        [_thread_blocked, id=44572, stack(0x00000008dba00000,0x00000008dbb00000) (1024K)]
  0x000001b913f2f4e0 JavaThread "Unconstrained build operations Thread 63"        [_thread_blocked, id=62284, stack(0x00000008dbb00000,0x00000008dbc00000) (1024K)]
  0x000001b913f2d410 JavaThread "Unconstrained build operations Thread 64"        [_thread_blocked, id=62696, stack(0x00000008dbc00000,0x00000008dbd00000) (1024K)]
  0x000001b91461c500 JavaThread "Unconstrained build operations Thread 65"        [_thread_blocked, id=49960, stack(0x00000008dbd00000,0x00000008dbe00000) (1024K)]
  0x000001b91461ec60 JavaThread "Unconstrained build operations Thread 66"        [_thread_blocked, id=61268, stack(0x00000008dbe00000,0x00000008dbf00000) (1024K)]
  0x000001b91461f2f0 JavaThread "Unconstrained build operations Thread 67"        [_thread_blocked, id=51548, stack(0x00000008dbf00000,0x00000008dc000000) (1024K)]
  0x000001b91461cb90 JavaThread "Unconstrained build operations Thread 68"        [_thread_blocked, id=49964, stack(0x00000008dc000000,0x00000008dc100000) (1024K)]
  0x000001b91461e5d0 JavaThread "Unconstrained build operations Thread 69"        [_thread_blocked, id=82100, stack(0x00000008dc100000,0x00000008dc200000) (1024K)]
  0x000001b91461d8b0 JavaThread "Unconstrained build operations Thread 70"        [_thread_blocked, id=66528, stack(0x00000008dc200000,0x00000008dc300000) (1024K)]
  0x000001b91461d220 JavaThread "Unconstrained build operations Thread 71"        [_thread_blocked, id=92252, stack(0x00000008dc300000,0x00000008dc400000) (1024K)]
  0x000001b91461df40 JavaThread "Unconstrained build operations Thread 72"        [_thread_blocked, id=38936, stack(0x00000008dc400000,0x00000008dc500000) (1024K)]
  0x000001b91461be70 JavaThread "Unconstrained build operations Thread 73"        [_thread_blocked, id=30400, stack(0x00000008dc500000,0x00000008dc600000) (1024K)]
  0x000001b9146220e0 JavaThread "Unconstrained build operations Thread 74"        [_thread_blocked, id=90192, stack(0x00000008dc600000,0x00000008dc700000) (1024K)]
  0x000001b914622770 JavaThread "Unconstrained build operations Thread 75"        [_thread_blocked, id=89240, stack(0x00000008dc700000,0x00000008dc800000) (1024K)]
  0x000001b914620d30 JavaThread "Unconstrained build operations Thread 76"        [_thread_blocked, id=73596, stack(0x00000008dc800000,0x00000008dc900000) (1024K)]
  0x000001b9146206a0 JavaThread "Unconstrained build operations Thread 77"        [_thread_blocked, id=80464, stack(0x00000008dc900000,0x00000008dca00000) (1024K)]
  0x000001b914621a50 JavaThread "Unconstrained build operations Thread 78"        [_thread_blocked, id=3736, stack(0x00000008dca00000,0x00000008dcb00000) (1024K)]
  0x000001b91461f980 JavaThread "Unconstrained build operations Thread 79"        [_thread_blocked, id=92540, stack(0x00000008dcb00000,0x00000008dcc00000) (1024K)]
  0x000001b9146213c0 JavaThread "Unconstrained build operations Thread 80"        [_thread_blocked, id=95108, stack(0x00000008dcc00000,0x00000008dcd00000) (1024K)]
  0x000001b914620010 JavaThread "Unconstrained build operations Thread 81"        [_thread_blocked, id=91588, stack(0x00000008dcd00000,0x00000008dce00000) (1024K)]
  0x000001b914622e00 JavaThread "Unconstrained build operations Thread 82"        [_thread_blocked, id=5292, stack(0x00000008dce00000,0x00000008dcf00000) (1024K)]
  0x000001b914623490 JavaThread "Unconstrained build operations Thread 83"        [_thread_blocked, id=51272, stack(0x00000008dcf00000,0x00000008dd000000) (1024K)]
  0x000001b9145dfe20 JavaThread "Unconstrained build operations Thread 84"        [_thread_blocked, id=86508, stack(0x00000008dd000000,0x00000008dd100000) (1024K)]
  0x000001b9145e32a0 JavaThread "Unconstrained build operations Thread 85"        [_thread_blocked, id=57148, stack(0x00000008dd100000,0x00000008dd200000) (1024K)]
  0x000001b9145e1860 JavaThread "Unconstrained build operations Thread 86"        [_thread_blocked, id=91092, stack(0x00000008dd200000,0x00000008dd300000) (1024K)]
  0x000001b9145e1ef0 JavaThread "Unconstrained build operations Thread 87"        [_thread_blocked, id=81976, stack(0x00000008dd300000,0x00000008dd400000) (1024K)]
  0x000001b9145e2580 JavaThread "Unconstrained build operations Thread 88"        [_thread_blocked, id=54828, stack(0x00000008dd400000,0x00000008dd500000) (1024K)]
  0x000001b9145e2c10 JavaThread "Unconstrained build operations Thread 89"        [_thread_blocked, id=48484, stack(0x00000008dd500000,0x00000008dd600000) (1024K)]
  0x000001b9145e3930 JavaThread "Unconstrained build operations Thread 90"        [_thread_blocked, id=71292, stack(0x00000008dd600000,0x00000008dd700000) (1024K)]
  0x000001b9145e04b0 JavaThread "Unconstrained build operations Thread 91"        [_thread_blocked, id=89080, stack(0x00000008dd700000,0x00000008dd800000) (1024K)]
  0x000001b9145e0b40 JavaThread "Unconstrained build operations Thread 92"        [_thread_blocked, id=93312, stack(0x00000008dd800000,0x00000008dd900000) (1024K)]
  0x000001b9145e3fc0 JavaThread "Unconstrained build operations Thread 93"        [_thread_blocked, id=83832, stack(0x00000008dd900000,0x00000008dda00000) (1024K)]
  0x000001b9145e4650 JavaThread "Unconstrained build operations Thread 94"        [_thread_blocked, id=14256, stack(0x00000008dda00000,0x00000008ddb00000) (1024K)]
  0x000001b9145e11d0 JavaThread "Unconstrained build operations Thread 95"        [_thread_blocked, id=83656, stack(0x00000008ddb00000,0x00000008ddc00000) (1024K)]
  0x000001b9145e6090 JavaThread "Unconstrained build operations Thread 96"        [_thread_blocked, id=84460, stack(0x00000008ddc00000,0x00000008ddd00000) (1024K)]
  0x000001b9145e6db0 JavaThread "Unconstrained build operations Thread 97"        [_thread_blocked, id=61396, stack(0x00000008ddd00000,0x00000008dde00000) (1024K)]
  0x000001b9145e5a00 JavaThread "Unconstrained build operations Thread 98"        [_thread_blocked, id=65768, stack(0x00000008dde00000,0x00000008ddf00000) (1024K)]
  0x000001b9145e6720 JavaThread "Unconstrained build operations Thread 99"        [_thread_blocked, id=21112, stack(0x00000008ddf00000,0x00000008de000000) (1024K)]
  0x000001b9145e4ce0 JavaThread "Unconstrained build operations Thread 100"        [_thread_blocked, id=62764, stack(0x00000008de000000,0x00000008de100000) (1024K)]
  0x000001b9145e7440 JavaThread "Unconstrained build operations Thread 101"        [_thread_blocked, id=25032, stack(0x00000008de100000,0x00000008de200000) (1024K)]
  0x000001b9145e5370 JavaThread "Unconstrained build operations Thread 102"        [_thread_blocked, id=52556, stack(0x00000008de200000,0x00000008de300000) (1024K)]
  0x000001b913aa9f70 JavaThread "build event listener"              [_thread_blocked, id=86992, stack(0x00000008de300000,0x00000008de400000) (1024K)]
  0x000001b913aa8530 JavaThread "Memory manager"                    [_thread_blocked, id=9280, stack(0x00000008de400000,0x00000008de500000) (1024K)]
  0x000001b913aab320 JavaThread "build event listener"              [_thread_blocked, id=65984, stack(0x00000008d4e00000,0x00000008d4f00000) (1024K)]
  0x000001b912d353b0 JavaThread "C2 CompilerThread3"         daemon [_thread_blocked, id=83956, stack(0x00000008de500000,0x00000008de600000) (1024K)]
  0x000001b912d36150 JavaThread "C2 CompilerThread4"         daemon [_thread_blocked, id=89372, stack(0x00000008de600000,0x00000008de700000) (1024K)]
  0x000001b90f295900 JavaThread "pool-3-thread-1"                   [_thread_blocked, id=69304, stack(0x00000008de700000,0x00000008de800000) (1024K)]
  0x000001b90f295f90 JavaThread "build event listener"              [_thread_blocked, id=93456, stack(0x00000008de800000,0x00000008de900000) (1024K)]
  0x000001b90f294550 JavaThread "included builds"                   [_thread_blocked, id=39128, stack(0x00000008de900000,0x00000008dea00000) (1024K)]
  0x000001b90f295270 JavaThread "Execution worker"                  [_thread_blocked, id=75340, stack(0x00000008dea00000,0x00000008deb00000) (1024K)]
  0x000001b90f297340 JavaThread "Execution worker Thread 2"         [_thread_blocked, id=72656, stack(0x00000008deb00000,0x00000008dec00000) (1024K)]
  0x000001b90f293ec0 JavaThread "Execution worker Thread 3"         [_thread_blocked, id=51028, stack(0x00000008dec00000,0x00000008ded00000) (1024K)]
  0x000001b90f2979d0 JavaThread "Execution worker Thread 4"         [_thread_blocked, id=52620, stack(0x00000008ded00000,0x00000008dee00000) (1024K)]
  0x000001b911cede90 JavaThread "Execution worker Thread 5"         [_thread_blocked, id=55896, stack(0x00000008dee00000,0x00000008def00000) (1024K)]
  0x000001b9149948d0 JavaThread "Execution worker Thread 6"         [_thread_blocked, id=74792, stack(0x00000008def00000,0x00000008df000000) (1024K)]
  0x000001b912a78f60 JavaThread "Execution worker Thread 7"         [_thread_blocked, id=92396, stack(0x00000008df000000,0x00000008df100000) (1024K)]
  0x000001b912a79c80 JavaThread "Execution worker Thread 8"         [_thread_blocked, id=88548, stack(0x00000008df100000,0x00000008df200000) (1024K)]
  0x000001b912a795f0 JavaThread "Execution worker Thread 9"         [_thread_blocked, id=27632, stack(0x00000008df200000,0x00000008df300000) (1024K)]
  0x000001b912a7b6c0 JavaThread "Execution worker Thread 10"        [_thread_blocked, id=80900, stack(0x00000008df300000,0x00000008df400000) (1024K)]
  0x000001b912a7a9a0 JavaThread "Execution worker Thread 11"        [_thread_blocked, id=61896, stack(0x00000008df400000,0x00000008df500000) (1024K)]
  0x000001b912a7bd50 JavaThread "Execution worker Thread 12"        [_thread_blocked, id=35400, stack(0x00000008df500000,0x00000008df600000) (1024K)]
  0x000001b912a7a310 JavaThread "Execution worker Thread 13"        [_thread_blocked, id=59668, stack(0x00000008df600000,0x00000008df700000) (1024K)]
  0x000001b912a7b030 JavaThread "Execution worker Thread 14"        [_thread_blocked, id=68356, stack(0x00000008df700000,0x00000008df800000) (1024K)]
  0x000001b912a788d0 JavaThread "Execution worker Thread 15"        [_thread_blocked, id=88848, stack(0x00000008df800000,0x00000008df900000) (1024K)]
  0x000001b912a7c3e0 JavaThread "Execution worker Thread 16"        [_thread_blocked, id=94128, stack(0x00000008df900000,0x00000008dfa00000) (1024K)]
  0x000001b912a7f1d0 JavaThread "Execution worker Thread 17"        [_thread_blocked, id=75788, stack(0x00000008dfa00000,0x00000008dfb00000) (1024K)]
  0x000001b912a7e4b0 JavaThread "Execution worker Thread 18"        [_thread_blocked, id=93780, stack(0x00000008dfb00000,0x00000008dfc00000) (1024K)]
  0x000001b912a7ca70 JavaThread "Execution worker Thread 19"        [_thread_blocked, id=94940, stack(0x00000008dfc00000,0x00000008dfd00000) (1024K)]
  0x000001b912a7d790 JavaThread "Execution worker Thread 20"        [_thread_blocked, id=85412, stack(0x00000008dfd00000,0x00000008dfe00000) (1024K)]
  0x000001b912a7de20 JavaThread "Execution worker Thread 21"        [_thread_blocked, id=49268, stack(0x00000008dfe00000,0x00000008dff00000) (1024K)]
  0x000001b912a7eb40 JavaThread "Execution worker Thread 22"        [_thread_blocked, id=85208, stack(0x00000008dff00000,0x00000008e0000000) (1024K)]
  0x000001b912a7d100 JavaThread "Execution worker Thread 23"        [_thread_blocked, id=4472, stack(0x00000008e0000000,0x00000008e0100000) (1024K)]
  0x000001b912a7f860 JavaThread "Cache worker for execution history cache (C:\Users\33947\Desktop\Android项目\click\.gradle\9.3.1\executionHistory)"        [_thread_blocked, id=44104, stack(0x00000008e0100000,0x00000008e0200000) (1024K)]
  0x000001b912a812a0 JavaThread "Unconstrained build operations Thread 103"        [_thread_blocked, id=71960, stack(0x00000008e0200000,0x00000008e0300000) (1024K)]
  0x000001b912a7fef0 JavaThread "Unconstrained build operations Thread 104"        [_thread_blocked, id=60704, stack(0x00000008e0300000,0x00000008e0400000) (1024K)]
  0x000001b912a81930 JavaThread "Unconstrained build operations Thread 105"        [_thread_blocked, id=68144, stack(0x00000008e0400000,0x00000008e0500000) (1024K)]
  0x000001b912a82650 JavaThread "Unconstrained build operations Thread 106"        [_thread_blocked, id=43688, stack(0x00000008e0500000,0x00000008e0600000) (1024K)]
  0x000001b912a83a00 JavaThread "Unconstrained build operations Thread 107"        [_thread_blocked, id=85824, stack(0x00000008e0600000,0x00000008e0700000) (1024K)]
  0x000001b912a80580 JavaThread "Unconstrained build operations Thread 108"        [_thread_blocked, id=52580, stack(0x00000008e0700000,0x00000008e0800000) (1024K)]
  0x000001b912a84090 JavaThread "Unconstrained build operations Thread 109"        [_thread_blocked, id=91392, stack(0x00000008e0800000,0x00000008e0900000) (1024K)]
  0x000001b912a80c10 JavaThread "Unconstrained build operations Thread 110"        [_thread_blocked, id=38252, stack(0x00000008e0900000,0x00000008e0a00000) (1024K)]
  0x000001b912a84720 JavaThread "Unconstrained build operations Thread 111"        [_thread_blocked, id=91180, stack(0x00000008e0a00000,0x00000008e0b00000) (1024K)]
  0x000001b912a84db0 JavaThread "Unconstrained build operations Thread 112"        [_thread_blocked, id=54036, stack(0x00000008e0b00000,0x00000008e0c00000) (1024K)]
  0x000001b912a85440 JavaThread "Unconstrained build operations Thread 113"        [_thread_blocked, id=45052, stack(0x00000008e0c00000,0x00000008e0d00000) (1024K)]
  0x000001b912a81fc0 JavaThread "Unconstrained build operations Thread 114"        [_thread_blocked, id=52052, stack(0x00000008e0d00000,0x00000008e0e00000) (1024K)]
  0x000001b912a82ce0 JavaThread "Unconstrained build operations Thread 115"        [_thread_blocked, id=92072, stack(0x00000008e0e00000,0x00000008e0f00000) (1024K)]
  0x000001b912a87ba0 JavaThread "Unconstrained build operations Thread 116"        [_thread_blocked, id=49256, stack(0x00000008e0f00000,0x00000008e1000000) (1024K)]
  0x000001b912a87510 JavaThread "Unconstrained build operations Thread 117"        [_thread_blocked, id=21460, stack(0x00000008e1000000,0x00000008e1100000) (1024K)]
  0x000001b912a85ad0 JavaThread "Unconstrained build operations Thread 118"        [_thread_blocked, id=21764, stack(0x00000008e1100000,0x00000008e1200000) (1024K)]
  0x000001b912a86e80 JavaThread "Unconstrained build operations Thread 119"        [_thread_blocked, id=71352, stack(0x00000008e1200000,0x00000008e1300000) (1024K)]
  0x000001b912a86160 JavaThread "Unconstrained build operations Thread 120"        [_thread_blocked, id=60732, stack(0x00000008e1300000,0x00000008e1400000) (1024K)]
  0x000001b912a867f0 JavaThread "Unconstrained build operations Thread 121"        [_thread_blocked, id=55060, stack(0x00000008e1400000,0x00000008e1500000) (1024K)]
  0x000001b91626a970 JavaThread "Unconstrained build operations Thread 122"        [_thread_blocked, id=40400, stack(0x00000008e1500000,0x00000008e1600000) (1024K)]
  0x000001b91626b690 JavaThread "Unconstrained build operations Thread 123"        [_thread_blocked, id=93444, stack(0x00000008e1600000,0x00000008e1700000) (1024K)]
  0x000001b91626c3b0 JavaThread "Unconstrained build operations Thread 124"        [_thread_blocked, id=21340, stack(0x00000008e1700000,0x00000008e1800000) (1024K)]
  0x000001b91626ca40 JavaThread "Unconstrained build operations Thread 125"        [_thread_blocked, id=87220, stack(0x00000008e1800000,0x00000008e1900000) (1024K)]
  0x000001b91626bd20 JavaThread "Unconstrained build operations Thread 126"        [_thread_blocked, id=40780, stack(0x00000008e1900000,0x00000008e1a00000) (1024K)]
  0x000001b91626b000 JavaThread "Unconstrained build operations Thread 127"        [_thread_blocked, id=81316, stack(0x00000008e1a00000,0x00000008e1b00000) (1024K)]
  0x000001b91626d760 JavaThread "Unconstrained build operations Thread 128"        [_thread_blocked, id=47124, stack(0x00000008e1b00000,0x00000008e1c00000) (1024K)]
  0x000001b91626e480 JavaThread "Unconstrained build operations Thread 129"        [_thread_blocked, id=41884, stack(0x00000008e1c00000,0x00000008e1d00000) (1024K)]
  0x000001b91626d0d0 JavaThread "Unconstrained build operations Thread 130"        [_thread_blocked, id=50500, stack(0x00000008e1d00000,0x00000008e1e00000) (1024K)]
  0x000001b916270be0 JavaThread "Unconstrained build operations Thread 131"        [_thread_blocked, id=46784, stack(0x00000008e1e00000,0x00000008e1f00000) (1024K)]
  0x000001b91626a2e0 JavaThread "Unconstrained build operations Thread 132"        [_thread_blocked, id=38508, stack(0x00000008e1f00000,0x00000008e2000000) (1024K)]
  0x000001b91626eb10 JavaThread "Unconstrained build operations Thread 133"        [_thread_blocked, id=15552, stack(0x00000008e2000000,0x00000008e2100000) (1024K)]
  0x000001b91626f1a0 JavaThread "Unconstrained build operations Thread 134"        [_thread_blocked, id=83280, stack(0x00000008e2100000,0x00000008e2200000) (1024K)]
  0x000001b916271270 JavaThread "Unconstrained build operations Thread 135"        [_thread_blocked, id=62864, stack(0x00000008e2200000,0x00000008e2300000) (1024K)]
  0x000001b91626f830 JavaThread "Unconstrained build operations Thread 136"        [_thread_blocked, id=62724, stack(0x00000008e2300000,0x00000008e2400000) (1024K)]
  0x000001b916270550 JavaThread "Unconstrained build operations Thread 137"        [_thread_blocked, id=68392, stack(0x00000008e2400000,0x00000008e2500000) (1024K)]
  0x000001b91626ddf0 JavaThread "Unconstrained build operations Thread 138"        [_thread_blocked, id=92900, stack(0x00000008e2500000,0x00000008e2600000) (1024K)]
  0x000001b916272620 JavaThread "Unconstrained build operations Thread 139"        [_thread_blocked, id=85704, stack(0x00000008e2600000,0x00000008e2700000) (1024K)]
  0x000001b916273340 JavaThread "Unconstrained build operations Thread 140"        [_thread_blocked, id=8496, stack(0x00000008e2700000,0x00000008e2800000) (1024K)]
  0x000001b916272cb0 JavaThread "Unconstrained build operations Thread 141"        [_thread_blocked, id=82600, stack(0x00000008e2800000,0x00000008e2900000) (1024K)]
  0x000001b916271900 JavaThread "Unconstrained build operations Thread 142"        [_thread_blocked, id=83792, stack(0x00000008e2900000,0x00000008e2a00000) (1024K)]
  0x000001b916271f90 JavaThread "Unconstrained build operations Thread 143"        [_thread_blocked, id=53612, stack(0x00000008e2a00000,0x00000008e2b00000) (1024K)]
  0x000001b91626fec0 JavaThread "Unconstrained build operations Thread 144"        [_thread_blocked, id=60652, stack(0x00000008e2b00000,0x00000008e2c00000) (1024K)]
  0x000001b916275aa0 JavaThread "Unconstrained build operations Thread 145"        [_thread_blocked, id=65352, stack(0x00000008e2c00000,0x00000008e2d00000) (1024K)]
  0x000001b9162746f0 JavaThread "Unconstrained build operations Thread 146"        [_thread_blocked, id=63948, stack(0x00000008e2d00000,0x00000008e2e00000) (1024K)]
  0x000001b916274d80 JavaThread "Unconstrained build operations Thread 147"        [_thread_blocked, id=90684, stack(0x00000008e2e00000,0x00000008e2f00000) (1024K)]
  0x000001b916275410 JavaThread "Unconstrained build operations Thread 148"        [_thread_blocked, id=81556, stack(0x00000008e2f00000,0x00000008e3000000) (1024K)]
  0x000001b916276e50 JavaThread "Unconstrained build operations Thread 149"        [_thread_blocked, id=83820, stack(0x00000008e3200000,0x00000008e3300000) (1024K)]
  0x000001b9162767c0 JavaThread "Unconstrained build operations Thread 150"        [_thread_blocked, id=47432, stack(0x00000008e3300000,0x00000008e3400000) (1024K)]
  0x000001b916274060 JavaThread "Unconstrained build operations Thread 151"        [_thread_blocked, id=5240, stack(0x00000008e3400000,0x00000008e3500000) (1024K)]
  0x000001b9162739d0 JavaThread "Unconstrained build operations Thread 152"        [_thread_blocked, id=47028, stack(0x00000008e3500000,0x00000008e3600000) (1024K)]
  0x000001b9162774e0 JavaThread "Unconstrained build operations Thread 153"        [_thread_blocked, id=62520, stack(0x00000008e3600000,0x00000008e3700000) (1024K)]
  0x000001b916277b70 JavaThread "Unconstrained build operations Thread 154"        [_thread_blocked, id=28752, stack(0x00000008e3700000,0x00000008e3800000) (1024K)]
  0x000001b916278200 JavaThread "Unconstrained build operations Thread 155"        [_thread_blocked, id=43384, stack(0x00000008e3800000,0x00000008e3900000) (1024K)]
  0x000001b916278890 JavaThread "Unconstrained build operations Thread 156"        [_thread_blocked, id=79488, stack(0x00000008e3900000,0x00000008e3a00000) (1024K)]
  0x000001b916278f20 JavaThread "Unconstrained build operations Thread 157"        [_thread_blocked, id=75116, stack(0x00000008e3a00000,0x00000008e3b00000) (1024K)]
  0x000001b9162795b0 JavaThread "Unconstrained build operations Thread 158"        [_thread_blocked, id=61280, stack(0x00000008e3b00000,0x00000008e3c00000) (1024K)]
  0x000001b90f288700 JavaThread "Unconstrained build operations Thread 159"        [_thread_blocked, id=71712, stack(0x00000008e3c00000,0x00000008e3d00000) (1024K)]
  0x000001b90f28c210 JavaThread "Unconstrained build operations Thread 160"        [_thread_blocked, id=87472, stack(0x00000008e3d00000,0x00000008e3e00000) (1024K)]
  0x000001b90f290a40 JavaThread "Unconstrained build operations Thread 161"        [_thread_blocked, id=92576, stack(0x00000008e3e00000,0x00000008e3f00000) (1024K)]
  0x000001b90f28e970 JavaThread "Unconstrained build operations Thread 162"        [_thread_blocked, id=55880, stack(0x00000008e3f00000,0x00000008e4000000) (1024K)]
  0x000001b90f28fd20 JavaThread "Unconstrained build operations Thread 163"        [_thread_blocked, id=51496, stack(0x00000008e4000000,0x00000008e4100000) (1024K)]
  0x000001b90f2903b0 JavaThread "Unconstrained build operations Thread 164"        [_thread_blocked, id=73168, stack(0x00000008e4100000,0x00000008e4200000) (1024K)]
  0x000001b90f2910d0 JavaThread "Unconstrained build operations Thread 165"        [_thread_blocked, id=80368, stack(0x00000008e4200000,0x00000008e4300000) (1024K)]
  0x000001b90f28dc50 JavaThread "Unconstrained build operations Thread 166"        [_thread_blocked, id=5364, stack(0x00000008e4300000,0x00000008e4400000) (1024K)]
  0x000001b90f291df0 JavaThread "Unconstrained build operations Thread 167"        [_thread_blocked, id=63696, stack(0x00000008e4400000,0x00000008e4500000) (1024K)]
  0x000001b90f291760 JavaThread "Unconstrained build operations Thread 168"        [_thread_blocked, id=85844, stack(0x00000008e4500000,0x00000008e4600000) (1024K)]
  0x000001b90f294be0 JavaThread "Unconstrained build operations Thread 169"        [_thread_blocked, id=51588, stack(0x00000008e4600000,0x00000008e4700000) (1024K)]
  0x000001b90f292480 JavaThread "Unconstrained build operations Thread 170"        [_thread_blocked, id=32372, stack(0x00000008e4700000,0x00000008e4800000) (1024K)]
  0x000001b90f2931a0 JavaThread "Unconstrained build operations Thread 171"        [_thread_blocked, id=21352, stack(0x00000008e4800000,0x00000008e4900000) (1024K)]
  0x000001b90f292b10 JavaThread "Unconstrained build operations Thread 172"        [_thread_blocked, id=29268, stack(0x00000008e4900000,0x00000008e4a00000) (1024K)]
  0x000001b90f296620 JavaThread "Unconstrained build operations Thread 173"        [_thread_blocked, id=93988, stack(0x00000008e4a00000,0x00000008e4b00000) (1024K)]
  0x000001b90f293830 JavaThread "Unconstrained build operations Thread 174"        [_thread_blocked, id=26948, stack(0x00000008e4b00000,0x00000008e4c00000) (1024K)]
  0x000001b915f7d910 JavaThread "Unconstrained build operations Thread 175"        [_thread_blocked, id=19404, stack(0x00000008e4c00000,0x00000008e4d00000) (1024K)]
  0x000001b915f7d280 JavaThread "Unconstrained build operations Thread 176"        [_thread_blocked, id=64568, stack(0x00000008e4d00000,0x00000008e4e00000) (1024K)]
  0x000001b915f7cbf0 JavaThread "Unconstrained build operations Thread 177"        [_thread_blocked, id=69432, stack(0x00000008e4e00000,0x00000008e4f00000) (1024K)]
  0x000001b915f7dfa0 JavaThread "Unconstrained build operations Thread 178"        [_thread_blocked, id=74456, stack(0x00000008e4f00000,0x00000008e5000000) (1024K)]
  0x000001b915f7c560 JavaThread "Unconstrained build operations Thread 179"        [_thread_blocked, id=83496, stack(0x00000008e5000000,0x00000008e5100000) (1024K)]
  0x000001b915f81ab0 JavaThread "Unconstrained build operations Thread 180"        [_thread_blocked, id=53832, stack(0x00000008e5100000,0x00000008e5200000) (1024K)]
  0x000001b915f80d90 JavaThread "Unconstrained build operations Thread 181"        [_thread_blocked, id=70748, stack(0x00000008e5200000,0x00000008e5300000) (1024K)]
  0x000001b915f7f350 JavaThread "Unconstrained build operations Thread 182"        [_thread_blocked, id=56504, stack(0x00000008e5300000,0x00000008e5400000) (1024K)]
  0x000001b915f883b0 JavaThread "Unconstrained build operations Thread 183"        [_thread_blocked, id=79736, stack(0x00000008e5400000,0x00000008e5500000) (1024K)]
  0x000001b915f87690 JavaThread "Unconstrained build operations Thread 184"        [_thread_blocked, id=78836, stack(0x00000008e5500000,0x00000008e5600000) (1024K)]
  0x000001b915f85c50 JavaThread "Unconstrained build operations Thread 185"        [_thread_blocked, id=94124, stack(0x00000008e5600000,0x00000008e5700000) (1024K)]
  0x000001b915f88a40 JavaThread "Unconstrained build operations Thread 186"        [_thread_blocked, id=90396, stack(0x00000008e5700000,0x00000008e5800000) (1024K)]
  0x000001b915f89760 JavaThread "Unconstrained build operations Thread 187"        [_thread_blocked, id=62244, stack(0x00000008e5800000,0x00000008e5900000) (1024K)]
  0x000001b915f87d20 JavaThread "Unconstrained build operations Thread 188"        [_thread_blocked, id=51740, stack(0x00000008e5900000,0x00000008e5a00000) (1024K)]
  0x000001b915f890d0 JavaThread "Unconstrained build operations Thread 189"        [_thread_blocked, id=64832, stack(0x00000008e5a00000,0x00000008e5b00000) (1024K)]
  0x000001b915f87000 JavaThread "Unconstrained build operations Thread 190"        [_thread_blocked, id=48528, stack(0x00000008e5b00000,0x00000008e5c00000) (1024K)]
  0x000001b915f862e0 JavaThread "Unconstrained build operations Thread 191"        [_thread_blocked, id=31836, stack(0x00000008e5c00000,0x00000008e5d00000) (1024K)]
  0x000001b915f86970 JavaThread "Unconstrained build operations Thread 192"        [_thread_blocked, id=60672, stack(0x00000008e5d00000,0x00000008e5e00000) (1024K)]
  0x000001b915f8b830 JavaThread "Unconstrained build operations Thread 193"        [_thread_blocked, id=74128, stack(0x00000008e5e00000,0x00000008e5f00000) (1024K)]
  0x000001b915f89df0 JavaThread "Unconstrained build operations Thread 194"        [_thread_blocked, id=38304, stack(0x00000008e5f00000,0x00000008e6000000) (1024K)]
  0x000001b915f8a480 JavaThread "Unconstrained build operations Thread 195"        [_thread_blocked, id=45252, stack(0x00000008e6000000,0x00000008e6100000) (1024K)]
  0x000001b915f8ab10 JavaThread "Unconstrained build operations Thread 196"        [_thread_blocked, id=86648, stack(0x00000008e6100000,0x00000008e6200000) (1024K)]
  0x000001b915f8b1a0 JavaThread "Unconstrained build operations Thread 197"        [_thread_blocked, id=8584, stack(0x00000008e6200000,0x00000008e6300000) (1024K)]
  0x000001b90f28d5c0 JavaThread "Unconstrained build operations Thread 198"        [_thread_blocked, id=36360, stack(0x00000008e6300000,0x00000008e6400000) (1024K)]
  0x000001b9162c89e0 JavaThread "Unconstrained build operations Thread 199"        [_thread_blocked, id=83472, stack(0x00000008e6400000,0x00000008e6500000) (1024K)]
  0x000001b9162c9700 JavaThread "Unconstrained build operations Thread 200"        [_thread_blocked, id=80048, stack(0x00000008e6500000,0x00000008e6600000) (1024K)]
  0x000001b9162c8350 JavaThread "Unconstrained build operations Thread 201"        [_thread_blocked, id=63940, stack(0x00000008e6600000,0x00000008e6700000) (1024K)]
  0x000001b9162c9d90 JavaThread "Unconstrained build operations Thread 202"        [_thread_blocked, id=88264, stack(0x00000008e6700000,0x00000008e6800000) (1024K)]
  0x000001b9162c9070 JavaThread "Unconstrained build operations Thread 203"        [_thread_blocked, id=84796, stack(0x00000008e6800000,0x00000008e6900000) (1024K)]
  0x000001b9162cb140 JavaThread "Unconstrained build operations Thread 204"        [_thread_blocked, id=52768, stack(0x00000008e6900000,0x00000008e6a00000) (1024K)]
  0x000001b9162ca420 JavaThread "Unconstrained build operations Thread 205"        [_thread_blocked, id=33088, stack(0x00000008e6a00000,0x00000008e6b00000) (1024K)]
  0x000001b9162c7cc0 JavaThread "Unconstrained build operations Thread 206"        [_thread_blocked, id=72140, stack(0x00000008e6b00000,0x00000008e6c00000) (1024K)]
  0x000001b9162cbe60 JavaThread "Unconstrained build operations Thread 207"        [_thread_blocked, id=82500, stack(0x00000008e6c00000,0x00000008e6d00000) (1024K)]
  0x000001b9162cd8a0 JavaThread "Unconstrained build operations Thread 208"        [_thread_blocked, id=8128, stack(0x00000008e6d00000,0x00000008e6e00000) (1024K)]
  0x000001b9162cc4f0 JavaThread "Unconstrained build operations Thread 209"        [_thread_blocked, id=72364, stack(0x00000008e6e00000,0x00000008e6f00000) (1024K)]
  0x000001b9162cb7d0 JavaThread "Unconstrained build operations Thread 210"        [_thread_blocked, id=66228, stack(0x00000008e6f00000,0x00000008e7000000) (1024K)]
  0x000001b9162cf2e0 JavaThread "Unconstrained build operations Thread 211"        [_thread_blocked, id=47888, stack(0x00000008e7000000,0x00000008e7100000) (1024K)]
  0x000001b9162cdf30 JavaThread "Unconstrained build operations Thread 212"        [_thread_blocked, id=49504, stack(0x00000008e7100000,0x00000008e7200000) (1024K)]
  0x000001b9162ccb80 JavaThread "Unconstrained build operations Thread 213"        [_thread_blocked, id=80832, stack(0x00000008e7200000,0x00000008e7300000) (1024K)]
  0x000001b9162ce5c0 JavaThread "Unconstrained build operations Thread 214"        [_thread_blocked, id=60812, stack(0x00000008e7300000,0x00000008e7400000) (1024K)]
  0x000001b9162cd210 JavaThread "Unconstrained build operations Thread 215"        [_thread_blocked, id=78344, stack(0x00000008e7400000,0x00000008e7500000) (1024K)]
  0x000001b9162cf970 JavaThread "Unconstrained build operations Thread 216"        [_thread_blocked, id=6332, stack(0x00000008e7500000,0x00000008e7600000) (1024K)]
  0x000001b9162d20d0 JavaThread "Unconstrained build operations Thread 217"        [_thread_blocked, id=17712, stack(0x00000008e7600000,0x00000008e7700000) (1024K)]
  0x000001b9162cec50 JavaThread "Unconstrained build operations Thread 218"        [_thread_blocked, id=34016, stack(0x00000008e7700000,0x00000008e7800000) (1024K)]
  0x000001b9162d2760 JavaThread "Unconstrained build operations Thread 219"        [_thread_blocked, id=70564, stack(0x00000008e7800000,0x00000008e7900000) (1024K)]
  0x000001b9162d0690 JavaThread "Unconstrained build operations Thread 220"        [_thread_blocked, id=51204, stack(0x00000008e7900000,0x00000008e7a00000) (1024K)]
  0x000001b9162d0000 JavaThread "Unconstrained build operations Thread 221"        [_thread_blocked, id=71132, stack(0x00000008e7a00000,0x00000008e7b00000) (1024K)]
  0x000001b9162d1a40 JavaThread "Unconstrained build operations Thread 222"        [_thread_blocked, id=35972, stack(0x00000008e7b00000,0x00000008e7c00000) (1024K)]
  0x000001b9162d13b0 JavaThread "Unconstrained build operations Thread 223"        [_thread_blocked, id=80388, stack(0x00000008e7c00000,0x00000008e7d00000) (1024K)]
  0x000001b9162d2df0 JavaThread "Unconstrained build operations Thread 224"        [_thread_blocked, id=78644, stack(0x00000008e7d00000,0x00000008e7e00000) (1024K)]
  0x000001b9162d0d20 JavaThread "Unconstrained build operations Thread 225"        [_thread_blocked, id=84940, stack(0x00000008e7e00000,0x00000008e7f00000) (1024K)]
  0x000001b9162d4830 JavaThread "Unconstrained build operations Thread 226"        [_thread_blocked, id=84056, stack(0x00000008e7f00000,0x00000008e8000000) (1024K)]
  0x000001b9162d4ec0 JavaThread "Unconstrained build operations Thread 227"        [_thread_blocked, id=76972, stack(0x00000008e8000000,0x00000008e8100000) (1024K)]
  0x000001b9162d3480 JavaThread "Unconstrained build operations Thread 228"        [_thread_blocked, id=78132, stack(0x00000008e8100000,0x00000008e8200000) (1024K)]
  0x000001b9162d5550 JavaThread "Unconstrained build operations Thread 229"        [_thread_blocked, id=88028, stack(0x00000008e8200000,0x00000008e8300000) (1024K)]
  0x000001b9162d5be0 JavaThread "Unconstrained build operations Thread 230"        [_thread_blocked, id=71860, stack(0x00000008e8300000,0x00000008e8400000) (1024K)]
  0x000001b9162d6270 JavaThread "Unconstrained build operations Thread 231"        [_thread_blocked, id=84612, stack(0x00000008e8400000,0x00000008e8500000) (1024K)]
  0x000001b9162d6f90 JavaThread "Unconstrained build operations Thread 232"        [_thread_blocked, id=52532, stack(0x00000008e8500000,0x00000008e8600000) (1024K)]
  0x000001b9162d6900 JavaThread "Unconstrained build operations Thread 233"        [_thread_blocked, id=92844, stack(0x00000008e8600000,0x00000008e8700000) (1024K)]
  0x000001b9162d41a0 JavaThread "Unconstrained build operations Thread 234"        [_thread_blocked, id=63604, stack(0x00000008e8700000,0x00000008e8800000) (1024K)]
  0x000001b9162d3b10 JavaThread "Unconstrained build operations Thread 235"        [_thread_blocked, id=76888, stack(0x00000008e8800000,0x00000008e8900000) (1024K)]
  0x000001b9162d7620 JavaThread "Unconstrained build operations Thread 236"        [_thread_blocked, id=85644, stack(0x00000008e8900000,0x00000008e8a00000) (1024K)]
  0x000001b9162d9060 JavaThread "Unconstrained build operations Thread 237"        [_thread_blocked, id=35512, stack(0x00000008e8a00000,0x00000008e8b00000) (1024K)]
  0x000001b9162d89d0 JavaThread "Unconstrained build operations Thread 238"        [_thread_blocked, id=32436, stack(0x00000008e8b00000,0x00000008e8c00000) (1024K)]
  0x000001b9162db130 JavaThread "Unconstrained build operations Thread 239"        [_thread_blocked, id=47280, stack(0x00000008e8c00000,0x00000008e8d00000) (1024K)]
  0x000001b9162da410 JavaThread "Unconstrained build operations Thread 240"        [_thread_blocked, id=84308, stack(0x00000008e8d00000,0x00000008e8e00000) (1024K)]
  0x000001b9162e0680 JavaThread "WorkerExecutor Queue"              [_thread_blocked, id=87544, stack(0x00000008e8e00000,0x00000008e8f00000) (1024K)]
  0x000001b9162e0d10 JavaThread "WorkerExecutor Queue Thread 2"        [_thread_blocked, id=81432, stack(0x00000008e8f00000,0x00000008e9000000) (1024K)]
  0x000001b9162dd200 JavaThread "WorkerExecutor Queue Thread 3"        [_thread_blocked, id=92792, stack(0x00000008e9000000,0x00000008e9100000) (1024K)]
  0x000001b9162e4190 JavaThread "WorkerExecutor Queue Thread 4"        [_thread_blocked, id=73028, stack(0x00000008e9100000,0x00000008e9200000) (1024K)]
Total: 321

Other Threads:
=>0x000001b979669470 VMThread "VM Thread"                           [id=41388, stack(0x00000008d3a00000,0x00000008d3b00000) (1024K)]
  0x000001b9784f8bc0 WatcherThread "VM Periodic Task Thread"        [id=60796, stack(0x00000008d3900000,0x00000008d3a00000) (1024K)]
  0x000001b96f829820 WorkerThread "GC Thread#0"                     [id=34540, stack(0x00000008d3400000,0x00000008d3500000) (1024K)]
  0x000001b97e9edf00 WorkerThread "GC Thread#1"                     [id=66172, stack(0x00000008d4a00000,0x00000008d4b00000) (1024K)]
  0x000001b97e9ee2b0 WorkerThread "GC Thread#2"                     [id=38368, stack(0x00000008d4b00000,0x00000008d4c00000) (1024K)]
  0x000001b97e91e240 WorkerThread "GC Thread#3"                     [id=87780, stack(0x00000008d4c00000,0x00000008d4d00000) (1024K)]
  0x000001b97e91e5f0 WorkerThread "GC Thread#4"                     [id=88552, stack(0x00000008d4d00000,0x00000008d4e00000) (1024K)]
  0x000001b90f8d7a90 WorkerThread "GC Thread#5"                     [id=77732, stack(0x00000008d5100000,0x00000008d5200000) (1024K)]
  0x000001b90fcc7540 WorkerThread "GC Thread#6"                     [id=76636, stack(0x00000008d5200000,0x00000008d5300000) (1024K)]
  0x000001b9101f3a60 WorkerThread "GC Thread#7"                     [id=64760, stack(0x00000008d5300000,0x00000008d5400000) (1024K)]
  0x000001b90fa20570 WorkerThread "GC Thread#8"                     [id=30136, stack(0x00000008d5400000,0x00000008d5500000) (1024K)]
  0x000001b910214660 WorkerThread "GC Thread#9"                     [id=62204, stack(0x00000008d5500000,0x00000008d5600000) (1024K)]
  0x000001b9102142b0 WorkerThread "GC Thread#10"                    [id=46324, stack(0x00000008d5600000,0x00000008d5700000) (1024K)]
  0x000001b910214a10 WorkerThread "GC Thread#11"                    [id=61192, stack(0x00000008d5700000,0x00000008d5800000) (1024K)]
  0x000001b910214dc0 WorkerThread "GC Thread#12"                    [id=46860, stack(0x00000008d5800000,0x00000008d5900000) (1024K)]
  0x000001b910215520 WorkerThread "GC Thread#13"                    [id=91732, stack(0x00000008d5c00000,0x00000008d5d00000) (1024K)]
  0x000001b90fe7d670 WorkerThread "GC Thread#14"                    [id=93620, stack(0x00000008d6900000,0x00000008d6a00000) (1024K)]
  0x000001b90fe7cb60 WorkerThread "GC Thread#15"                    [id=94260, stack(0x00000008d6a00000,0x00000008d6b00000) (1024K)]
  0x000001b90fe7da20 WorkerThread "GC Thread#16"                    [id=51584, stack(0x00000008d6b00000,0x00000008d6c00000) (1024K)]
  0x000001b90fe7d2c0 WorkerThread "GC Thread#17"                    [id=26688, stack(0x00000008d6c00000,0x00000008d6d00000) (1024K)]
  0x000001b96f83afd0 ConcurrentGCThread "G1 Main Marker"            [id=61764, stack(0x00000008d3500000,0x00000008d3600000) (1024K)]
  0x000001b96f83d840 WorkerThread "G1 Conc#0"                       [id=84848, stack(0x00000008d3600000,0x00000008d3700000) (1024K)]
  0x000001b9102158d0 WorkerThread "G1 Conc#1"                       [id=17272, stack(0x00000008d5d00000,0x00000008d5e00000) (1024K)]
  0x000001b910213f00 WorkerThread "G1 Conc#2"                       [id=54592, stack(0x00000008d5e00000,0x00000008d5f00000) (1024K)]
  0x000001b90fe7ddd0 WorkerThread "G1 Conc#3"                       [id=26132, stack(0x00000008d5f00000,0x00000008d6000000) (1024K)]
  0x000001b90fe7c400 WorkerThread "G1 Conc#4"                       [id=46748, stack(0x00000008d6000000,0x00000008d6100000) (1024K)]
  0x000001b97844ff70 ConcurrentGCThread "G1 Refine#0"               [id=61304, stack(0x00000008d3700000,0x00000008d3800000) (1024K)]
  0x000001b9784518b0 ConcurrentGCThread "G1 Service"                [id=55576, stack(0x00000008d3800000,0x00000008d3900000) (1024K)]
Total: 28

Threads with active compile tasks:
C1 CompilerThread3  13021 17257       3       org.gradle.internal.snapshot.impl.FileSystemSnapshotFilter::filterSnapshot (94 bytes)
C2 CompilerThread3  13021 17035 % !   4       com.android.tools.r8.dex.z::k @ 99 (2710 bytes)
Total: 2

VM state: at safepoint (normal execution)

VM Mutex/Monitor currently owned by a thread:  ([mutex/lock_event])
[0x00007ff87a9586d0] Threads_lock - owner thread: 0x000001b979669470
[0x00007ff87a9587d0] Heap_lock - owner thread: 0x000001b90f2931a0

Heap address: 0x0000000080000000, size: 2048 MB, Compressed Oops mode: 32-bit

CDS archive(s) not mapped
Compressed class space mapped at: 0x0000000100000000-0x0000000140000000, reserved size: 1073741824
Narrow klass base: 0x0000000000000000, Narrow klass shift: 3, Narrow klass range: 0x140000000

GC Precious Log:
 CardTable entry size: 512
 Card Set container configuration: InlinePtr #cards 5 size 8 Array Of Cards #cards 12 size 40 Howl #buckets 4 coarsen threshold 1843 Howl Bitmap #cards 512 size 80 coarsen threshold 460 Card regions per heap region 1 cards per card region 2048
 CPUs: 24 total, 24 available
 Memory: 15732M
 Large Page Support: Disabled
 NUMA Support: Disabled
 Compressed Oops: Enabled (32-bit)
 Heap Region Size: 1M
 Heap Min Capacity: 8M
 Heap Initial Capacity: 246M
 Heap Max Capacity: 2G
 Pre-touch: Disabled
 Parallel Workers: 18
 Concurrent Workers: 5
 Concurrent Refinement Workers: 18
 Periodic GC: Disabled

Heap:
 garbage-first heap   total 665600K, used 185447K [0x0000000080000000, 0x0000000100000000)
  region size 1024K, 1 young (1024K), 1 survivors (1024K)
 Metaspace       used 130588K, committed 132864K, reserved 1179648K
  class space    used 18208K, committed 19328K, reserved 1048576K

Heap Regions: E=young(eden), S=young(survivor), O=old, HS=humongous(starts), HC=humongous(continues), CS=collection set, F=free, TAMS=top-at-mark-start, PB=parsable bottom
|   0|0x0000000080000000, 0x0000000080100000, 0x0000000080100000|100%|HS|  |TAMS 0x0000000080000000| PB 0x0000000080000000| Complete 
|   1|0x0000000080100000, 0x0000000080200000, 0x0000000080200000|100%|HC|  |TAMS 0x0000000080100000| PB 0x0000000080100000| Complete 
|   2|0x0000000080200000, 0x0000000080300000, 0x0000000080300000|100%|HC|  |TAMS 0x0000000080200000| PB 0x0000000080200000| Complete 
|   3|0x0000000080300000, 0x0000000080400000, 0x0000000080400000|100%|HC|  |TAMS 0x0000000080300000| PB 0x0000000080300000| Complete 
|   4|0x0000000080400000, 0x0000000080500000, 0x0000000080500000|100%| O|  |TAMS 0x0000000080400000| PB 0x0000000080400000| Untracked 
|   5|0x0000000080500000, 0x0000000080600000, 0x0000000080600000|100%| O|  |TAMS 0x0000000080500000| PB 0x0000000080500000| Untracked 
|   6|0x0000000080600000, 0x0000000080700000, 0x0000000080700000|100%|HS|  |TAMS 0x0000000080600000| PB 0x0000000080600000| Complete 
|   7|0x0000000080700000, 0x0000000080800000, 0x0000000080800000|100%| O|  |TAMS 0x0000000080700000| PB 0x0000000080700000| Untracked 
|   8|0x0000000080800000, 0x0000000080900000, 0x0000000080900000|100%| O|  |TAMS 0x0000000080800000| PB 0x0000000080800000| Untracked 
|   9|0x0000000080900000, 0x0000000080a00000, 0x0000000080a00000|100%| O|  |TAMS 0x0000000080900000| PB 0x0000000080900000| Untracked 
|  10|0x0000000080a00000, 0x0000000080b00000, 0x0000000080b00000|100%| O|  |TAMS 0x0000000080a00000| PB 0x0000000080a00000| Untracked 
|  11|0x0000000080b00000, 0x0000000080c00000, 0x0000000080c00000|100%| O|  |TAMS 0x0000000080b00000| PB 0x0000000080b00000| Untracked 
|  12|0x0000000080c00000, 0x0000000080d00000, 0x0000000080d00000|100%| O|  |TAMS 0x0000000080c00000| PB 0x0000000080c00000| Untracked 
|  13|0x0000000080d00000, 0x0000000080e00000, 0x0000000080e00000|100%| O|  |TAMS 0x0000000080d00000| PB 0x0000000080d00000| Untracked 
|  14|0x0000000080e00000, 0x0000000080f00000, 0x0000000080f00000|100%| O|  |TAMS 0x0000000080e00000| PB 0x0000000080e00000| Untracked 
|  15|0x0000000080f00000, 0x0000000081000000, 0x0000000081000000|100%| O|  |TAMS 0x0000000080f00000| PB 0x0000000080f00000| Untracked 
|  16|0x0000000081000000, 0x0000000081100000, 0x0000000081100000|100%| O|  |TAMS 0x0000000081000000| PB 0x0000000081000000| Untracked 
|  17|0x0000000081100000, 0x0000000081200000, 0x0000000081200000|100%| O|  |TAMS 0x0000000081100000| PB 0x0000000081100000| Untracked 
|  18|0x0000000081200000, 0x0000000081300000, 0x0000000081300000|100%| O|  |TAMS 0x0000000081200000| PB 0x0000000081200000| Untracked 
|  19|0x0000000081300000, 0x0000000081400000, 0x0000000081400000|100%| O|  |TAMS 0x0000000081300000| PB 0x0000000081300000| Untracked 
|  20|0x0000000081400000, 0x0000000081500000, 0x0000000081500000|100%| O|  |TAMS 0x0000000081400000| PB 0x0000000081400000| Untracked 
|  21|0x0000000081500000, 0x0000000081600000, 0x0000000081600000|100%| O|  |TAMS 0x0000000081500000| PB 0x0000000081500000| Untracked 
|  22|0x0000000081600000, 0x0000000081700000, 0x0000000081700000|100%| O|  |TAMS 0x0000000081600000| PB 0x0000000081600000| Untracked 
|  23|0x0000000081700000, 0x0000000081800000, 0x0000000081800000|100%| O|  |TAMS 0x0000000081700000| PB 0x0000000081700000| Untracked 
|  24|0x0000000081800000, 0x0000000081900000, 0x0000000081900000|100%| O|  |TAMS 0x0000000081800000| PB 0x0000000081800000| Untracked 
|  25|0x0000000081900000, 0x0000000081a00000, 0x0000000081a00000|100%| O|  |TAMS 0x0000000081900000| PB 0x0000000081900000| Untracked 
|  26|0x0000000081a00000, 0x0000000081b00000, 0x0000000081b00000|100%| O|  |TAMS 0x0000000081a00000| PB 0x0000000081a00000| Untracked 
|  27|0x0000000081b00000, 0x0000000081c00000, 0x0000000081c00000|100%| O|  |TAMS 0x0000000081b00000| PB 0x0000000081b00000| Untracked 
|  28|0x0000000081c00000, 0x0000000081d00000, 0x0000000081d00000|100%| O|  |TAMS 0x0000000081c00000| PB 0x0000000081c00000| Untracked 
|  29|0x0000000081d00000, 0x0000000081e00000, 0x0000000081e00000|100%| O|  |TAMS 0x0000000081d00000| PB 0x0000000081d00000| Untracked 
|  30|0x0000000081e00000, 0x0000000081f00000, 0x0000000081f00000|100%| O|  |TAMS 0x0000000081e00000| PB 0x0000000081e00000| Untracked 
|  31|0x0000000081f00000, 0x0000000082000000, 0x0000000082000000|100%| O|  |TAMS 0x0000000081f00000| PB 0x0000000081f00000| Untracked 
|  32|0x0000000082000000, 0x0000000082100000, 0x0000000082100000|100%| O|  |TAMS 0x0000000082000000| PB 0x0000000082000000| Untracked 
|  33|0x0000000082100000, 0x0000000082200000, 0x0000000082200000|100%| O|  |TAMS 0x0000000082100000| PB 0x0000000082100000| Untracked 
|  34|0x0000000082200000, 0x0000000082300000, 0x0000000082300000|100%| O|  |TAMS 0x0000000082200000| PB 0x0000000082200000| Untracked 
|  35|0x0000000082300000, 0x0000000082400000, 0x0000000082400000|100%| O|  |TAMS 0x0000000082300000| PB 0x0000000082300000| Untracked 
|  36|0x0000000082400000, 0x0000000082500000, 0x0000000082500000|100%|HS|  |TAMS 0x0000000082400000| PB 0x0000000082400000| Complete 
|  37|0x0000000082500000, 0x0000000082600000, 0x0000000082600000|100%|HC|  |TAMS 0x0000000082500000| PB 0x0000000082500000| Complete 
|  38|0x0000000082600000, 0x0000000082700000, 0x0000000082700000|100%| O|  |TAMS 0x0000000082600000| PB 0x0000000082600000| Untracked 
|  39|0x0000000082700000, 0x0000000082800000, 0x0000000082800000|100%| O|  |TAMS 0x0000000082700000| PB 0x0000000082700000| Untracked 
|  40|0x0000000082800000, 0x0000000082900000, 0x0000000082900000|100%| O|  |TAMS 0x0000000082800000| PB 0x0000000082800000| Untracked 
|  41|0x0000000082900000, 0x0000000082a00000, 0x0000000082a00000|100%| O|  |TAMS 0x0000000082900000| PB 0x0000000082900000| Untracked 
|  42|0x0000000082a00000, 0x0000000082b00000, 0x0000000082b00000|100%| O|  |TAMS 0x0000000082a00000| PB 0x0000000082a00000| Untracked 
|  43|0x0000000082b00000, 0x0000000082c00000, 0x0000000082c00000|100%| O|  |TAMS 0x0000000082b00000| PB 0x0000000082b00000| Untracked 
|  44|0x0000000082c00000, 0x0000000082d00000, 0x0000000082d00000|100%| O|  |TAMS 0x0000000082c00000| PB 0x0000000082c00000| Untracked 
|  45|0x0000000082d00000, 0x0000000082e00000, 0x0000000082e00000|100%|HS|  |TAMS 0x0000000082d00000| PB 0x0000000082d00000| Complete 
|  46|0x0000000082e00000, 0x0000000082f00000, 0x0000000082f00000|100%| O|  |TAMS 0x0000000082e00000| PB 0x0000000082e00000| Untracked 
|  47|0x0000000082f00000, 0x0000000083000000, 0x0000000083000000|100%|HS|  |TAMS 0x0000000082f00000| PB 0x0000000082f00000| Complete 
|  48|0x0000000083000000, 0x0000000083100000, 0x0000000083100000|100%| O|  |TAMS 0x0000000083000000| PB 0x0000000083000000| Untracked 
|  49|0x0000000083100000, 0x0000000083200000, 0x0000000083200000|100%| O|  |TAMS 0x0000000083100000| PB 0x0000000083100000| Untracked 
|  50|0x0000000083200000, 0x0000000083300000, 0x0000000083300000|100%| O|  |TAMS 0x0000000083200000| PB 0x0000000083200000| Untracked 
|  51|0x0000000083300000, 0x0000000083400000, 0x0000000083400000|100%|HS|  |TAMS 0x0000000083300000| PB 0x0000000083300000| Complete 
|  52|0x0000000083400000, 0x0000000083500000, 0x0000000083500000|100%|HC|  |TAMS 0x0000000083400000| PB 0x0000000083400000| Complete 
|  53|0x0000000083500000, 0x0000000083600000, 0x0000000083600000|100%|HS|  |TAMS 0x0000000083500000| PB 0x0000000083500000| Complete 
|  54|0x0000000083600000, 0x0000000083700000, 0x0000000083700000|100%|HS|  |TAMS 0x0000000083600000| PB 0x0000000083600000| Complete 
|  55|0x0000000083700000, 0x0000000083800000, 0x0000000083800000|100%| O|  |TAMS 0x0000000083700000| PB 0x0000000083700000| Untracked 
|  56|0x0000000083800000, 0x0000000083900000, 0x0000000083900000|100%|HS|  |TAMS 0x0000000083800000| PB 0x0000000083800000| Complete 
|  57|0x0000000083900000, 0x0000000083a00000, 0x0000000083a00000|100%|HS|  |TAMS 0x0000000083900000| PB 0x0000000083900000| Complete 
|  58|0x0000000083a00000, 0x0000000083b00000, 0x0000000083b00000|100%| O|  |TAMS 0x0000000083a00000| PB 0x0000000083a00000| Untracked 
|  59|0x0000000083b00000, 0x0000000083c00000, 0x0000000083c00000|100%| O|  |TAMS 0x0000000083b00000| PB 0x0000000083b00000| Untracked 
|  60|0x0000000083c00000, 0x0000000083d00000, 0x0000000083d00000|100%| O|  |TAMS 0x0000000083c00000| PB 0x0000000083c00000| Untracked 
|  61|0x0000000083d00000, 0x0000000083e00000, 0x0000000083e00000|100%| O|  |TAMS 0x0000000083d00000| PB 0x0000000083d00000| Untracked 
|  62|0x0000000083e00000, 0x0000000083f00000, 0x0000000083f00000|100%| O|  |TAMS 0x0000000083e00000| PB 0x0000000083e00000| Untracked 
|  63|0x0000000083f00000, 0x0000000084000000, 0x0000000084000000|100%| O|  |TAMS 0x0000000083f00000| PB 0x0000000083f00000| Untracked 
|  64|0x0000000084000000, 0x0000000084100000, 0x0000000084100000|100%| O|  |TAMS 0x0000000084000000| PB 0x0000000084000000| Untracked 
|  65|0x0000000084100000, 0x0000000084200000, 0x0000000084200000|100%| O|  |TAMS 0x0000000084100000| PB 0x0000000084100000| Untracked 
|  66|0x0000000084200000, 0x0000000084300000, 0x0000000084300000|100%| O|  |TAMS 0x0000000084200000| PB 0x0000000084200000| Untracked 
|  67|0x0000000084300000, 0x0000000084400000, 0x0000000084400000|100%|HS|  |TAMS 0x0000000084300000| PB 0x0000000084300000| Complete 
|  68|0x0000000084400000, 0x0000000084500000, 0x0000000084500000|100%|HC|  |TAMS 0x0000000084400000| PB 0x0000000084400000| Complete 
|  69|0x0000000084500000, 0x0000000084600000, 0x0000000084600000|100%| O|  |TAMS 0x0000000084500000| PB 0x0000000084500000| Untracked 
|  70|0x0000000084600000, 0x0000000084700000, 0x0000000084700000|100%| O|  |TAMS 0x0000000084600000| PB 0x0000000084600000| Untracked 
|  71|0x0000000084700000, 0x0000000084800000, 0x0000000084800000|100%| O|  |TAMS 0x0000000084700000| PB 0x0000000084700000| Untracked 
|  72|0x0000000084800000, 0x0000000084900000, 0x0000000084900000|100%|HS|  |TAMS 0x0000000084800000| PB 0x0000000084800000| Complete 
|  73|0x0000000084900000, 0x0000000084a00000, 0x0000000084a00000|100%| O|  |TAMS 0x0000000084900000| PB 0x0000000084900000| Untracked 
|  74|0x0000000084a00000, 0x0000000084b00000, 0x0000000084b00000|100%| O|  |TAMS 0x0000000084a00000| PB 0x0000000084a00000| Untracked 
|  75|0x0000000084b00000, 0x0000000084c00000, 0x0000000084c00000|100%| O|  |TAMS 0x0000000084b00000| PB 0x0000000084b00000| Untracked 
|  76|0x0000000084c00000, 0x0000000084d00000, 0x0000000084d00000|100%| O|  |TAMS 0x0000000084c00000| PB 0x0000000084c00000| Untracked 
|  77|0x0000000084d00000, 0x0000000084e00000, 0x0000000084e00000|100%| O|  |TAMS 0x0000000084d00000| PB 0x0000000084d00000| Untracked 
|  78|0x0000000084e00000, 0x0000000084f00000, 0x0000000084f00000|100%| O|  |TAMS 0x0000000084e00000| PB 0x0000000084e00000| Untracked 
|  79|0x0000000084f00000, 0x0000000085000000, 0x0000000085000000|100%| O|  |TAMS 0x0000000084f00000| PB 0x0000000084f00000| Untracked 
|  80|0x0000000085000000, 0x0000000085100000, 0x0000000085100000|100%| O|  |TAMS 0x0000000085000000| PB 0x0000000085000000| Untracked 
|  81|0x0000000085100000, 0x0000000085200000, 0x0000000085200000|100%| O|  |TAMS 0x0000000085100000| PB 0x0000000085100000| Untracked 
|  82|0x0000000085200000, 0x0000000085300000, 0x0000000085300000|100%| O|  |TAMS 0x0000000085200000| PB 0x0000000085200000| Untracked 
|  83|0x0000000085300000, 0x0000000085400000, 0x0000000085400000|100%| O|  |TAMS 0x0000000085300000| PB 0x0000000085300000| Untracked 
|  84|0x0000000085400000, 0x0000000085500000, 0x0000000085500000|100%| O|  |TAMS 0x0000000085400000| PB 0x0000000085400000| Untracked 
|  85|0x0000000085500000, 0x0000000085600000, 0x0000000085600000|100%| O|  |TAMS 0x0000000085500000| PB 0x0000000085500000| Untracked 
|  86|0x0000000085600000, 0x0000000085700000, 0x0000000085700000|100%| O|  |TAMS 0x0000000085600000| PB 0x0000000085600000| Untracked 
|  87|0x0000000085700000, 0x0000000085800000, 0x0000000085800000|100%| O|  |TAMS 0x0000000085700000| PB 0x0000000085700000| Untracked 
|  88|0x0000000085800000, 0x0000000085900000, 0x0000000085900000|100%| O|  |TAMS 0x0000000085800000| PB 0x0000000085800000| Untracked 
|  89|0x0000000085900000, 0x0000000085a00000, 0x0000000085a00000|100%| O|  |TAMS 0x0000000085900000| PB 0x0000000085900000| Untracked 
|  90|0x0000000085a00000, 0x0000000085b00000, 0x0000000085b00000|100%| O|  |TAMS 0x0000000085a00000| PB 0x0000000085a00000| Untracked 
|  91|0x0000000085b00000, 0x0000000085c00000, 0x0000000085c00000|100%| O|  |TAMS 0x0000000085b00000| PB 0x0000000085b00000| Untracked 
|  92|0x0000000085c00000, 0x0000000085d00000, 0x0000000085d00000|100%| O|  |TAMS 0x0000000085c00000| PB 0x0000000085c00000| Untracked 
|  93|0x0000000085d00000, 0x0000000085e00000, 0x0000000085e00000|100%| O|  |TAMS 0x0000000085d00000| PB 0x0000000085d00000| Untracked 
|  94|0x0000000085e00000, 0x0000000085f00000, 0x0000000085f00000|100%|HS|  |TAMS 0x0000000085e00000| PB 0x0000000085e00000| Complete 
|  95|0x0000000085f00000, 0x0000000086000000, 0x0000000086000000|100%| O|  |TAMS 0x0000000085f00000| PB 0x0000000085f00000| Untracked 
|  96|0x0000000086000000, 0x0000000086100000, 0x0000000086100000|100%| O|  |TAMS 0x0000000086000000| PB 0x0000000086000000| Untracked 
|  97|0x0000000086100000, 0x0000000086200000, 0x0000000086200000|100%| O|  |TAMS 0x0000000086100000| PB 0x0000000086100000| Untracked 
|  98|0x0000000086200000, 0x0000000086300000, 0x0000000086300000|100%| O|  |TAMS 0x0000000086200000| PB 0x0000000086200000| Untracked 
|  99|0x0000000086300000, 0x0000000086400000, 0x0000000086400000|100%| O|  |TAMS 0x0000000086300000| PB 0x0000000086300000| Untracked 
| 100|0x0000000086400000, 0x0000000086500000, 0x0000000086500000|100%| O|  |TAMS 0x0000000086400000| PB 0x0000000086400000| Untracked 
| 101|0x0000000086500000, 0x0000000086600000, 0x0000000086600000|100%| O|  |TAMS 0x0000000086500000| PB 0x0000000086500000| Untracked 
| 102|0x0000000086600000, 0x0000000086700000, 0x0000000086700000|100%| O|  |TAMS 0x0000000086600000| PB 0x0000000086600000| Untracked 
| 103|0x0000000086700000, 0x0000000086800000, 0x0000000086800000|100%| O|  |TAMS 0x0000000086700000| PB 0x0000000086700000| Untracked 
| 104|0x0000000086800000, 0x0000000086900000, 0x0000000086900000|100%| O|  |TAMS 0x0000000086800000| PB 0x0000000086800000| Untracked 
| 105|0x0000000086900000, 0x0000000086a00000, 0x0000000086a00000|100%| O|  |TAMS 0x0000000086900000| PB 0x0000000086900000| Untracked 
| 106|0x0000000086a00000, 0x0000000086b00000, 0x0000000086b00000|100%| O|  |TAMS 0x0000000086a00000| PB 0x0000000086a00000| Untracked 
| 107|0x0000000086b00000, 0x0000000086c00000, 0x0000000086c00000|100%| O|  |TAMS 0x0000000086b00000| PB 0x0000000086b00000| Untracked 
| 108|0x0000000086c00000, 0x0000000086d00000, 0x0000000086d00000|100%| O|  |TAMS 0x0000000086c00000| PB 0x0000000086c00000| Untracked 
| 109|0x0000000086d00000, 0x0000000086e00000, 0x0000000086e00000|100%| O|  |TAMS 0x0000000086d00000| PB 0x0000000086d00000| Untracked 
| 110|0x0000000086e00000, 0x0000000086f00000, 0x0000000086f00000|100%| O|  |TAMS 0x0000000086e00000| PB 0x0000000086e00000| Untracked 
| 111|0x0000000086f00000, 0x0000000087000000, 0x0000000087000000|100%| O|  |TAMS 0x0000000086f00000| PB 0x0000000086f00000| Untracked 
| 112|0x0000000087000000, 0x0000000087100000, 0x0000000087100000|100%| O|  |TAMS 0x0000000087000000| PB 0x0000000087000000| Untracked 
| 113|0x0000000087100000, 0x0000000087200000, 0x0000000087200000|100%| O|  |TAMS 0x0000000087100000| PB 0x0000000087100000| Untracked 
| 114|0x0000000087200000, 0x0000000087300000, 0x0000000087300000|100%| O|  |TAMS 0x0000000087200000| PB 0x0000000087200000| Untracked 
| 115|0x0000000087300000, 0x0000000087400000, 0x0000000087400000|100%|HS|  |TAMS 0x0000000087300000| PB 0x0000000087300000| Complete 
| 116|0x0000000087400000, 0x0000000087500000, 0x0000000087500000|100%|HC|  |TAMS 0x0000000087400000| PB 0x0000000087400000| Complete 
| 117|0x0000000087500000, 0x0000000087600000, 0x0000000087600000|100%|HS|  |TAMS 0x0000000087500000| PB 0x0000000087500000| Complete 
| 118|0x0000000087600000, 0x0000000087700000, 0x0000000087700000|100%|HC|  |TAMS 0x0000000087600000| PB 0x0000000087600000| Complete 
| 119|0x0000000087700000, 0x0000000087800000, 0x0000000087800000|100%| O|  |TAMS 0x0000000087700000| PB 0x0000000087700000| Untracked 
| 120|0x0000000087800000, 0x0000000087900000, 0x0000000087900000|100%| O|  |TAMS 0x0000000087800000| PB 0x0000000087800000| Untracked 
| 121|0x0000000087900000, 0x0000000087a00000, 0x0000000087a00000|100%| O|  |TAMS 0x0000000087900000| PB 0x0000000087900000| Untracked 
| 122|0x0000000087a00000, 0x0000000087b00000, 0x0000000087b00000|100%| O|  |TAMS 0x0000000087a00000| PB 0x0000000087a00000| Untracked 
| 123|0x0000000087b00000, 0x0000000087c00000, 0x0000000087c00000|100%| O|  |TAMS 0x0000000087b00000| PB 0x0000000087b00000| Untracked 
| 124|0x0000000087c00000, 0x0000000087d00000, 0x0000000087d00000|100%|HS|  |TAMS 0x0000000087c00000| PB 0x0000000087c00000| Complete 
| 125|0x0000000087d00000, 0x0000000087e00000, 0x0000000087e00000|100%|HC|  |TAMS 0x0000000087d00000| PB 0x0000000087d00000| Complete 
| 126|0x0000000087e00000, 0x0000000087f00000, 0x0000000087f00000|100%| O|  |TAMS 0x0000000087e00000| PB 0x0000000087e00000| Untracked 
| 127|0x0000000087f00000, 0x0000000088000000, 0x0000000088000000|100%|HS|  |TAMS 0x0000000087f00000| PB 0x0000000087f00000| Complete 
| 128|0x0000000088000000, 0x0000000088100000, 0x0000000088100000|100%|HC|  |TAMS 0x0000000088000000| PB 0x0000000088000000| Complete 
| 129|0x0000000088100000, 0x0000000088200000, 0x0000000088200000|100%|HS|  |TAMS 0x0000000088100000| PB 0x0000000088100000| Complete 
| 130|0x0000000088200000, 0x0000000088300000, 0x0000000088300000|100%|HS|  |TAMS 0x0000000088200000| PB 0x0000000088200000| Complete 
| 131|0x0000000088300000, 0x0000000088400000, 0x0000000088400000|100%|HC|  |TAMS 0x0000000088300000| PB 0x0000000088300000| Complete 
| 132|0x0000000088400000, 0x0000000088500000, 0x0000000088500000|100%|HC|  |TAMS 0x0000000088400000| PB 0x0000000088400000| Complete 
| 133|0x0000000088500000, 0x0000000088600000, 0x0000000088600000|100%|HS|  |TAMS 0x0000000088500000| PB 0x0000000088500000| Complete 
| 134|0x0000000088600000, 0x0000000088700000, 0x0000000088700000|100%|HC|  |TAMS 0x0000000088600000| PB 0x0000000088600000| Complete 
| 135|0x0000000088700000, 0x0000000088800000, 0x0000000088800000|100%|HC|  |TAMS 0x0000000088700000| PB 0x0000000088700000| Complete 
| 136|0x0000000088800000, 0x0000000088900000, 0x0000000088900000|100%| O|  |TAMS 0x0000000088800000| PB 0x0000000088800000| Untracked 
| 137|0x0000000088900000, 0x0000000088a00000, 0x0000000088a00000|100%| O|  |TAMS 0x0000000088900000| PB 0x0000000088900000| Untracked 
| 138|0x0000000088a00000, 0x0000000088b00000, 0x0000000088b00000|100%| O|  |TAMS 0x0000000088a00000| PB 0x0000000088a00000| Untracked 
| 139|0x0000000088b00000, 0x0000000088c00000, 0x0000000088c00000|100%| O|  |TAMS 0x0000000088b00000| PB 0x0000000088b00000| Untracked 
| 140|0x0000000088c00000, 0x0000000088d00000, 0x0000000088d00000|100%|HS|  |TAMS 0x0000000088c00000| PB 0x0000000088c00000| Complete 
| 141|0x0000000088d00000, 0x0000000088e00000, 0x0000000088e00000|100%|HC|  |TAMS 0x0000000088d00000| PB 0x0000000088d00000| Complete 
| 142|0x0000000088e00000, 0x0000000088f00000, 0x0000000088f00000|100%| O|  |TAMS 0x0000000088e00000| PB 0x0000000088e00000| Untracked 
| 143|0x0000000088f00000, 0x0000000089000000, 0x0000000089000000|100%| O|  |TAMS 0x0000000088f00000| PB 0x0000000088f00000| Untracked 
| 144|0x0000000089000000, 0x0000000089100000, 0x0000000089100000|100%| O|  |TAMS 0x0000000089000000| PB 0x0000000089000000| Untracked 
| 145|0x0000000089100000, 0x0000000089200000, 0x0000000089200000|100%|HS|  |TAMS 0x0000000089100000| PB 0x0000000089100000| Complete 
| 146|0x0000000089200000, 0x0000000089300000, 0x0000000089300000|100%|HC|  |TAMS 0x0000000089200000| PB 0x0000000089200000| Complete 
| 147|0x0000000089300000, 0x0000000089400000, 0x0000000089400000|100%| O|  |TAMS 0x0000000089300000| PB 0x0000000089300000| Untracked 
| 148|0x0000000089400000, 0x0000000089500000, 0x0000000089500000|100%| O|  |TAMS 0x0000000089400000| PB 0x0000000089400000| Untracked 
| 149|0x0000000089500000, 0x0000000089600000, 0x0000000089600000|100%| O|  |TAMS 0x0000000089500000| PB 0x0000000089500000| Untracked 
| 150|0x0000000089600000, 0x0000000089700000, 0x0000000089700000|100%| O|  |TAMS 0x0000000089600000| PB 0x0000000089600000| Untracked 
| 151|0x0000000089700000, 0x0000000089800000, 0x0000000089800000|100%| O|  |TAMS 0x0000000089700000| PB 0x0000000089700000| Untracked 
| 152|0x0000000089800000, 0x0000000089900000, 0x0000000089900000|100%| O|  |TAMS 0x0000000089800000| PB 0x0000000089800000| Untracked 
| 153|0x0000000089900000, 0x0000000089a00000, 0x0000000089a00000|100%| O|  |TAMS 0x0000000089900000| PB 0x0000000089900000| Untracked 
| 154|0x0000000089a00000, 0x0000000089b00000, 0x0000000089b00000|100%| O|  |TAMS 0x0000000089a00000| PB 0x0000000089a00000| Untracked 
| 155|0x0000000089b00000, 0x0000000089c00000, 0x0000000089c00000|100%| O|  |TAMS 0x0000000089b00000| PB 0x0000000089b00000| Untracked 
| 156|0x0000000089c00000, 0x0000000089d00000, 0x0000000089d00000|100%| O|  |TAMS 0x0000000089c00000| PB 0x0000000089c00000| Untracked 
| 157|0x0000000089d00000, 0x0000000089e00000, 0x0000000089e00000|100%| O|  |TAMS 0x0000000089d00000| PB 0x0000000089d00000| Untracked 
| 158|0x0000000089e00000, 0x0000000089f00000, 0x0000000089f00000|100%| O|  |TAMS 0x0000000089e00000| PB 0x0000000089e00000| Untracked 
| 159|0x0000000089f00000, 0x000000008a000000, 0x000000008a000000|100%| O|  |TAMS 0x0000000089f00000| PB 0x0000000089f00000| Untracked 
| 160|0x000000008a000000, 0x000000008a100000, 0x000000008a100000|100%|HS|  |TAMS 0x000000008a000000| PB 0x000000008a000000| Complete 
| 161|0x000000008a100000, 0x000000008a200000, 0x000000008a200000|100%| O|  |TAMS 0x000000008a100000| PB 0x000000008a100000| Untracked 
| 162|0x000000008a200000, 0x000000008a300000, 0x000000008a300000|100%| O|  |TAMS 0x000000008a200000| PB 0x000000008a200000| Untracked 
| 163|0x000000008a300000, 0x000000008a400000, 0x000000008a400000|100%| O|  |TAMS 0x000000008a300000| PB 0x000000008a300000| Untracked 
| 164|0x000000008a400000, 0x000000008a500000, 0x000000008a500000|100%| O|  |TAMS 0x000000008a400000| PB 0x000000008a400000| Untracked 
| 165|0x000000008a500000, 0x000000008a600000, 0x000000008a600000|100%| O|  |TAMS 0x000000008a500000| PB 0x000000008a500000| Untracked 
| 166|0x000000008a600000, 0x000000008a700000, 0x000000008a700000|100%| O|  |TAMS 0x000000008a600000| PB 0x000000008a600000| Untracked 
| 167|0x000000008a700000, 0x000000008a800000, 0x000000008a800000|100%| O|  |TAMS 0x000000008a700000| PB 0x000000008a700000| Untracked 
| 168|0x000000008a800000, 0x000000008a900000, 0x000000008a900000|100%| O|  |TAMS 0x000000008a800000| PB 0x000000008a800000| Untracked 
| 169|0x000000008a900000, 0x000000008a921fd8, 0x000000008aa00000| 13%| O|  |TAMS 0x000000008a900000| PB 0x000000008a900000| Untracked 
| 170|0x000000008aa00000, 0x000000008aa00000, 0x000000008ab00000|  0%| F|  |TAMS 0x000000008aa00000| PB 0x000000008aa00000| Untracked 
| 171|0x000000008ab00000, 0x000000008ab00000, 0x000000008ac00000|  0%| F|  |TAMS 0x000000008ab00000| PB 0x000000008ab00000| Untracked 
| 172|0x000000008ac00000, 0x000000008ac00000, 0x000000008ad00000|  0%| F|  |TAMS 0x000000008ac00000| PB 0x000000008ac00000| Untracked 
| 173|0x000000008ad00000, 0x000000008ad00000, 0x000000008ae00000|  0%| F|  |TAMS 0x000000008ad00000| PB 0x000000008ad00000| Untracked 
| 174|0x000000008ae00000, 0x000000008ae00000, 0x000000008af00000|  0%| F|  |TAMS 0x000000008ae00000| PB 0x000000008ae00000| Untracked 
| 175|0x000000008af00000, 0x000000008af00000, 0x000000008b000000|  0%| F|  |TAMS 0x000000008af00000| PB 0x000000008af00000| Untracked 
| 176|0x000000008b000000, 0x000000008b000000, 0x000000008b100000|  0%| F|  |TAMS 0x000000008b000000| PB 0x000000008b000000| Untracked 
| 177|0x000000008b100000, 0x000000008b100000, 0x000000008b200000|  0%| F|  |TAMS 0x000000008b100000| PB 0x000000008b100000| Untracked 
| 178|0x000000008b200000, 0x000000008b200000, 0x000000008b300000|  0%| F|  |TAMS 0x000000008b200000| PB 0x000000008b200000| Untracked 
| 179|0x000000008b300000, 0x000000008b300000, 0x000000008b400000|  0%| F|  |TAMS 0x000000008b300000| PB 0x000000008b300000| Untracked 
| 180|0x000000008b400000, 0x000000008b400000, 0x000000008b500000|  0%| F|  |TAMS 0x000000008b400000| PB 0x000000008b400000| Untracked 
| 181|0x000000008b500000, 0x000000008b500000, 0x000000008b600000|  0%| F|  |TAMS 0x000000008b500000| PB 0x000000008b500000| Untracked 
| 182|0x000000008b600000, 0x000000008b600000, 0x000000008b700000|  0%| F|  |TAMS 0x000000008b600000| PB 0x000000008b600000| Untracked 
| 183|0x000000008b700000, 0x000000008b700000, 0x000000008b800000|  0%| F|  |TAMS 0x000000008b700000| PB 0x000000008b700000| Untracked 
| 184|0x000000008b800000, 0x000000008b800000, 0x000000008b900000|  0%| F|  |TAMS 0x000000008b800000| PB 0x000000008b800000| Untracked 
| 185|0x000000008b900000, 0x000000008b900000, 0x000000008ba00000|  0%| F|  |TAMS 0x000000008b900000| PB 0x000000008b900000| Untracked 
| 186|0x000000008ba00000, 0x000000008ba00000, 0x000000008bb00000|  0%| F|  |TAMS 0x000000008ba00000| PB 0x000000008ba00000| Untracked 
| 187|0x000000008bb00000, 0x000000008bb00000, 0x000000008bc00000|  0%| F|  |TAMS 0x000000008bb00000| PB 0x000000008bb00000| Untracked 
| 188|0x000000008bc00000, 0x000000008bc00000, 0x000000008bd00000|  0%| F|  |TAMS 0x000000008bc00000| PB 0x000000008bc00000| Untracked 
| 189|0x000000008bd00000, 0x000000008bd00000, 0x000000008be00000|  0%| F|  |TAMS 0x000000008bd00000| PB 0x000000008bd00000| Untracked 
| 190|0x000000008be00000, 0x000000008be00000, 0x000000008bf00000|  0%| F|  |TAMS 0x000000008be00000| PB 0x000000008be00000| Untracked 
| 191|0x000000008bf00000, 0x000000008bf00000, 0x000000008c000000|  0%| F|  |TAMS 0x000000008bf00000| PB 0x000000008bf00000| Untracked 
| 192|0x000000008c000000, 0x000000008c000000, 0x000000008c100000|  0%| F|  |TAMS 0x000000008c000000| PB 0x000000008c000000| Untracked 
| 193|0x000000008c100000, 0x000000008c100000, 0x000000008c200000|  0%| F|  |TAMS 0x000000008c100000| PB 0x000000008c100000| Untracked 
| 194|0x000000008c200000, 0x000000008c200000, 0x000000008c300000|  0%| F|  |TAMS 0x000000008c200000| PB 0x000000008c200000| Untracked 
| 195|0x000000008c300000, 0x000000008c300000, 0x000000008c400000|  0%| F|  |TAMS 0x000000008c300000| PB 0x000000008c300000| Untracked 
| 196|0x000000008c400000, 0x000000008c400000, 0x000000008c500000|  0%| F|  |TAMS 0x000000008c400000| PB 0x000000008c400000| Untracked 
| 197|0x000000008c500000, 0x000000008c500000, 0x000000008c600000|  0%| F|  |TAMS 0x000000008c500000| PB 0x000000008c500000| Untracked 
| 198|0x000000008c600000, 0x000000008c600000, 0x000000008c700000|  0%| F|  |TAMS 0x000000008c600000| PB 0x000000008c600000| Untracked 
| 199|0x000000008c700000, 0x000000008c700000, 0x000000008c800000|  0%| F|  |TAMS 0x000000008c700000| PB 0x000000008c700000| Untracked 
| 200|0x000000008c800000, 0x000000008c800000, 0x000000008c900000|  0%| F|  |TAMS 0x000000008c800000| PB 0x000000008c800000| Untracked 
| 201|0x000000008c900000, 0x000000008c900000, 0x000000008ca00000|  0%| F|  |TAMS 0x000000008c900000| PB 0x000000008c900000| Untracked 
| 202|0x000000008ca00000, 0x000000008ca00000, 0x000000008cb00000|  0%| F|  |TAMS 0x000000008ca00000| PB 0x000000008ca00000| Untracked 
| 203|0x000000008cb00000, 0x000000008cb00000, 0x000000008cc00000|  0%| F|  |TAMS 0x000000008cb00000| PB 0x000000008cb00000| Untracked 
| 204|0x000000008cc00000, 0x000000008cc00000, 0x000000008cd00000|  0%| F|  |TAMS 0x000000008cc00000| PB 0x000000008cc00000| Untracked 
| 205|0x000000008cd00000, 0x000000008cd00000, 0x000000008ce00000|  0%| F|  |TAMS 0x000000008cd00000| PB 0x000000008cd00000| Untracked 
| 206|0x000000008ce00000, 0x000000008ce00000, 0x000000008cf00000|  0%| F|  |TAMS 0x000000008ce00000| PB 0x000000008ce00000| Untracked 
| 207|0x000000008cf00000, 0x000000008cf00000, 0x000000008d000000|  0%| F|  |TAMS 0x000000008cf00000| PB 0x000000008cf00000| Untracked 
| 208|0x000000008d000000, 0x000000008d000000, 0x000000008d100000|  0%| F|  |TAMS 0x000000008d000000| PB 0x000000008d000000| Untracked 
| 209|0x000000008d100000, 0x000000008d100000, 0x000000008d200000|  0%| F|  |TAMS 0x000000008d100000| PB 0x000000008d100000| Untracked 
| 210|0x000000008d200000, 0x000000008d200000, 0x000000008d300000|  0%| F|  |TAMS 0x000000008d200000| PB 0x000000008d200000| Untracked 
| 211|0x000000008d300000, 0x000000008d300000, 0x000000008d400000|  0%| F|  |TAMS 0x000000008d300000| PB 0x000000008d300000| Untracked 
| 212|0x000000008d400000, 0x000000008d400000, 0x000000008d500000|  0%| F|  |TAMS 0x000000008d400000| PB 0x000000008d400000| Untracked 
| 213|0x000000008d500000, 0x000000008d500000, 0x000000008d600000|  0%| F|  |TAMS 0x000000008d500000| PB 0x000000008d500000| Untracked 
| 214|0x000000008d600000, 0x000000008d600000, 0x000000008d700000|  0%| F|  |TAMS 0x000000008d600000| PB 0x000000008d600000| Untracked 
| 215|0x000000008d700000, 0x000000008d700000, 0x000000008d800000|  0%| F|  |TAMS 0x000000008d700000| PB 0x000000008d700000| Untracked 
| 216|0x000000008d800000, 0x000000008d800000, 0x000000008d900000|  0%| F|  |TAMS 0x000000008d800000| PB 0x000000008d800000| Untracked 
| 217|0x000000008d900000, 0x000000008d900000, 0x000000008da00000|  0%| F|  |TAMS 0x000000008d900000| PB 0x000000008d900000| Untracked 
| 218|0x000000008da00000, 0x000000008da00000, 0x000000008db00000|  0%| F|  |TAMS 0x000000008da00000| PB 0x000000008da00000| Untracked 
| 219|0x000000008db00000, 0x000000008db00000, 0x000000008dc00000|  0%| F|  |TAMS 0x000000008db00000| PB 0x000000008db00000| Untracked 
| 220|0x000000008dc00000, 0x000000008dc00000, 0x000000008dd00000|  0%| F|  |TAMS 0x000000008dc00000| PB 0x000000008dc00000| Untracked 
| 221|0x000000008dd00000, 0x000000008dd00000, 0x000000008de00000|  0%| F|  |TAMS 0x000000008dd00000| PB 0x000000008dd00000| Untracked 
| 222|0x000000008de00000, 0x000000008de00000, 0x000000008df00000|  0%| F|  |TAMS 0x000000008de00000| PB 0x000000008de00000| Untracked 
| 223|0x000000008df00000, 0x000000008df00000, 0x000000008e000000|  0%| F|  |TAMS 0x000000008df00000| PB 0x000000008df00000| Untracked 
| 224|0x000000008e000000, 0x000000008e000000, 0x000000008e100000|  0%| F|  |TAMS 0x000000008e000000| PB 0x000000008e000000| Untracked 
| 225|0x000000008e100000, 0x000000008e100000, 0x000000008e200000|  0%| F|  |TAMS 0x000000008e100000| PB 0x000000008e100000| Untracked 
| 226|0x000000008e200000, 0x000000008e200000, 0x000000008e300000|  0%| F|  |TAMS 0x000000008e200000| PB 0x000000008e200000| Untracked 
| 227|0x000000008e300000, 0x000000008e300000, 0x000000008e400000|  0%| F|  |TAMS 0x000000008e300000| PB 0x000000008e300000| Untracked 
| 228|0x000000008e400000, 0x000000008e400000, 0x000000008e500000|  0%| F|  |TAMS 0x000000008e400000| PB 0x000000008e400000| Untracked 
| 229|0x000000008e500000, 0x000000008e500000, 0x000000008e600000|  0%| F|  |TAMS 0x000000008e500000| PB 0x000000008e500000| Untracked 
| 230|0x000000008e600000, 0x000000008e600000, 0x000000008e700000|  0%| F|  |TAMS 0x000000008e600000| PB 0x000000008e600000| Untracked 
| 231|0x000000008e700000, 0x000000008e700000, 0x000000008e800000|  0%| F|  |TAMS 0x000000008e700000| PB 0x000000008e700000| Untracked 
| 232|0x000000008e800000, 0x000000008e800000, 0x000000008e900000|  0%| F|  |TAMS 0x000000008e800000| PB 0x000000008e800000| Untracked 
| 233|0x000000008e900000, 0x000000008e900000, 0x000000008ea00000|  0%| F|  |TAMS 0x000000008e900000| PB 0x000000008e900000| Untracked 
| 234|0x000000008ea00000, 0x000000008ea00000, 0x000000008eb00000|  0%| F|  |TAMS 0x000000008ea00000| PB 0x000000008ea00000| Untracked 
| 235|0x000000008eb00000, 0x000000008eb00000, 0x000000008ec00000|  0%| F|  |TAMS 0x000000008eb00000| PB 0x000000008eb00000| Untracked 
| 236|0x000000008ec00000, 0x000000008ec00000, 0x000000008ed00000|  0%| F|  |TAMS 0x000000008ec00000| PB 0x000000008ec00000| Untracked 
| 237|0x000000008ed00000, 0x000000008ed00000, 0x000000008ee00000|  0%| F|  |TAMS 0x000000008ed00000| PB 0x000000008ed00000| Untracked 
| 238|0x000000008ee00000, 0x000000008ee00000, 0x000000008ef00000|  0%| F|  |TAMS 0x000000008ee00000| PB 0x000000008ee00000| Untracked 
| 239|0x000000008ef00000, 0x000000008ef00000, 0x000000008f000000|  0%| F|  |TAMS 0x000000008ef00000| PB 0x000000008ef00000| Untracked 
| 240|0x000000008f000000, 0x000000008f000000, 0x000000008f100000|  0%| F|  |TAMS 0x000000008f000000| PB 0x000000008f000000| Untracked 
| 241|0x000000008f100000, 0x000000008f100000, 0x000000008f200000|  0%| F|  |TAMS 0x000000008f100000| PB 0x000000008f100000| Untracked 
| 242|0x000000008f200000, 0x000000008f200000, 0x000000008f300000|  0%| F|  |TAMS 0x000000008f200000| PB 0x000000008f200000| Untracked 
| 243|0x000000008f300000, 0x000000008f300000, 0x000000008f400000|  0%| F|  |TAMS 0x000000008f300000| PB 0x000000008f300000| Untracked 
| 244|0x000000008f400000, 0x000000008f400000, 0x000000008f500000|  0%| F|  |TAMS 0x000000008f400000| PB 0x000000008f400000| Untracked 
| 245|0x000000008f500000, 0x000000008f500000, 0x000000008f600000|  0%| F|  |TAMS 0x000000008f500000| PB 0x000000008f500000| Untracked 
| 246|0x000000008f600000, 0x000000008f600000, 0x000000008f700000|  0%| F|  |TAMS 0x000000008f600000| PB 0x000000008f600000| Untracked 
| 247|0x000000008f700000, 0x000000008f700000, 0x000000008f800000|  0%| F|  |TAMS 0x000000008f700000| PB 0x000000008f700000| Untracked 
| 248|0x000000008f800000, 0x000000008f800000, 0x000000008f900000|  0%| F|  |TAMS 0x000000008f800000| PB 0x000000008f800000| Untracked 
| 249|0x000000008f900000, 0x000000008f900000, 0x000000008fa00000|  0%| F|  |TAMS 0x000000008f900000| PB 0x000000008f900000| Untracked 
| 250|0x000000008fa00000, 0x000000008fa00000, 0x000000008fb00000|  0%| F|  |TAMS 0x000000008fa00000| PB 0x000000008fa00000| Untracked 
| 251|0x000000008fb00000, 0x000000008fb00000, 0x000000008fc00000|  0%| F|  |TAMS 0x000000008fb00000| PB 0x000000008fb00000| Untracked 
| 252|0x000000008fc00000, 0x000000008fc00000, 0x000000008fd00000|  0%| F|  |TAMS 0x000000008fc00000| PB 0x000000008fc00000| Untracked 
| 253|0x000000008fd00000, 0x000000008fd00000, 0x000000008fe00000|  0%| F|  |TAMS 0x000000008fd00000| PB 0x000000008fd00000| Untracked 
| 254|0x000000008fe00000, 0x000000008fe00000, 0x000000008ff00000|  0%| F|  |TAMS 0x000000008fe00000| PB 0x000000008fe00000| Untracked 
| 255|0x000000008ff00000, 0x000000008ff00000, 0x0000000090000000|  0%| F|  |TAMS 0x000000008ff00000| PB 0x000000008ff00000| Untracked 
| 256|0x0000000090000000, 0x0000000090000000, 0x0000000090100000|  0%| F|  |TAMS 0x0000000090000000| PB 0x0000000090000000| Untracked 
| 257|0x0000000090100000, 0x0000000090100000, 0x0000000090200000|  0%| F|  |TAMS 0x0000000090100000| PB 0x0000000090100000| Untracked 
| 258|0x0000000090200000, 0x0000000090200000, 0x0000000090300000|  0%| F|  |TAMS 0x0000000090200000| PB 0x0000000090200000| Untracked 
| 259|0x0000000090300000, 0x0000000090300000, 0x0000000090400000|  0%| F|  |TAMS 0x0000000090300000| PB 0x0000000090300000| Untracked 
| 260|0x0000000090400000, 0x0000000090400000, 0x0000000090500000|  0%| F|  |TAMS 0x0000000090400000| PB 0x0000000090400000| Untracked 
| 261|0x0000000090500000, 0x0000000090500000, 0x0000000090600000|  0%| F|  |TAMS 0x0000000090500000| PB 0x0000000090500000| Untracked 
| 262|0x0000000090600000, 0x0000000090600000, 0x0000000090700000|  0%| F|  |TAMS 0x0000000090600000| PB 0x0000000090600000| Untracked 
| 263|0x0000000090700000, 0x0000000090700000, 0x0000000090800000|  0%| F|  |TAMS 0x0000000090700000| PB 0x0000000090700000| Untracked 
| 264|0x0000000090800000, 0x0000000090800000, 0x0000000090900000|  0%| F|  |TAMS 0x0000000090800000| PB 0x0000000090800000| Untracked 
| 265|0x0000000090900000, 0x0000000090900000, 0x0000000090a00000|  0%| F|  |TAMS 0x0000000090900000| PB 0x0000000090900000| Untracked 
| 266|0x0000000090a00000, 0x0000000090a00000, 0x0000000090b00000|  0%| F|  |TAMS 0x0000000090a00000| PB 0x0000000090a00000| Untracked 
| 267|0x0000000090b00000, 0x0000000090b00000, 0x0000000090c00000|  0%| F|  |TAMS 0x0000000090b00000| PB 0x0000000090b00000| Untracked 
| 268|0x0000000090c00000, 0x0000000090c00000, 0x0000000090d00000|  0%| F|  |TAMS 0x0000000090c00000| PB 0x0000000090c00000| Untracked 
| 269|0x0000000090d00000, 0x0000000090d00000, 0x0000000090e00000|  0%| F|  |TAMS 0x0000000090d00000| PB 0x0000000090d00000| Untracked 
| 270|0x0000000090e00000, 0x0000000090e00000, 0x0000000090f00000|  0%| F|  |TAMS 0x0000000090e00000| PB 0x0000000090e00000| Untracked 
| 271|0x0000000090f00000, 0x0000000090f00000, 0x0000000091000000|  0%| F|  |TAMS 0x0000000090f00000| PB 0x0000000090f00000| Untracked 
| 272|0x0000000091000000, 0x0000000091000000, 0x0000000091100000|  0%| F|  |TAMS 0x0000000091000000| PB 0x0000000091000000| Untracked 
| 273|0x0000000091100000, 0x0000000091100000, 0x0000000091200000|  0%| F|  |TAMS 0x0000000091100000| PB 0x0000000091100000| Untracked 
| 274|0x0000000091200000, 0x0000000091200000, 0x0000000091300000|  0%| F|  |TAMS 0x0000000091200000| PB 0x0000000091200000| Untracked 
| 275|0x0000000091300000, 0x0000000091300000, 0x0000000091400000|  0%| F|  |TAMS 0x0000000091300000| PB 0x0000000091300000| Untracked 
| 276|0x0000000091400000, 0x0000000091400000, 0x0000000091500000|  0%| F|  |TAMS 0x0000000091400000| PB 0x0000000091400000| Untracked 
| 277|0x0000000091500000, 0x0000000091500000, 0x0000000091600000|  0%| F|  |TAMS 0x0000000091500000| PB 0x0000000091500000| Untracked 
| 278|0x0000000091600000, 0x0000000091600000, 0x0000000091700000|  0%| F|  |TAMS 0x0000000091600000| PB 0x0000000091600000| Untracked 
| 279|0x0000000091700000, 0x0000000091700000, 0x0000000091800000|  0%| F|  |TAMS 0x0000000091700000| PB 0x0000000091700000| Untracked 
| 280|0x0000000091800000, 0x0000000091800000, 0x0000000091900000|  0%| F|  |TAMS 0x0000000091800000| PB 0x0000000091800000| Untracked 
| 281|0x0000000091900000, 0x0000000091900000, 0x0000000091a00000|  0%| F|  |TAMS 0x0000000091900000| PB 0x0000000091900000| Untracked 
| 282|0x0000000091a00000, 0x0000000091a00000, 0x0000000091b00000|  0%| F|  |TAMS 0x0000000091a00000| PB 0x0000000091a00000| Untracked 
| 283|0x0000000091b00000, 0x0000000091b00000, 0x0000000091c00000|  0%| F|  |TAMS 0x0000000091b00000| PB 0x0000000091b00000| Untracked 
| 284|0x0000000091c00000, 0x0000000091c00000, 0x0000000091d00000|  0%| F|  |TAMS 0x0000000091c00000| PB 0x0000000091c00000| Untracked 
| 285|0x0000000091d00000, 0x0000000091d00000, 0x0000000091e00000|  0%| F|  |TAMS 0x0000000091d00000| PB 0x0000000091d00000| Untracked 
| 286|0x0000000091e00000, 0x0000000091e00000, 0x0000000091f00000|  0%| F|  |TAMS 0x0000000091e00000| PB 0x0000000091e00000| Untracked 
| 287|0x0000000091f00000, 0x0000000091f00000, 0x0000000092000000|  0%| F|  |TAMS 0x0000000091f00000| PB 0x0000000091f00000| Untracked 
| 288|0x0000000092000000, 0x0000000092000000, 0x0000000092100000|  0%| F|  |TAMS 0x0000000092000000| PB 0x0000000092000000| Untracked 
| 289|0x0000000092100000, 0x0000000092100000, 0x0000000092200000|  0%| F|  |TAMS 0x0000000092100000| PB 0x0000000092100000| Untracked 
| 290|0x0000000092200000, 0x0000000092200000, 0x0000000092300000|  0%| F|  |TAMS 0x0000000092200000| PB 0x0000000092200000| Untracked 
| 291|0x0000000092300000, 0x0000000092300000, 0x0000000092400000|  0%| F|  |TAMS 0x0000000092300000| PB 0x0000000092300000| Untracked 
| 292|0x0000000092400000, 0x0000000092400000, 0x0000000092500000|  0%| F|  |TAMS 0x0000000092400000| PB 0x0000000092400000| Untracked 
| 293|0x0000000092500000, 0x0000000092500000, 0x0000000092600000|  0%| F|  |TAMS 0x0000000092500000| PB 0x0000000092500000| Untracked 
| 294|0x0000000092600000, 0x0000000092600000, 0x0000000092700000|  0%| F|  |TAMS 0x0000000092600000| PB 0x0000000092600000| Untracked 
| 295|0x0000000092700000, 0x0000000092700000, 0x0000000092800000|  0%| F|  |TAMS 0x0000000092700000| PB 0x0000000092700000| Untracked 
| 296|0x0000000092800000, 0x0000000092800000, 0x0000000092900000|  0%| F|  |TAMS 0x0000000092800000| PB 0x0000000092800000| Untracked 
| 297|0x0000000092900000, 0x0000000092900000, 0x0000000092a00000|  0%| F|  |TAMS 0x0000000092900000| PB 0x0000000092900000| Untracked 
| 298|0x0000000092a00000, 0x0000000092a00000, 0x0000000092b00000|  0%| F|  |TAMS 0x0000000092a00000| PB 0x0000000092a00000| Untracked 
| 299|0x0000000092b00000, 0x0000000092b00000, 0x0000000092c00000|  0%| F|  |TAMS 0x0000000092b00000| PB 0x0000000092b00000| Untracked 
| 300|0x0000000092c00000, 0x0000000092c00000, 0x0000000092d00000|  0%| F|  |TAMS 0x0000000092c00000| PB 0x0000000092c00000| Untracked 
| 301|0x0000000092d00000, 0x0000000092d00000, 0x0000000092e00000|  0%| F|  |TAMS 0x0000000092d00000| PB 0x0000000092d00000| Untracked 
| 302|0x0000000092e00000, 0x0000000092e00000, 0x0000000092f00000|  0%| F|  |TAMS 0x0000000092e00000| PB 0x0000000092e00000| Untracked 
| 303|0x0000000092f00000, 0x0000000092f00000, 0x0000000093000000|  0%| F|  |TAMS 0x0000000092f00000| PB 0x0000000092f00000| Untracked 
| 304|0x0000000093000000, 0x0000000093000000, 0x0000000093100000|  0%| F|  |TAMS 0x0000000093000000| PB 0x0000000093000000| Untracked 
| 305|0x0000000093100000, 0x0000000093100000, 0x0000000093200000|  0%| F|  |TAMS 0x0000000093100000| PB 0x0000000093100000| Untracked 
| 306|0x0000000093200000, 0x0000000093200000, 0x0000000093300000|  0%| F|  |TAMS 0x0000000093200000| PB 0x0000000093200000| Untracked 
| 307|0x0000000093300000, 0x0000000093300000, 0x0000000093400000|  0%| F|  |TAMS 0x0000000093300000| PB 0x0000000093300000| Untracked 
| 308|0x0000000093400000, 0x0000000093400000, 0x0000000093500000|  0%| F|  |TAMS 0x0000000093400000| PB 0x0000000093400000| Untracked 
| 309|0x0000000093500000, 0x0000000093500000, 0x0000000093600000|  0%| F|  |TAMS 0x0000000093500000| PB 0x0000000093500000| Untracked 
| 310|0x0000000093600000, 0x0000000093600000, 0x0000000093700000|  0%| F|  |TAMS 0x0000000093600000| PB 0x0000000093600000| Untracked 
| 311|0x0000000093700000, 0x0000000093700000, 0x0000000093800000|  0%| F|  |TAMS 0x0000000093700000| PB 0x0000000093700000| Untracked 
| 312|0x0000000093800000, 0x0000000093800000, 0x0000000093900000|  0%| F|  |TAMS 0x0000000093800000| PB 0x0000000093800000| Untracked 
| 313|0x0000000093900000, 0x0000000093900000, 0x0000000093a00000|  0%| F|  |TAMS 0x0000000093900000| PB 0x0000000093900000| Untracked 
| 314|0x0000000093a00000, 0x0000000093a00000, 0x0000000093b00000|  0%| F|  |TAMS 0x0000000093a00000| PB 0x0000000093a00000| Untracked 
| 315|0x0000000093b00000, 0x0000000093b00000, 0x0000000093c00000|  0%| F|  |TAMS 0x0000000093b00000| PB 0x0000000093b00000| Untracked 
| 316|0x0000000093c00000, 0x0000000093c00000, 0x0000000093d00000|  0%| F|  |TAMS 0x0000000093c00000| PB 0x0000000093c00000| Untracked 
| 317|0x0000000093d00000, 0x0000000093d00000, 0x0000000093e00000|  0%| F|  |TAMS 0x0000000093d00000| PB 0x0000000093d00000| Untracked 
| 318|0x0000000093e00000, 0x0000000093e00000, 0x0000000093f00000|  0%| F|  |TAMS 0x0000000093e00000| PB 0x0000000093e00000| Untracked 
| 319|0x0000000093f00000, 0x0000000093f00000, 0x0000000094000000|  0%| F|  |TAMS 0x0000000093f00000| PB 0x0000000093f00000| Untracked 
| 320|0x0000000094000000, 0x0000000094000000, 0x0000000094100000|  0%| F|  |TAMS 0x0000000094000000| PB 0x0000000094000000| Untracked 
| 321|0x0000000094100000, 0x0000000094100000, 0x0000000094200000|  0%| F|  |TAMS 0x0000000094100000| PB 0x0000000094100000| Untracked 
| 322|0x0000000094200000, 0x0000000094200000, 0x0000000094300000|  0%| F|  |TAMS 0x0000000094200000| PB 0x0000000094200000| Untracked 
| 323|0x0000000094300000, 0x0000000094300000, 0x0000000094400000|  0%| F|  |TAMS 0x0000000094300000| PB 0x0000000094300000| Untracked 
| 324|0x0000000094400000, 0x0000000094400000, 0x0000000094500000|  0%| F|  |TAMS 0x0000000094400000| PB 0x0000000094400000| Untracked 
| 325|0x0000000094500000, 0x0000000094500000, 0x0000000094600000|  0%| F|  |TAMS 0x0000000094500000| PB 0x0000000094500000| Untracked 
| 326|0x0000000094600000, 0x0000000094600000, 0x0000000094700000|  0%| F|  |TAMS 0x0000000094600000| PB 0x0000000094600000| Untracked 
| 327|0x0000000094700000, 0x0000000094700000, 0x0000000094800000|  0%| F|  |TAMS 0x0000000094700000| PB 0x0000000094700000| Untracked 
| 328|0x0000000094800000, 0x0000000094800000, 0x0000000094900000|  0%| F|  |TAMS 0x0000000094800000| PB 0x0000000094800000| Untracked 
| 329|0x0000000094900000, 0x0000000094900000, 0x0000000094a00000|  0%| F|  |TAMS 0x0000000094900000| PB 0x0000000094900000| Untracked 
| 330|0x0000000094a00000, 0x0000000094a00000, 0x0000000094b00000|  0%| F|  |TAMS 0x0000000094a00000| PB 0x0000000094a00000| Untracked 
| 331|0x0000000094b00000, 0x0000000094b00000, 0x0000000094c00000|  0%| F|  |TAMS 0x0000000094b00000| PB 0x0000000094b00000| Untracked 
| 332|0x0000000094c00000, 0x0000000094c00000, 0x0000000094d00000|  0%| F|  |TAMS 0x0000000094c00000| PB 0x0000000094c00000| Untracked 
| 333|0x0000000094d00000, 0x0000000094d00000, 0x0000000094e00000|  0%| F|  |TAMS 0x0000000094d00000| PB 0x0000000094d00000| Untracked 
| 334|0x0000000094e00000, 0x0000000094e00000, 0x0000000094f00000|  0%| F|  |TAMS 0x0000000094e00000| PB 0x0000000094e00000| Untracked 
| 335|0x0000000094f00000, 0x0000000094f00000, 0x0000000095000000|  0%| F|  |TAMS 0x0000000094f00000| PB 0x0000000094f00000| Untracked 
| 336|0x0000000095000000, 0x0000000095000000, 0x0000000095100000|  0%| F|  |TAMS 0x0000000095000000| PB 0x0000000095000000| Untracked 
| 337|0x0000000095100000, 0x0000000095100000, 0x0000000095200000|  0%| F|  |TAMS 0x0000000095100000| PB 0x0000000095100000| Untracked 
| 338|0x0000000095200000, 0x0000000095200000, 0x0000000095300000|  0%| F|  |TAMS 0x0000000095200000| PB 0x0000000095200000| Untracked 
| 339|0x0000000095300000, 0x0000000095300000, 0x0000000095400000|  0%| F|  |TAMS 0x0000000095300000| PB 0x0000000095300000| Untracked 
| 340|0x0000000095400000, 0x0000000095400000, 0x0000000095500000|  0%| F|  |TAMS 0x0000000095400000| PB 0x0000000095400000| Untracked 
| 341|0x0000000095500000, 0x0000000095500000, 0x0000000095600000|  0%| F|  |TAMS 0x0000000095500000| PB 0x0000000095500000| Untracked 
| 342|0x0000000095600000, 0x0000000095600000, 0x0000000095700000|  0%| F|  |TAMS 0x0000000095600000| PB 0x0000000095600000| Untracked 
| 343|0x0000000095700000, 0x0000000095700000, 0x0000000095800000|  0%| F|  |TAMS 0x0000000095700000| PB 0x0000000095700000| Untracked 
| 344|0x0000000095800000, 0x0000000095800000, 0x0000000095900000|  0%| F|  |TAMS 0x0000000095800000| PB 0x0000000095800000| Untracked 
| 345|0x0000000095900000, 0x0000000095900000, 0x0000000095a00000|  0%| F|  |TAMS 0x0000000095900000| PB 0x0000000095900000| Untracked 
| 346|0x0000000095a00000, 0x0000000095a00000, 0x0000000095b00000|  0%| F|  |TAMS 0x0000000095a00000| PB 0x0000000095a00000| Untracked 
| 347|0x0000000095b00000, 0x0000000095b00000, 0x0000000095c00000|  0%| F|  |TAMS 0x0000000095b00000| PB 0x0000000095b00000| Untracked 
| 348|0x0000000095c00000, 0x0000000095c00000, 0x0000000095d00000|  0%| F|  |TAMS 0x0000000095c00000| PB 0x0000000095c00000| Untracked 
| 349|0x0000000095d00000, 0x0000000095d00000, 0x0000000095e00000|  0%| F|  |TAMS 0x0000000095d00000| PB 0x0000000095d00000| Untracked 
| 350|0x0000000095e00000, 0x0000000095e00000, 0x0000000095f00000|  0%| F|  |TAMS 0x0000000095e00000| PB 0x0000000095e00000| Untracked 
| 351|0x0000000095f00000, 0x0000000095f00000, 0x0000000096000000|  0%| F|  |TAMS 0x0000000095f00000| PB 0x0000000095f00000| Untracked 
| 352|0x0000000096000000, 0x0000000096000000, 0x0000000096100000|  0%| F|  |TAMS 0x0000000096000000| PB 0x0000000096000000| Untracked 
| 353|0x0000000096100000, 0x0000000096100000, 0x0000000096200000|  0%| F|  |TAMS 0x0000000096100000| PB 0x0000000096100000| Untracked 
| 354|0x0000000096200000, 0x0000000096200000, 0x0000000096300000|  0%| F|  |TAMS 0x0000000096200000| PB 0x0000000096200000| Untracked 
| 355|0x0000000096300000, 0x0000000096300000, 0x0000000096400000|  0%| F|  |TAMS 0x0000000096300000| PB 0x0000000096300000| Untracked 
| 356|0x0000000096400000, 0x0000000096400000, 0x0000000096500000|  0%| F|  |TAMS 0x0000000096400000| PB 0x0000000096400000| Untracked 
| 357|0x0000000096500000, 0x0000000096500000, 0x0000000096600000|  0%| F|  |TAMS 0x0000000096500000| PB 0x0000000096500000| Untracked 
| 358|0x0000000096600000, 0x0000000096600000, 0x0000000096700000|  0%| F|  |TAMS 0x0000000096600000| PB 0x0000000096600000| Untracked 
| 359|0x0000000096700000, 0x0000000096700000, 0x0000000096800000|  0%| F|  |TAMS 0x0000000096700000| PB 0x0000000096700000| Untracked 
| 360|0x0000000096800000, 0x0000000096800000, 0x0000000096900000|  0%| F|  |TAMS 0x0000000096800000| PB 0x0000000096800000| Untracked 
| 361|0x0000000096900000, 0x0000000096900000, 0x0000000096a00000|  0%| F|  |TAMS 0x0000000096900000| PB 0x0000000096900000| Untracked 
| 362|0x0000000096a00000, 0x0000000096a00000, 0x0000000096b00000|  0%| F|  |TAMS 0x0000000096a00000| PB 0x0000000096a00000| Untracked 
| 363|0x0000000096b00000, 0x0000000096b00000, 0x0000000096c00000|  0%| F|  |TAMS 0x0000000096b00000| PB 0x0000000096b00000| Untracked 
| 364|0x0000000096c00000, 0x0000000096c00000, 0x0000000096d00000|  0%| F|  |TAMS 0x0000000096c00000| PB 0x0000000096c00000| Untracked 
| 365|0x0000000096d00000, 0x0000000096d00000, 0x0000000096e00000|  0%| F|  |TAMS 0x0000000096d00000| PB 0x0000000096d00000| Untracked 
| 366|0x0000000096e00000, 0x0000000096e00000, 0x0000000096f00000|  0%| F|  |TAMS 0x0000000096e00000| PB 0x0000000096e00000| Untracked 
| 367|0x0000000096f00000, 0x0000000096f00000, 0x0000000097000000|  0%| F|  |TAMS 0x0000000096f00000| PB 0x0000000096f00000| Untracked 
| 368|0x0000000097000000, 0x0000000097000000, 0x0000000097100000|  0%| F|  |TAMS 0x0000000097000000| PB 0x0000000097000000| Untracked 
| 369|0x0000000097100000, 0x0000000097100000, 0x0000000097200000|  0%| F|  |TAMS 0x0000000097100000| PB 0x0000000097100000| Untracked 
| 370|0x0000000097200000, 0x0000000097200000, 0x0000000097300000|  0%| F|  |TAMS 0x0000000097200000| PB 0x0000000097200000| Untracked 
| 371|0x0000000097300000, 0x0000000097300000, 0x0000000097400000|  0%| F|  |TAMS 0x0000000097300000| PB 0x0000000097300000| Untracked 
| 372|0x0000000097400000, 0x0000000097400000, 0x0000000097500000|  0%| F|  |TAMS 0x0000000097400000| PB 0x0000000097400000| Untracked 
| 373|0x0000000097500000, 0x0000000097500000, 0x0000000097600000|  0%| F|  |TAMS 0x0000000097500000| PB 0x0000000097500000| Untracked 
| 374|0x0000000097600000, 0x0000000097600000, 0x0000000097700000|  0%| F|  |TAMS 0x0000000097600000| PB 0x0000000097600000| Untracked 
| 375|0x0000000097700000, 0x0000000097700000, 0x0000000097800000|  0%| F|  |TAMS 0x0000000097700000| PB 0x0000000097700000| Untracked 
| 376|0x0000000097800000, 0x0000000097800000, 0x0000000097900000|  0%| F|  |TAMS 0x0000000097800000| PB 0x0000000097800000| Untracked 
| 377|0x0000000097900000, 0x0000000097900000, 0x0000000097a00000|  0%| F|  |TAMS 0x0000000097900000| PB 0x0000000097900000| Untracked 
| 378|0x0000000097a00000, 0x0000000097a00000, 0x0000000097b00000|  0%| F|  |TAMS 0x0000000097a00000| PB 0x0000000097a00000| Untracked 
| 379|0x0000000097b00000, 0x0000000097b00000, 0x0000000097c00000|  0%| F|  |TAMS 0x0000000097b00000| PB 0x0000000097b00000| Untracked 
| 380|0x0000000097c00000, 0x0000000097c00000, 0x0000000097d00000|  0%| F|  |TAMS 0x0000000097c00000| PB 0x0000000097c00000| Untracked 
| 381|0x0000000097d00000, 0x0000000097d00000, 0x0000000097e00000|  0%| F|  |TAMS 0x0000000097d00000| PB 0x0000000097d00000| Untracked 
| 382|0x0000000097e00000, 0x0000000097e00000, 0x0000000097f00000|  0%| F|  |TAMS 0x0000000097e00000| PB 0x0000000097e00000| Untracked 
| 383|0x0000000097f00000, 0x0000000097f00000, 0x0000000098000000|  0%| F|  |TAMS 0x0000000097f00000| PB 0x0000000097f00000| Untracked 
| 384|0x0000000098000000, 0x0000000098000000, 0x0000000098100000|  0%| F|  |TAMS 0x0000000098000000| PB 0x0000000098000000| Untracked 
| 385|0x0000000098100000, 0x0000000098100000, 0x0000000098200000|  0%| F|  |TAMS 0x0000000098100000| PB 0x0000000098100000| Untracked 
| 386|0x0000000098200000, 0x0000000098200000, 0x0000000098300000|  0%| F|  |TAMS 0x0000000098200000| PB 0x0000000098200000| Untracked 
| 387|0x0000000098300000, 0x0000000098300000, 0x0000000098400000|  0%| F|  |TAMS 0x0000000098300000| PB 0x0000000098300000| Untracked 
| 388|0x0000000098400000, 0x0000000098400000, 0x0000000098500000|  0%| F|  |TAMS 0x0000000098400000| PB 0x0000000098400000| Untracked 
| 389|0x0000000098500000, 0x0000000098500000, 0x0000000098600000|  0%| F|  |TAMS 0x0000000098500000| PB 0x0000000098500000| Untracked 
| 390|0x0000000098600000, 0x0000000098600000, 0x0000000098700000|  0%| F|  |TAMS 0x0000000098600000| PB 0x0000000098600000| Untracked 
| 391|0x0000000098700000, 0x0000000098700000, 0x0000000098800000|  0%| F|  |TAMS 0x0000000098700000| PB 0x0000000098700000| Untracked 
| 392|0x0000000098800000, 0x0000000098800000, 0x0000000098900000|  0%| F|  |TAMS 0x0000000098800000| PB 0x0000000098800000| Untracked 
| 393|0x0000000098900000, 0x0000000098900000, 0x0000000098a00000|  0%| F|  |TAMS 0x0000000098900000| PB 0x0000000098900000| Untracked 
| 394|0x0000000098a00000, 0x0000000098a00000, 0x0000000098b00000|  0%| F|  |TAMS 0x0000000098a00000| PB 0x0000000098a00000| Untracked 
| 395|0x0000000098b00000, 0x0000000098b00000, 0x0000000098c00000|  0%| F|  |TAMS 0x0000000098b00000| PB 0x0000000098b00000| Untracked 
| 396|0x0000000098c00000, 0x0000000098c00000, 0x0000000098d00000|  0%| F|  |TAMS 0x0000000098c00000| PB 0x0000000098c00000| Untracked 
| 397|0x0000000098d00000, 0x0000000098d00000, 0x0000000098e00000|  0%| F|  |TAMS 0x0000000098d00000| PB 0x0000000098d00000| Untracked 
| 398|0x0000000098e00000, 0x0000000098e00000, 0x0000000098f00000|  0%| F|  |TAMS 0x0000000098e00000| PB 0x0000000098e00000| Untracked 
| 399|0x0000000098f00000, 0x0000000098f00000, 0x0000000099000000|  0%| F|  |TAMS 0x0000000098f00000| PB 0x0000000098f00000| Untracked 
| 400|0x0000000099000000, 0x0000000099000000, 0x0000000099100000|  0%| F|  |TAMS 0x0000000099000000| PB 0x0000000099000000| Untracked 
| 401|0x0000000099100000, 0x0000000099100000, 0x0000000099200000|  0%| F|  |TAMS 0x0000000099100000| PB 0x0000000099100000| Untracked 
| 402|0x0000000099200000, 0x0000000099200000, 0x0000000099300000|  0%| F|  |TAMS 0x0000000099200000| PB 0x0000000099200000| Untracked 
| 403|0x0000000099300000, 0x0000000099300000, 0x0000000099400000|  0%| F|  |TAMS 0x0000000099300000| PB 0x0000000099300000| Untracked 
| 404|0x0000000099400000, 0x0000000099400000, 0x0000000099500000|  0%| F|  |TAMS 0x0000000099400000| PB 0x0000000099400000| Untracked 
| 405|0x0000000099500000, 0x0000000099500000, 0x0000000099600000|  0%| F|  |TAMS 0x0000000099500000| PB 0x0000000099500000| Untracked 
| 406|0x0000000099600000, 0x0000000099600000, 0x0000000099700000|  0%| F|  |TAMS 0x0000000099600000| PB 0x0000000099600000| Untracked 
| 407|0x0000000099700000, 0x0000000099700000, 0x0000000099800000|  0%| F|  |TAMS 0x0000000099700000| PB 0x0000000099700000| Untracked 
| 408|0x0000000099800000, 0x0000000099800000, 0x0000000099900000|  0%| F|  |TAMS 0x0000000099800000| PB 0x0000000099800000| Untracked 
| 409|0x0000000099900000, 0x0000000099900000, 0x0000000099a00000|  0%| F|  |TAMS 0x0000000099900000| PB 0x0000000099900000| Untracked 
| 410|0x0000000099a00000, 0x0000000099a00000, 0x0000000099b00000|  0%| F|  |TAMS 0x0000000099a00000| PB 0x0000000099a00000| Untracked 
| 411|0x0000000099b00000, 0x0000000099b00000, 0x0000000099c00000|  0%| F|  |TAMS 0x0000000099b00000| PB 0x0000000099b00000| Untracked 
| 412|0x0000000099c00000, 0x0000000099c00000, 0x0000000099d00000|  0%| F|  |TAMS 0x0000000099c00000| PB 0x0000000099c00000| Untracked 
| 413|0x0000000099d00000, 0x0000000099d00000, 0x0000000099e00000|  0%| F|  |TAMS 0x0000000099d00000| PB 0x0000000099d00000| Untracked 
| 414|0x0000000099e00000, 0x0000000099e00000, 0x0000000099f00000|  0%| F|  |TAMS 0x0000000099e00000| PB 0x0000000099e00000| Untracked 
| 415|0x0000000099f00000, 0x0000000099f00000, 0x000000009a000000|  0%| F|  |TAMS 0x0000000099f00000| PB 0x0000000099f00000| Untracked 
| 416|0x000000009a000000, 0x000000009a000000, 0x000000009a100000|  0%| F|  |TAMS 0x000000009a000000| PB 0x000000009a000000| Untracked 
| 417|0x000000009a100000, 0x000000009a100000, 0x000000009a200000|  0%| F|  |TAMS 0x000000009a100000| PB 0x000000009a100000| Untracked 
| 418|0x000000009a200000, 0x000000009a200000, 0x000000009a300000|  0%| F|  |TAMS 0x000000009a200000| PB 0x000000009a200000| Untracked 
| 419|0x000000009a300000, 0x000000009a300000, 0x000000009a400000|  0%| F|  |TAMS 0x000000009a300000| PB 0x000000009a300000| Untracked 
| 420|0x000000009a400000, 0x000000009a400000, 0x000000009a500000|  0%| F|  |TAMS 0x000000009a400000| PB 0x000000009a400000| Untracked 
| 421|0x000000009a500000, 0x000000009a500000, 0x000000009a600000|  0%| F|  |TAMS 0x000000009a500000| PB 0x000000009a500000| Untracked 
| 422|0x000000009a600000, 0x000000009a600000, 0x000000009a700000|  0%| F|  |TAMS 0x000000009a600000| PB 0x000000009a600000| Untracked 
| 423|0x000000009a700000, 0x000000009a700000, 0x000000009a800000|  0%| F|  |TAMS 0x000000009a700000| PB 0x000000009a700000| Untracked 
| 424|0x000000009a800000, 0x000000009a800000, 0x000000009a900000|  0%| F|  |TAMS 0x000000009a800000| PB 0x000000009a800000| Untracked 
| 425|0x000000009a900000, 0x000000009a900000, 0x000000009aa00000|  0%| F|  |TAMS 0x000000009a900000| PB 0x000000009a900000| Untracked 
| 426|0x000000009aa00000, 0x000000009aa00000, 0x000000009ab00000|  0%| F|  |TAMS 0x000000009aa00000| PB 0x000000009aa00000| Untracked 
| 427|0x000000009ab00000, 0x000000009ab00000, 0x000000009ac00000|  0%| F|  |TAMS 0x000000009ab00000| PB 0x000000009ab00000| Untracked 
| 428|0x000000009ac00000, 0x000000009ac00000, 0x000000009ad00000|  0%| F|  |TAMS 0x000000009ac00000| PB 0x000000009ac00000| Untracked 
| 429|0x000000009ad00000, 0x000000009ad00000, 0x000000009ae00000|  0%| F|  |TAMS 0x000000009ad00000| PB 0x000000009ad00000| Untracked 
| 430|0x000000009ae00000, 0x000000009ae00000, 0x000000009af00000|  0%| F|  |TAMS 0x000000009ae00000| PB 0x000000009ae00000| Untracked 
| 431|0x000000009af00000, 0x000000009af00000, 0x000000009b000000|  0%| F|  |TAMS 0x000000009af00000| PB 0x000000009af00000| Untracked 
| 432|0x000000009b000000, 0x000000009b000000, 0x000000009b100000|  0%| F|  |TAMS 0x000000009b000000| PB 0x000000009b000000| Untracked 
| 433|0x000000009b100000, 0x000000009b100000, 0x000000009b200000|  0%| F|  |TAMS 0x000000009b100000| PB 0x000000009b100000| Untracked 
| 434|0x000000009b200000, 0x000000009b200000, 0x000000009b300000|  0%| F|  |TAMS 0x000000009b200000| PB 0x000000009b200000| Untracked 
| 435|0x000000009b300000, 0x000000009b300000, 0x000000009b400000|  0%| F|  |TAMS 0x000000009b300000| PB 0x000000009b300000| Untracked 
| 436|0x000000009b400000, 0x000000009b400000, 0x000000009b500000|  0%| F|  |TAMS 0x000000009b400000| PB 0x000000009b400000| Untracked 
| 437|0x000000009b500000, 0x000000009b500000, 0x000000009b600000|  0%| F|  |TAMS 0x000000009b500000| PB 0x000000009b500000| Untracked 
| 438|0x000000009b600000, 0x000000009b600000, 0x000000009b700000|  0%| F|  |TAMS 0x000000009b600000| PB 0x000000009b600000| Untracked 
| 439|0x000000009b700000, 0x000000009b700000, 0x000000009b800000|  0%| F|  |TAMS 0x000000009b700000| PB 0x000000009b700000| Untracked 
| 440|0x000000009b800000, 0x000000009b800000, 0x000000009b900000|  0%| F|  |TAMS 0x000000009b800000| PB 0x000000009b800000| Untracked 
| 441|0x000000009b900000, 0x000000009b900000, 0x000000009ba00000|  0%| F|  |TAMS 0x000000009b900000| PB 0x000000009b900000| Untracked 
| 442|0x000000009ba00000, 0x000000009ba00000, 0x000000009bb00000|  0%| F|  |TAMS 0x000000009ba00000| PB 0x000000009ba00000| Untracked 
| 443|0x000000009bb00000, 0x000000009bb00000, 0x000000009bc00000|  0%| F|  |TAMS 0x000000009bb00000| PB 0x000000009bb00000| Untracked 
| 444|0x000000009bc00000, 0x000000009bc00000, 0x000000009bd00000|  0%| F|  |TAMS 0x000000009bc00000| PB 0x000000009bc00000| Untracked 
| 445|0x000000009bd00000, 0x000000009bd00000, 0x000000009be00000|  0%| F|  |TAMS 0x000000009bd00000| PB 0x000000009bd00000| Untracked 
| 446|0x000000009be00000, 0x000000009be00000, 0x000000009bf00000|  0%| F|  |TAMS 0x000000009be00000| PB 0x000000009be00000| Untracked 
| 447|0x000000009bf00000, 0x000000009bf00000, 0x000000009c000000|  0%| F|  |TAMS 0x000000009bf00000| PB 0x000000009bf00000| Untracked 
| 448|0x000000009c000000, 0x000000009c000000, 0x000000009c100000|  0%| F|  |TAMS 0x000000009c000000| PB 0x000000009c000000| Untracked 
| 449|0x000000009c100000, 0x000000009c100000, 0x000000009c200000|  0%| F|  |TAMS 0x000000009c100000| PB 0x000000009c100000| Untracked 
| 450|0x000000009c200000, 0x000000009c200000, 0x000000009c300000|  0%| F|  |TAMS 0x000000009c200000| PB 0x000000009c200000| Untracked 
| 451|0x000000009c300000, 0x000000009c300000, 0x000000009c400000|  0%| F|  |TAMS 0x000000009c300000| PB 0x000000009c300000| Untracked 
| 452|0x000000009c400000, 0x000000009c400000, 0x000000009c500000|  0%| F|  |TAMS 0x000000009c400000| PB 0x000000009c400000| Untracked 
| 453|0x000000009c500000, 0x000000009c500000, 0x000000009c600000|  0%| F|  |TAMS 0x000000009c500000| PB 0x000000009c500000| Untracked 
| 454|0x000000009c600000, 0x000000009c600000, 0x000000009c700000|  0%| F|  |TAMS 0x000000009c600000| PB 0x000000009c600000| Untracked 
| 455|0x000000009c700000, 0x000000009c700000, 0x000000009c800000|  0%| F|  |TAMS 0x000000009c700000| PB 0x000000009c700000| Untracked 
| 456|0x000000009c800000, 0x000000009c800000, 0x000000009c900000|  0%| F|  |TAMS 0x000000009c800000| PB 0x000000009c800000| Untracked 
| 457|0x000000009c900000, 0x000000009c900000, 0x000000009ca00000|  0%| F|  |TAMS 0x000000009c900000| PB 0x000000009c900000| Untracked 
| 458|0x000000009ca00000, 0x000000009ca00000, 0x000000009cb00000|  0%| F|  |TAMS 0x000000009ca00000| PB 0x000000009ca00000| Untracked 
| 459|0x000000009cb00000, 0x000000009cb00000, 0x000000009cc00000|  0%| F|  |TAMS 0x000000009cb00000| PB 0x000000009cb00000| Untracked 
| 460|0x000000009cc00000, 0x000000009cc00000, 0x000000009cd00000|  0%| F|  |TAMS 0x000000009cc00000| PB 0x000000009cc00000| Untracked 
| 461|0x000000009cd00000, 0x000000009cd00000, 0x000000009ce00000|  0%| F|  |TAMS 0x000000009cd00000| PB 0x000000009cd00000| Untracked 
| 462|0x000000009ce00000, 0x000000009ce00000, 0x000000009cf00000|  0%| F|  |TAMS 0x000000009ce00000| PB 0x000000009ce00000| Untracked 
| 463|0x000000009cf00000, 0x000000009cf00000, 0x000000009d000000|  0%| F|  |TAMS 0x000000009cf00000| PB 0x000000009cf00000| Untracked 
| 464|0x000000009d000000, 0x000000009d000000, 0x000000009d100000|  0%| F|  |TAMS 0x000000009d000000| PB 0x000000009d000000| Untracked 
| 465|0x000000009d100000, 0x000000009d100000, 0x000000009d200000|  0%| F|  |TAMS 0x000000009d100000| PB 0x000000009d100000| Untracked 
| 466|0x000000009d200000, 0x000000009d200000, 0x000000009d300000|  0%| F|  |TAMS 0x000000009d200000| PB 0x000000009d200000| Untracked 
| 467|0x000000009d300000, 0x000000009d300000, 0x000000009d400000|  0%| F|  |TAMS 0x000000009d300000| PB 0x000000009d300000| Untracked 
| 468|0x000000009d400000, 0x000000009d400000, 0x000000009d500000|  0%| F|  |TAMS 0x000000009d400000| PB 0x000000009d400000| Untracked 
| 469|0x000000009d500000, 0x000000009d500000, 0x000000009d600000|  0%| F|  |TAMS 0x000000009d500000| PB 0x000000009d500000| Untracked 
| 470|0x000000009d600000, 0x000000009d600000, 0x000000009d700000|  0%| F|  |TAMS 0x000000009d600000| PB 0x000000009d600000| Untracked 
| 471|0x000000009d700000, 0x000000009d700000, 0x000000009d800000|  0%| F|  |TAMS 0x000000009d700000| PB 0x000000009d700000| Untracked 
| 472|0x000000009d800000, 0x000000009d800000, 0x000000009d900000|  0%| F|  |TAMS 0x000000009d800000| PB 0x000000009d800000| Untracked 
| 473|0x000000009d900000, 0x000000009d900000, 0x000000009da00000|  0%| F|  |TAMS 0x000000009d900000| PB 0x000000009d900000| Untracked 
| 474|0x000000009da00000, 0x000000009da00000, 0x000000009db00000|  0%| F|  |TAMS 0x000000009da00000| PB 0x000000009da00000| Untracked 
| 475|0x000000009db00000, 0x000000009db00000, 0x000000009dc00000|  0%| F|  |TAMS 0x000000009db00000| PB 0x000000009db00000| Untracked 
| 476|0x000000009dc00000, 0x000000009dc00000, 0x000000009dd00000|  0%| F|  |TAMS 0x000000009dc00000| PB 0x000000009dc00000| Untracked 
| 477|0x000000009dd00000, 0x000000009dd00000, 0x000000009de00000|  0%| F|  |TAMS 0x000000009dd00000| PB 0x000000009dd00000| Untracked 
| 478|0x000000009de00000, 0x000000009de00000, 0x000000009df00000|  0%| F|  |TAMS 0x000000009de00000| PB 0x000000009de00000| Untracked 
| 479|0x000000009df00000, 0x000000009df00000, 0x000000009e000000|  0%| F|  |TAMS 0x000000009df00000| PB 0x000000009df00000| Untracked 
| 480|0x000000009e000000, 0x000000009e000000, 0x000000009e100000|  0%| F|  |TAMS 0x000000009e000000| PB 0x000000009e000000| Untracked 
| 481|0x000000009e100000, 0x000000009e100000, 0x000000009e200000|  0%| F|  |TAMS 0x000000009e100000| PB 0x000000009e100000| Untracked 
| 482|0x000000009e200000, 0x000000009e200000, 0x000000009e300000|  0%| F|  |TAMS 0x000000009e200000| PB 0x000000009e200000| Untracked 
| 483|0x000000009e300000, 0x000000009e300000, 0x000000009e400000|  0%| F|  |TAMS 0x000000009e300000| PB 0x000000009e300000| Untracked 
| 484|0x000000009e400000, 0x000000009e400000, 0x000000009e500000|  0%| F|  |TAMS 0x000000009e400000| PB 0x000000009e400000| Untracked 
| 485|0x000000009e500000, 0x000000009e500000, 0x000000009e600000|  0%| F|  |TAMS 0x000000009e500000| PB 0x000000009e500000| Untracked 
| 486|0x000000009e600000, 0x000000009e600000, 0x000000009e700000|  0%| F|  |TAMS 0x000000009e600000| PB 0x000000009e600000| Untracked 
| 487|0x000000009e700000, 0x000000009e700000, 0x000000009e800000|  0%| F|  |TAMS 0x000000009e700000| PB 0x000000009e700000| Untracked 
| 488|0x000000009e800000, 0x000000009e800000, 0x000000009e900000|  0%| F|  |TAMS 0x000000009e800000| PB 0x000000009e800000| Untracked 
| 489|0x000000009e900000, 0x000000009e900000, 0x000000009ea00000|  0%| F|  |TAMS 0x000000009e900000| PB 0x000000009e900000| Untracked 
| 490|0x000000009ea00000, 0x000000009ea00000, 0x000000009eb00000|  0%| F|  |TAMS 0x000000009ea00000| PB 0x000000009ea00000| Untracked 
| 491|0x000000009eb00000, 0x000000009eb00000, 0x000000009ec00000|  0%| F|  |TAMS 0x000000009eb00000| PB 0x000000009eb00000| Untracked 
| 492|0x000000009ec00000, 0x000000009ec00000, 0x000000009ed00000|  0%| F|  |TAMS 0x000000009ec00000| PB 0x000000009ec00000| Untracked 
| 493|0x000000009ed00000, 0x000000009ed00000, 0x000000009ee00000|  0%| F|  |TAMS 0x000000009ed00000| PB 0x000000009ed00000| Untracked 
| 494|0x000000009ee00000, 0x000000009ee00000, 0x000000009ef00000|  0%| F|  |TAMS 0x000000009ee00000| PB 0x000000009ee00000| Untracked 
| 495|0x000000009ef00000, 0x000000009ef00000, 0x000000009f000000|  0%| F|  |TAMS 0x000000009ef00000| PB 0x000000009ef00000| Untracked 
| 496|0x000000009f000000, 0x000000009f000000, 0x000000009f100000|  0%| F|  |TAMS 0x000000009f000000| PB 0x000000009f000000| Untracked 
| 497|0x000000009f100000, 0x000000009f100000, 0x000000009f200000|  0%| F|  |TAMS 0x000000009f100000| PB 0x000000009f100000| Untracked 
| 498|0x000000009f200000, 0x000000009f200000, 0x000000009f300000|  0%| F|  |TAMS 0x000000009f200000| PB 0x000000009f200000| Untracked 
| 499|0x000000009f300000, 0x000000009f300000, 0x000000009f400000|  0%| F|  |TAMS 0x000000009f300000| PB 0x000000009f300000| Untracked 
| 500|0x000000009f400000, 0x000000009f400000, 0x000000009f500000|  0%| F|  |TAMS 0x000000009f400000| PB 0x000000009f400000| Untracked 
| 501|0x000000009f500000, 0x000000009f500000, 0x000000009f600000|  0%| F|  |TAMS 0x000000009f500000| PB 0x000000009f500000| Untracked 
| 502|0x000000009f600000, 0x000000009f600000, 0x000000009f700000|  0%| F|  |TAMS 0x000000009f600000| PB 0x000000009f600000| Untracked 
| 503|0x000000009f700000, 0x000000009f700000, 0x000000009f800000|  0%| F|  |TAMS 0x000000009f700000| PB 0x000000009f700000| Untracked 
| 504|0x000000009f800000, 0x000000009f800000, 0x000000009f900000|  0%| F|  |TAMS 0x000000009f800000| PB 0x000000009f800000| Untracked 
| 505|0x000000009f900000, 0x000000009f900000, 0x000000009fa00000|  0%| F|  |TAMS 0x000000009f900000| PB 0x000000009f900000| Untracked 
| 506|0x000000009fa00000, 0x000000009fa00000, 0x000000009fb00000|  0%| F|  |TAMS 0x000000009fa00000| PB 0x000000009fa00000| Untracked 
| 507|0x000000009fb00000, 0x000000009fb00000, 0x000000009fc00000|  0%| F|  |TAMS 0x000000009fb00000| PB 0x000000009fb00000| Untracked 
| 508|0x000000009fc00000, 0x000000009fc00000, 0x000000009fd00000|  0%| F|  |TAMS 0x000000009fc00000| PB 0x000000009fc00000| Untracked 
| 509|0x000000009fd00000, 0x000000009fd00000, 0x000000009fe00000|  0%| F|  |TAMS 0x000000009fd00000| PB 0x000000009fd00000| Untracked 
| 510|0x000000009fe00000, 0x000000009fe00000, 0x000000009ff00000|  0%| F|  |TAMS 0x000000009fe00000| PB 0x000000009fe00000| Untracked 
| 511|0x000000009ff00000, 0x000000009ff00000, 0x00000000a0000000|  0%| F|  |TAMS 0x000000009ff00000| PB 0x000000009ff00000| Untracked 
| 512|0x00000000a0000000, 0x00000000a0000000, 0x00000000a0100000|  0%| F|  |TAMS 0x00000000a0000000| PB 0x00000000a0000000| Untracked 
| 513|0x00000000a0100000, 0x00000000a0100000, 0x00000000a0200000|  0%| F|  |TAMS 0x00000000a0100000| PB 0x00000000a0100000| Untracked 
| 514|0x00000000a0200000, 0x00000000a0200000, 0x00000000a0300000|  0%| F|  |TAMS 0x00000000a0200000| PB 0x00000000a0200000| Untracked 
| 515|0x00000000a0300000, 0x00000000a0300000, 0x00000000a0400000|  0%| F|  |TAMS 0x00000000a0300000| PB 0x00000000a0300000| Untracked 
| 516|0x00000000a0400000, 0x00000000a0400000, 0x00000000a0500000|  0%| F|  |TAMS 0x00000000a0400000| PB 0x00000000a0400000| Untracked 
| 517|0x00000000a0500000, 0x00000000a0500000, 0x00000000a0600000|  0%| F|  |TAMS 0x00000000a0500000| PB 0x00000000a0500000| Untracked 
| 518|0x00000000a0600000, 0x00000000a0600000, 0x00000000a0700000|  0%| F|  |TAMS 0x00000000a0600000| PB 0x00000000a0600000| Untracked 
| 519|0x00000000a0700000, 0x00000000a0700000, 0x00000000a0800000|  0%| F|  |TAMS 0x00000000a0700000| PB 0x00000000a0700000| Untracked 
| 520|0x00000000a0800000, 0x00000000a0800000, 0x00000000a0900000|  0%| F|  |TAMS 0x00000000a0800000| PB 0x00000000a0800000| Untracked 
| 521|0x00000000a0900000, 0x00000000a0900000, 0x00000000a0a00000|  0%| F|  |TAMS 0x00000000a0900000| PB 0x00000000a0900000| Untracked 
| 522|0x00000000a0a00000, 0x00000000a0a00000, 0x00000000a0b00000|  0%| F|  |TAMS 0x00000000a0a00000| PB 0x00000000a0a00000| Untracked 
| 523|0x00000000a0b00000, 0x00000000a0b00000, 0x00000000a0c00000|  0%| F|  |TAMS 0x00000000a0b00000| PB 0x00000000a0b00000| Untracked 
| 524|0x00000000a0c00000, 0x00000000a0c00000, 0x00000000a0d00000|  0%| F|  |TAMS 0x00000000a0c00000| PB 0x00000000a0c00000| Untracked 
| 525|0x00000000a0d00000, 0x00000000a0d00000, 0x00000000a0e00000|  0%| F|  |TAMS 0x00000000a0d00000| PB 0x00000000a0d00000| Untracked 
| 526|0x00000000a0e00000, 0x00000000a0e00000, 0x00000000a0f00000|  0%| F|  |TAMS 0x00000000a0e00000| PB 0x00000000a0e00000| Untracked 
| 527|0x00000000a0f00000, 0x00000000a0f00000, 0x00000000a1000000|  0%| F|  |TAMS 0x00000000a0f00000| PB 0x00000000a0f00000| Untracked 
| 528|0x00000000a1000000, 0x00000000a1000000, 0x00000000a1100000|  0%| F|  |TAMS 0x00000000a1000000| PB 0x00000000a1000000| Untracked 
| 529|0x00000000a1100000, 0x00000000a1100000, 0x00000000a1200000|  0%| F|  |TAMS 0x00000000a1100000| PB 0x00000000a1100000| Untracked 
| 530|0x00000000a1200000, 0x00000000a1200000, 0x00000000a1300000|  0%| F|  |TAMS 0x00000000a1200000| PB 0x00000000a1200000| Untracked 
| 531|0x00000000a1300000, 0x00000000a1300000, 0x00000000a1400000|  0%| F|  |TAMS 0x00000000a1300000| PB 0x00000000a1300000| Untracked 
| 532|0x00000000a1400000, 0x00000000a1400000, 0x00000000a1500000|  0%| F|  |TAMS 0x00000000a1400000| PB 0x00000000a1400000| Untracked 
| 533|0x00000000a1500000, 0x00000000a1500000, 0x00000000a1600000|  0%| F|  |TAMS 0x00000000a1500000| PB 0x00000000a1500000| Untracked 
| 534|0x00000000a1600000, 0x00000000a1600000, 0x00000000a1700000|  0%| F|  |TAMS 0x00000000a1600000| PB 0x00000000a1600000| Untracked 
| 535|0x00000000a1700000, 0x00000000a1700000, 0x00000000a1800000|  0%| F|  |TAMS 0x00000000a1700000| PB 0x00000000a1700000| Untracked 
| 536|0x00000000a1800000, 0x00000000a1800000, 0x00000000a1900000|  0%| F|  |TAMS 0x00000000a1800000| PB 0x00000000a1800000| Untracked 
| 537|0x00000000a1900000, 0x00000000a1900000, 0x00000000a1a00000|  0%| F|  |TAMS 0x00000000a1900000| PB 0x00000000a1900000| Untracked 
| 538|0x00000000a1a00000, 0x00000000a1a00000, 0x00000000a1b00000|  0%| F|  |TAMS 0x00000000a1a00000| PB 0x00000000a1a00000| Untracked 
| 539|0x00000000a1b00000, 0x00000000a1b00000, 0x00000000a1c00000|  0%| F|  |TAMS 0x00000000a1b00000| PB 0x00000000a1b00000| Untracked 
| 540|0x00000000a1c00000, 0x00000000a1c00000, 0x00000000a1d00000|  0%| F|  |TAMS 0x00000000a1c00000| PB 0x00000000a1c00000| Untracked 
| 541|0x00000000a1d00000, 0x00000000a1d00000, 0x00000000a1e00000|  0%| F|  |TAMS 0x00000000a1d00000| PB 0x00000000a1d00000| Untracked 
| 542|0x00000000a1e00000, 0x00000000a1e00000, 0x00000000a1f00000|  0%| F|  |TAMS 0x00000000a1e00000| PB 0x00000000a1e00000| Untracked 
| 543|0x00000000a1f00000, 0x00000000a1f00000, 0x00000000a2000000|  0%| F|  |TAMS 0x00000000a1f00000| PB 0x00000000a1f00000| Untracked 
| 544|0x00000000a2000000, 0x00000000a2000000, 0x00000000a2100000|  0%| F|  |TAMS 0x00000000a2000000| PB 0x00000000a2000000| Untracked 
| 545|0x00000000a2100000, 0x00000000a2100000, 0x00000000a2200000|  0%| F|  |TAMS 0x00000000a2100000| PB 0x00000000a2100000| Untracked 
| 546|0x00000000a2200000, 0x00000000a2200000, 0x00000000a2300000|  0%| F|  |TAMS 0x00000000a2200000| PB 0x00000000a2200000| Untracked 
| 547|0x00000000a2300000, 0x00000000a2300000, 0x00000000a2400000|  0%| F|  |TAMS 0x00000000a2300000| PB 0x00000000a2300000| Untracked 
| 548|0x00000000a2400000, 0x00000000a2400000, 0x00000000a2500000|  0%| F|  |TAMS 0x00000000a2400000| PB 0x00000000a2400000| Untracked 
| 549|0x00000000a2500000, 0x00000000a2500000, 0x00000000a2600000|  0%| F|  |TAMS 0x00000000a2500000| PB 0x00000000a2500000| Untracked 
| 550|0x00000000a2600000, 0x00000000a2600000, 0x00000000a2700000|  0%| F|  |TAMS 0x00000000a2600000| PB 0x00000000a2600000| Untracked 
| 551|0x00000000a2700000, 0x00000000a2700000, 0x00000000a2800000|  0%| F|  |TAMS 0x00000000a2700000| PB 0x00000000a2700000| Untracked 
| 552|0x00000000a2800000, 0x00000000a2800000, 0x00000000a2900000|  0%| F|  |TAMS 0x00000000a2800000| PB 0x00000000a2800000| Untracked 
| 553|0x00000000a2900000, 0x00000000a2900000, 0x00000000a2a00000|  0%| F|  |TAMS 0x00000000a2900000| PB 0x00000000a2900000| Untracked 
| 554|0x00000000a2a00000, 0x00000000a2a00000, 0x00000000a2b00000|  0%| F|  |TAMS 0x00000000a2a00000| PB 0x00000000a2a00000| Untracked 
| 555|0x00000000a2b00000, 0x00000000a2b00000, 0x00000000a2c00000|  0%| F|  |TAMS 0x00000000a2b00000| PB 0x00000000a2b00000| Untracked 
| 556|0x00000000a2c00000, 0x00000000a2c00000, 0x00000000a2d00000|  0%| F|  |TAMS 0x00000000a2c00000| PB 0x00000000a2c00000| Untracked 
| 557|0x00000000a2d00000, 0x00000000a2d00000, 0x00000000a2e00000|  0%| F|  |TAMS 0x00000000a2d00000| PB 0x00000000a2d00000| Untracked 
| 558|0x00000000a2e00000, 0x00000000a2e00000, 0x00000000a2f00000|  0%| F|  |TAMS 0x00000000a2e00000| PB 0x00000000a2e00000| Untracked 
| 559|0x00000000a2f00000, 0x00000000a2f00000, 0x00000000a3000000|  0%| F|  |TAMS 0x00000000a2f00000| PB 0x00000000a2f00000| Untracked 
| 560|0x00000000a3000000, 0x00000000a3000000, 0x00000000a3100000|  0%| F|  |TAMS 0x00000000a3000000| PB 0x00000000a3000000| Untracked 
| 561|0x00000000a3100000, 0x00000000a3100000, 0x00000000a3200000|  0%| F|  |TAMS 0x00000000a3100000| PB 0x00000000a3100000| Untracked 
| 562|0x00000000a3200000, 0x00000000a3200000, 0x00000000a3300000|  0%| F|  |TAMS 0x00000000a3200000| PB 0x00000000a3200000| Untracked 
| 563|0x00000000a3300000, 0x00000000a3300000, 0x00000000a3400000|  0%| F|  |TAMS 0x00000000a3300000| PB 0x00000000a3300000| Untracked 
| 564|0x00000000a3400000, 0x00000000a3400000, 0x00000000a3500000|  0%| F|  |TAMS 0x00000000a3400000| PB 0x00000000a3400000| Untracked 
| 565|0x00000000a3500000, 0x00000000a3500000, 0x00000000a3600000|  0%| F|  |TAMS 0x00000000a3500000| PB 0x00000000a3500000| Untracked 
| 566|0x00000000a3600000, 0x00000000a3600000, 0x00000000a3700000|  0%| F|  |TAMS 0x00000000a3600000| PB 0x00000000a3600000| Untracked 
| 567|0x00000000a3700000, 0x00000000a3700000, 0x00000000a3800000|  0%| F|  |TAMS 0x00000000a3700000| PB 0x00000000a3700000| Untracked 
| 568|0x00000000a3800000, 0x00000000a3800000, 0x00000000a3900000|  0%| F|  |TAMS 0x00000000a3800000| PB 0x00000000a3800000| Untracked 
| 569|0x00000000a3900000, 0x00000000a3900000, 0x00000000a3a00000|  0%| F|  |TAMS 0x00000000a3900000| PB 0x00000000a3900000| Untracked 
| 570|0x00000000a3a00000, 0x00000000a3a00000, 0x00000000a3b00000|  0%| F|  |TAMS 0x00000000a3a00000| PB 0x00000000a3a00000| Untracked 
| 571|0x00000000a3b00000, 0x00000000a3b00000, 0x00000000a3c00000|  0%| F|  |TAMS 0x00000000a3b00000| PB 0x00000000a3b00000| Untracked 
| 572|0x00000000a3c00000, 0x00000000a3c00000, 0x00000000a3d00000|  0%| F|  |TAMS 0x00000000a3c00000| PB 0x00000000a3c00000| Untracked 
| 573|0x00000000a3d00000, 0x00000000a3d00000, 0x00000000a3e00000|  0%| F|  |TAMS 0x00000000a3d00000| PB 0x00000000a3d00000| Untracked 
| 574|0x00000000a3e00000, 0x00000000a3e00000, 0x00000000a3f00000|  0%| F|  |TAMS 0x00000000a3e00000| PB 0x00000000a3e00000| Untracked 
| 575|0x00000000a3f00000, 0x00000000a3f00000, 0x00000000a4000000|  0%| F|  |TAMS 0x00000000a3f00000| PB 0x00000000a3f00000| Untracked 
| 576|0x00000000a4000000, 0x00000000a4000000, 0x00000000a4100000|  0%| F|  |TAMS 0x00000000a4000000| PB 0x00000000a4000000| Untracked 
| 577|0x00000000a4100000, 0x00000000a4100000, 0x00000000a4200000|  0%| F|  |TAMS 0x00000000a4100000| PB 0x00000000a4100000| Untracked 
| 578|0x00000000a4200000, 0x00000000a4200000, 0x00000000a4300000|  0%| F|  |TAMS 0x00000000a4200000| PB 0x00000000a4200000| Untracked 
| 579|0x00000000a4300000, 0x00000000a4300000, 0x00000000a4400000|  0%| F|  |TAMS 0x00000000a4300000| PB 0x00000000a4300000| Untracked 
| 580|0x00000000a4400000, 0x00000000a4400000, 0x00000000a4500000|  0%| F|  |TAMS 0x00000000a4400000| PB 0x00000000a4400000| Untracked 
| 581|0x00000000a4500000, 0x00000000a4500000, 0x00000000a4600000|  0%| F|  |TAMS 0x00000000a4500000| PB 0x00000000a4500000| Untracked 
| 582|0x00000000a4600000, 0x00000000a4600000, 0x00000000a4700000|  0%| F|  |TAMS 0x00000000a4600000| PB 0x00000000a4600000| Untracked 
| 583|0x00000000a4700000, 0x00000000a4700000, 0x00000000a4800000|  0%| F|  |TAMS 0x00000000a4700000| PB 0x00000000a4700000| Untracked 
| 584|0x00000000a4800000, 0x00000000a4800000, 0x00000000a4900000|  0%| F|  |TAMS 0x00000000a4800000| PB 0x00000000a4800000| Untracked 
| 585|0x00000000a4900000, 0x00000000a4900000, 0x00000000a4a00000|  0%| F|  |TAMS 0x00000000a4900000| PB 0x00000000a4900000| Untracked 
| 586|0x00000000a4a00000, 0x00000000a4a00000, 0x00000000a4b00000|  0%| F|  |TAMS 0x00000000a4a00000| PB 0x00000000a4a00000| Untracked 
| 587|0x00000000a4b00000, 0x00000000a4b00000, 0x00000000a4c00000|  0%| F|  |TAMS 0x00000000a4b00000| PB 0x00000000a4b00000| Untracked 
| 588|0x00000000a4c00000, 0x00000000a4c00000, 0x00000000a4d00000|  0%| F|  |TAMS 0x00000000a4c00000| PB 0x00000000a4c00000| Untracked 
| 589|0x00000000a4d00000, 0x00000000a4d00000, 0x00000000a4e00000|  0%| F|  |TAMS 0x00000000a4d00000| PB 0x00000000a4d00000| Untracked 
| 590|0x00000000a4e00000, 0x00000000a4e00000, 0x00000000a4f00000|  0%| F|  |TAMS 0x00000000a4e00000| PB 0x00000000a4e00000| Untracked 
| 591|0x00000000a4f00000, 0x00000000a4f00000, 0x00000000a5000000|  0%| F|  |TAMS 0x00000000a4f00000| PB 0x00000000a4f00000| Untracked 
| 592|0x00000000a5000000, 0x00000000a5000000, 0x00000000a5100000|  0%| F|  |TAMS 0x00000000a5000000| PB 0x00000000a5000000| Untracked 
| 593|0x00000000a5100000, 0x00000000a5100000, 0x00000000a5200000|  0%| F|  |TAMS 0x00000000a5100000| PB 0x00000000a5100000| Untracked 
| 594|0x00000000a5200000, 0x00000000a5200000, 0x00000000a5300000|  0%| F|  |TAMS 0x00000000a5200000| PB 0x00000000a5200000| Untracked 
| 595|0x00000000a5300000, 0x00000000a5300000, 0x00000000a5400000|  0%| F|  |TAMS 0x00000000a5300000| PB 0x00000000a5300000| Untracked 
| 596|0x00000000a5400000, 0x00000000a5400000, 0x00000000a5500000|  0%| F|  |TAMS 0x00000000a5400000| PB 0x00000000a5400000| Untracked 
| 597|0x00000000a5500000, 0x00000000a5500000, 0x00000000a5600000|  0%| F|  |TAMS 0x00000000a5500000| PB 0x00000000a5500000| Untracked 
| 598|0x00000000a5600000, 0x00000000a5600000, 0x00000000a5700000|  0%| F|  |TAMS 0x00000000a5600000| PB 0x00000000a5600000| Untracked 
| 599|0x00000000a5700000, 0x00000000a5700000, 0x00000000a5800000|  0%| F|  |TAMS 0x00000000a5700000| PB 0x00000000a5700000| Untracked 
| 600|0x00000000a5800000, 0x00000000a5800000, 0x00000000a5900000|  0%| F|  |TAMS 0x00000000a5800000| PB 0x00000000a5800000| Untracked 
| 601|0x00000000a5900000, 0x00000000a5900000, 0x00000000a5a00000|  0%| F|  |TAMS 0x00000000a5900000| PB 0x00000000a5900000| Untracked 
| 602|0x00000000a5a00000, 0x00000000a5a00000, 0x00000000a5b00000|  0%| F|  |TAMS 0x00000000a5a00000| PB 0x00000000a5a00000| Untracked 
| 603|0x00000000a5b00000, 0x00000000a5b00000, 0x00000000a5c00000|  0%| F|  |TAMS 0x00000000a5b00000| PB 0x00000000a5b00000| Untracked 
| 604|0x00000000a5c00000, 0x00000000a5c00000, 0x00000000a5d00000|  0%| F|  |TAMS 0x00000000a5c00000| PB 0x00000000a5c00000| Untracked 
| 605|0x00000000a5d00000, 0x00000000a5d00000, 0x00000000a5e00000|  0%| F|  |TAMS 0x00000000a5d00000| PB 0x00000000a5d00000| Untracked 
| 606|0x00000000a5e00000, 0x00000000a5e00000, 0x00000000a5f00000|  0%| F|  |TAMS 0x00000000a5e00000| PB 0x00000000a5e00000| Untracked 
| 607|0x00000000a5f00000, 0x00000000a5f00000, 0x00000000a6000000|  0%| F|  |TAMS 0x00000000a5f00000| PB 0x00000000a5f00000| Untracked 
| 608|0x00000000a6000000, 0x00000000a6000000, 0x00000000a6100000|  0%| F|  |TAMS 0x00000000a6000000| PB 0x00000000a6000000| Untracked 
| 609|0x00000000a6100000, 0x00000000a6100000, 0x00000000a6200000|  0%| F|  |TAMS 0x00000000a6100000| PB 0x00000000a6100000| Untracked 
| 610|0x00000000a6200000, 0x00000000a62f7cd8, 0x00000000a6300000| 96%| S|CS|TAMS 0x00000000a6200000| PB 0x00000000a6200000| Complete 
| 611|0x00000000a6300000, 0x00000000a6300000, 0x00000000a6400000|  0%| F|  |TAMS 0x00000000a6300000| PB 0x00000000a6300000| Untracked 
| 612|0x00000000a6400000, 0x00000000a6400000, 0x00000000a6500000|  0%| F|  |TAMS 0x00000000a6400000| PB 0x00000000a6400000| Untracked 
| 613|0x00000000a6500000, 0x00000000a6500000, 0x00000000a6600000|  0%| F|  |TAMS 0x00000000a6500000| PB 0x00000000a6500000| Untracked 
| 614|0x00000000a6600000, 0x00000000a6600000, 0x00000000a6700000|  0%| F|  |TAMS 0x00000000a6600000| PB 0x00000000a6600000| Untracked 
| 615|0x00000000a6700000, 0x00000000a6700000, 0x00000000a6800000|  0%| F|  |TAMS 0x00000000a6700000| PB 0x00000000a6700000| Untracked 
| 616|0x00000000a6800000, 0x00000000a6800000, 0x00000000a6900000|  0%| F|  |TAMS 0x00000000a6800000| PB 0x00000000a6800000| Untracked 
| 617|0x00000000a6900000, 0x00000000a6900000, 0x00000000a6a00000|  0%| F|  |TAMS 0x00000000a6900000| PB 0x00000000a6900000| Untracked 
| 618|0x00000000a6a00000, 0x00000000a6a00000, 0x00000000a6b00000|  0%| F|  |TAMS 0x00000000a6a00000| PB 0x00000000a6a00000| Untracked 
| 619|0x00000000a6b00000, 0x00000000a6b00000, 0x00000000a6c00000|  0%| F|  |TAMS 0x00000000a6b00000| PB 0x00000000a6b00000| Untracked 
| 620|0x00000000a6c00000, 0x00000000a6c00000, 0x00000000a6d00000|  0%| F|  |TAMS 0x00000000a6c00000| PB 0x00000000a6c00000| Untracked 
| 621|0x00000000a6d00000, 0x00000000a6d00000, 0x00000000a6e00000|  0%| F|  |TAMS 0x00000000a6d00000| PB 0x00000000a6d00000| Untracked 
| 622|0x00000000a6e00000, 0x00000000a6e00000, 0x00000000a6f00000|  0%| F|  |TAMS 0x00000000a6e00000| PB 0x00000000a6e00000| Untracked 
| 623|0x00000000a6f00000, 0x00000000a6f00000, 0x00000000a7000000|  0%| F|  |TAMS 0x00000000a6f00000| PB 0x00000000a6f00000| Untracked 
| 624|0x00000000a7000000, 0x00000000a7000000, 0x00000000a7100000|  0%| F|  |TAMS 0x00000000a7000000| PB 0x00000000a7000000| Untracked 
| 625|0x00000000a7100000, 0x00000000a7100000, 0x00000000a7200000|  0%| F|  |TAMS 0x00000000a7100000| PB 0x00000000a7100000| Untracked 
| 626|0x00000000a7200000, 0x00000000a7200000, 0x00000000a7300000|  0%| F|  |TAMS 0x00000000a7200000| PB 0x00000000a7200000| Untracked 
| 627|0x00000000a7300000, 0x00000000a7300000, 0x00000000a7400000|  0%| F|  |TAMS 0x00000000a7300000| PB 0x00000000a7300000| Untracked 
| 628|0x00000000a7400000, 0x00000000a7400000, 0x00000000a7500000|  0%| F|  |TAMS 0x00000000a7400000| PB 0x00000000a7400000| Untracked 
| 629|0x00000000a7500000, 0x00000000a7500000, 0x00000000a7600000|  0%| F|  |TAMS 0x00000000a7500000| PB 0x00000000a7500000| Untracked 
| 630|0x00000000a7600000, 0x00000000a7600000, 0x00000000a7700000|  0%| F|  |TAMS 0x00000000a7600000| PB 0x00000000a7600000| Untracked 
| 631|0x00000000a7700000, 0x00000000a7700000, 0x00000000a7800000|  0%| F|  |TAMS 0x00000000a7700000| PB 0x00000000a7700000| Untracked 
| 632|0x00000000a7800000, 0x00000000a7800000, 0x00000000a7900000|  0%| F|  |TAMS 0x00000000a7800000| PB 0x00000000a7800000| Untracked 
| 633|0x00000000a7900000, 0x00000000a7900000, 0x00000000a7a00000|  0%| F|  |TAMS 0x00000000a7900000| PB 0x00000000a7900000| Untracked 
| 634|0x00000000a7a00000, 0x00000000a7a00000, 0x00000000a7b00000|  0%| F|  |TAMS 0x00000000a7a00000| PB 0x00000000a7a00000| Untracked 
| 635|0x00000000a7b00000, 0x00000000a7b00000, 0x00000000a7c00000|  0%| F|  |TAMS 0x00000000a7b00000| PB 0x00000000a7b00000| Untracked 
| 636|0x00000000a7c00000, 0x00000000a7c00000, 0x00000000a7d00000|  0%| F|  |TAMS 0x00000000a7c00000| PB 0x00000000a7c00000| Untracked 
| 637|0x00000000a7d00000, 0x00000000a7d00000, 0x00000000a7e00000|  0%| F|  |TAMS 0x00000000a7d00000| PB 0x00000000a7d00000| Untracked 
| 638|0x00000000a7e00000, 0x00000000a7e00000, 0x00000000a7f00000|  0%| F|  |TAMS 0x00000000a7e00000| PB 0x00000000a7e00000| Untracked 
|2037|0x00000000ff500000, 0x00000000ff600000, 0x00000000ff600000|100%| O|  |TAMS 0x00000000ff500000| PB 0x00000000ff500000| Untracked 
|2038|0x00000000ff600000, 0x00000000ff700000, 0x00000000ff700000|100%| O|  |TAMS 0x00000000ff600000| PB 0x00000000ff600000| Untracked 
|2039|0x00000000ff700000, 0x00000000ff800000, 0x00000000ff800000|100%| O|  |TAMS 0x00000000ff700000| PB 0x00000000ff700000| Untracked 
|2040|0x00000000ff800000, 0x00000000ff900000, 0x00000000ff900000|100%| O|  |TAMS 0x00000000ff800000| PB 0x00000000ff800000| Untracked 
|2041|0x00000000ff900000, 0x00000000ffa00000, 0x00000000ffa00000|100%| O|  |TAMS 0x00000000ff900000| PB 0x00000000ff900000| Untracked 
|2042|0x00000000ffa00000, 0x00000000ffb00000, 0x00000000ffb00000|100%| O|  |TAMS 0x00000000ffa00000| PB 0x00000000ffa00000| Untracked 
|2043|0x00000000ffb00000, 0x00000000ffc00000, 0x00000000ffc00000|100%| O|  |TAMS 0x00000000ffb00000| PB 0x00000000ffb00000| Untracked 
|2044|0x00000000ffc00000, 0x00000000ffd00000, 0x00000000ffd00000|100%| O|  |TAMS 0x00000000ffc00000| PB 0x00000000ffc00000| Untracked 
|2045|0x00000000ffd00000, 0x00000000ffe00000, 0x00000000ffe00000|100%| O|  |TAMS 0x00000000ffd00000| PB 0x00000000ffd00000| Untracked 
|2046|0x00000000ffe00000, 0x00000000fff00000, 0x00000000fff00000|100%| O|  |TAMS 0x00000000ffe00000| PB 0x00000000ffe00000| Untracked 
|2047|0x00000000fff00000, 0x0000000100000000, 0x0000000100000000|100%| O|  |TAMS 0x00000000fff00000| PB 0x00000000fff00000| Untracked 

Card table byte_map: [0x000001b973b10000,0x000001b973f10000] _byte_map_base: 0x000001b973710000

Marking Bits: (CMBitMap*) 0x000001b96f829e40
 Bits: [0x000001b973f10000, 0x000001b975f10000)

Polling page: 0x000001b96d790000

Metaspace:

Usage:
  Non-class:    109.75 MB used.
      Class:     17.78 MB used.
       Both:    127.53 MB used.

Virtual space:
  Non-class space:      128.00 MB reserved,     110.88 MB ( 87%) committed,  2 nodes.
      Class space:        1.00 GB reserved,      18.88 MB (  2%) committed,  1 nodes.
             Both:        1.12 GB reserved,     129.75 MB ( 11%) committed. 

Chunk freelists:
   Non-Class:  192.00 KB
       Class:  12.94 MB
        Both:  13.13 MB

MaxMetaspaceSize: unlimited
CompressedClassSpaceSize: 1.00 GB
Initial GC threshold: 21.00 MB
Current GC threshold: 200.75 MB
CDS: off
 - commit_granule_bytes: 65536.
 - commit_granule_words: 8192.
 - virtual_space_node_default_size: 8388608.
 - enlarge_chunks_in_place: 1.
 - use_allocation_guard: 0.


Internal statistics:

num_allocs_failed_limit: 12.
num_arena_births: 4720.
num_arena_deaths: 0.
num_vsnodes_births: 3.
num_vsnodes_deaths: 0.
num_space_committed: 2074.
num_space_uncommitted: 0.
num_chunks_returned_to_freelist: 12.
num_chunks_taken_from_freelist: 10367.
num_chunk_merges: 12.
num_chunk_splits: 6733.
num_chunks_enlarged: 4233.
num_inconsistent_stats: 0.

CodeHeap 'non-profiled nmethods': size=119168Kb used=10541Kb max_used=10541Kb free=108626Kb
 bounds [0x000001b907ba0000, 0x000001b9085f0000, 0x000001b90f000000]
CodeHeap 'profiled nmethods': size=119104Kb used=27048Kb max_used=27048Kb free=92055Kb
 bounds [0x000001b900000000, 0x000001b901a70000, 0x000001b907450000]
CodeHeap 'non-nmethods': size=7488Kb used=3749Kb max_used=3819Kb free=3738Kb
 bounds [0x000001b907450000, 0x000001b907820000, 0x000001b907ba0000]
CodeCache: size=245760Kb, used=41338Kb, max_used=41408Kb, free=204419Kb
 total_blobs=15408, nmethods=14470, adapters=837, full_count=0
Compilation: enabled, stopped_count=0, restarted_count=0

Compilation events (20 events):
Event: 10.983 Thread 0x000001b9795e0090 nmethod 17248 0x000001b901a67810 code [0x000001b901a679c0, 0x000001b901a67b78]
Event: 10.983 Thread 0x000001b97e1a1f40 17250       4       java.util.ArrayDeque::size (17 bytes)
Event: 10.983 Thread 0x000001b97984ebb0 nmethod 17247 0x000001b901a67c10 code [0x000001b901a67e80, 0x000001b901a68988]
Event: 10.983 Thread 0x000001b97e4ff360 nmethod 17243 0x000001b9085e6f90 code [0x000001b9085e7140, 0x000001b9085e72c0]
Event: 10.983 Thread 0x000001b97e1a1f40 nmethod 17250 0x000001b9085e7490 code [0x000001b9085e7620, 0x000001b9085e76d8]
Event: 10.983 Thread 0x000001b979872980 17251       3       org.gradle.api.internal.changedetection.state.IgnoringResourceHasher::hash (33 bytes)
Event: 10.983 Thread 0x000001b979872980 nmethod 17251 0x000001b901a68d90 code [0x000001b901a68f60, 0x000001b901a692a8]
Event: 10.984 Thread 0x000001b97e4ff360 17252       4       java.util.ArrayDeque$DeqIterator::next (62 bytes)
Event: 10.985 Thread 0x000001b97e4ff360 nmethod 17252 0x000001b9085e7790 code [0x000001b9085e7920, 0x000001b9085e7a68]
Event: 10.986 Thread 0x000001b912d36150 nmethod 17241 0x000001b9085e7b90 code [0x000001b9085e7ea0, 0x000001b9085e97d0]
Event: 10.986 Thread 0x000001b979721d70 nmethod 17245 0x000001b9085ea790 code [0x000001b9085ea980, 0x000001b9085eb0e8]
Event: 10.986 Thread 0x000001b97984ebb0 17253       3       org.gradle.internal.snapshot.DirectorySnapshot::accept (8 bytes)
Event: 10.986 Thread 0x000001b97984ebb0 nmethod 17253 0x000001b901a69410 code [0x000001b901a695c0, 0x000001b901a69798]
Event: 10.986 Thread 0x000001b979725d10 17254       3       org.gradle.internal.snapshot.FileSystemLocationSnapshot$FileSystemLocationSnapshotVisitor::visitDirectory (1 bytes)
Event: 10.986 Thread 0x000001b97984ebb0 17255       3       org.gradle.internal.snapshot.SingletonChildMap::stream (8 bytes)
Event: 10.986 Thread 0x000001b979725d10 nmethod 17254 0x000001b901a69890 code [0x000001b901a69a20, 0x000001b901a69b28]
Event: 10.986 Thread 0x000001b97984ebb0 nmethod 17255 0x000001b901a69b90 code [0x000001b901a69d60, 0x000001b901a6a0d0]
Event: 10.987 Thread 0x000001b97984ebb0 17256       1       org.gradle.internal.snapshot.AbstractListChildMap$1::getChildMap (5 bytes)
Event: 10.987 Thread 0x000001b97984ebb0 nmethod 17256 0x000001b9085eb490 code [0x000001b9085eb620, 0x000001b9085eb6e8]
Event: 10.988 Thread 0x000001b9795e0090 17257       3       org.gradle.internal.snapshot.impl.FileSystemSnapshotFilter::filterSnapshot (94 bytes)

GC Heap History (20 events):
Event: 9.002 GC heap after
{Heap after GC invocations=45 (full 0):
 garbage-first heap   total 289792K, used 125609K [0x0000000080000000, 0x0000000100000000)
  region size 1024K, 11 young (11264K), 11 survivors (11264K)
 Metaspace       used 120614K, committed 122880K, reserved 1179648K
  class space    used 16815K, committed 17920K, reserved 1048576K
}
Event: 9.042 GC heap before
{Heap before GC invocations=45 (full 0):
 garbage-first heap   total 289792K, used 268969K [0x0000000080000000, 0x0000000100000000)
  region size 1024K, 152 young (155648K), 11 survivors (11264K)
 Metaspace       used 120708K, committed 123072K, reserved 1179648K
  class space    used 16831K, committed 17984K, reserved 1048576K
}
Event: 9.045 GC heap after
{Heap after GC invocations=46 (full 0):
 garbage-first heap   total 289792K, used 125348K [0x0000000080000000, 0x0000000100000000)
  region size 1024K, 10 young (10240K), 10 survivors (10240K)
 Metaspace       used 120708K, committed 123072K, reserved 1179648K
  class space    used 16831K, committed 17984K, reserved 1048576K
}
Event: 9.097 GC heap before
{Heap before GC invocations=46 (full 0):
 garbage-first heap   total 289792K, used 271780K [0x0000000080000000, 0x0000000100000000)
  region size 1024K, 154 young (157696K), 10 survivors (10240K)
 Metaspace       used 120979K, committed 123264K, reserved 1179648K
  class space    used 16876K, committed 17984K, reserved 1048576K
}
Event: 9.100 GC heap after
{Heap after GC invocations=47 (full 0):
 garbage-first heap   total 289792K, used 126562K [0x0000000080000000, 0x0000000100000000)
  region size 1024K, 11 young (11264K), 11 survivors (11264K)
 Metaspace       used 120979K, committed 123264K, reserved 1179648K
  class space    used 16876K, committed 17984K, reserved 1048576K
}
Event: 9.148 GC heap before
{Heap before GC invocations=47 (full 0):
 garbage-first heap   total 289792K, used 272994K [0x0000000080000000, 0x0000000100000000)
  region size 1024K, 154 young (157696K), 11 survivors (11264K)
 Metaspace       used 121080K, committed 123392K, reserved 1179648K
  class space    used 16887K, committed 17984K, reserved 1048576K
}
Event: 9.151 GC heap after
{Heap after GC invocations=48 (full 0):
 garbage-first heap   total 289792K, used 127299K [0x0000000080000000, 0x0000000100000000)
  region size 1024K, 11 young (11264K), 11 survivors (11264K)
 Metaspace       used 121080K, committed 123392K, reserved 1179648K
  class space    used 16887K, committed 17984K, reserved 1048576K
}
Event: 9.330 GC heap before
{Heap before GC invocations=49 (full 0):
 garbage-first heap   total 289792K, used 282947K [0x0000000080000000, 0x0000000100000000)
  region size 1024K, 154 young (157696K), 11 survivors (11264K)
 Metaspace       used 122668K, committed 125056K, reserved 1179648K
  class space    used 17083K, committed 18240K, reserved 1048576K
}
Event: 9.335 GC heap after
{Heap after GC invocations=50 (full 0):
 garbage-first heap   total 303104K, used 144202K [0x0000000080000000, 0x0000000100000000)
  region size 1024K, 17 young (17408K), 17 survivors (17408K)
 Metaspace       used 122668K, committed 125056K, reserved 1179648K
  class space    used 17083K, committed 18240K, reserved 1048576K
}
Event: 9.622 GC heap before
{Heap before GC invocations=50 (full 0):
 garbage-first heap   total 303104K, used 300874K [0x0000000080000000, 0x0000000100000000)
  region size 1024K, 152 young (155648K), 17 survivors (17408K)
 Metaspace       used 128429K, committed 130816K, reserved 1179648K
  class space    used 17930K, committed 19072K, reserved 1048576K
}
Event: 10.712 GC heap after
{Heap after GC invocations=51 (full 0):
 garbage-first heap   total 665600K, used 162155K [0x0000000080000000, 0x0000000100000000)
  region size 1024K, 20 young (20480K), 20 survivors (20480K)
 Metaspace       used 128429K, committed 130816K, reserved 1179648K
  class space    used 17930K, committed 19072K, reserved 1048576K
}
Event: 10.757 GC heap before
{Heap before GC invocations=51 (full 0):
 garbage-first heap   total 665600K, used 182635K [0x0000000080000000, 0x0000000100000000)
  region size 1024K, 32 young (32768K), 20 survivors (20480K)
 Metaspace       used 128896K, committed 131200K, reserved 1179648K
  class space    used 18011K, committed 19136K, reserved 1048576K
}
Event: 10.761 GC heap after
{Heap after GC invocations=52 (full 0):
 garbage-first heap   total 665600K, used 165650K [0x0000000080000000, 0x0000000100000000)
  region size 1024K, 4 young (4096K), 4 survivors (4096K)
 Metaspace       used 128896K, committed 131200K, reserved 1179648K
  class space    used 18011K, committed 19136K, reserved 1048576K
}
Event: 10.822 GC heap before
{Heap before GC invocations=52 (full 0):
 garbage-first heap   total 665600K, used 193298K [0x0000000080000000, 0x0000000100000000)
  region size 1024K, 32 young (32768K), 4 survivors (4096K)
 Metaspace       used 129595K, committed 131904K, reserved 1179648K
  class space    used 18094K, committed 19200K, reserved 1048576K
}
Event: 10.825 GC heap after
{Heap after GC invocations=53 (full 0):
 garbage-first heap   total 665600K, used 171731K [0x0000000080000000, 0x0000000100000000)
  region size 1024K, 4 young (4096K), 4 survivors (4096K)
 Metaspace       used 129595K, committed 131904K, reserved 1179648K
  class space    used 18094K, committed 19200K, reserved 1048576K
}
Event: 10.910 GC heap before
{Heap before GC invocations=53 (full 0):
 garbage-first heap   total 665600K, used 199379K [0x0000000080000000, 0x0000000100000000)
  region size 1024K, 32 young (32768K), 4 survivors (4096K)
 Metaspace       used 130206K, committed 132544K, reserved 1179648K
  class space    used 18177K, committed 19328K, reserved 1048576K
}
Event: 10.914 GC heap after
{Heap after GC invocations=54 (full 0):
 garbage-first heap   total 665600K, used 178346K [0x0000000080000000, 0x0000000100000000)
  region size 1024K, 4 young (4096K), 4 survivors (4096K)
 Metaspace       used 130206K, committed 132544K, reserved 1179648K
  class space    used 18177K, committed 19328K, reserved 1048576K
}
Event: 10.977 GC heap before
{Heap before GC invocations=54 (full 0):
 garbage-first heap   total 665600K, used 207018K [0x0000000080000000, 0x0000000100000000)
  region size 1024K, 32 young (32768K), 4 survivors (4096K)
 Metaspace       used 130584K, committed 132864K, reserved 1179648K
  class space    used 18208K, committed 19328K, reserved 1048576K
}
Event: 10.980 GC heap after
{Heap after GC invocations=55 (full 0):
 garbage-first heap   total 665600K, used 184191K [0x0000000080000000, 0x0000000100000000)
  region size 1024K, 4 young (4096K), 4 survivors (4096K)
 Metaspace       used 130584K, committed 132864K, reserved 1179648K
  class space    used 18208K, committed 19328K, reserved 1048576K
}
Event: 10.988 GC heap before
{Heap before GC invocations=55 (full 0):
 garbage-first heap   total 665600K, used 212863K [0x0000000080000000, 0x0000000100000000)
  region size 1024K, 32 young (32768K), 4 survivors (4096K)
 Metaspace       used 130588K, committed 132864K, reserved 1179648K
  class space    used 18208K, committed 19328K, reserved 1048576K
}

Dll operation events (3 events):
Event: 0.006 Loaded shared library D:\Android Studio\jbr\bin\java.dll
Event: 0.009 Loaded shared library D:\Android Studio\jbr\bin\zip.dll
Event: 0.396 Loaded shared library D:\Android Studio\jbr\bin\verify.dll

Deoptimization events (20 events):
Event: 10.940 Thread 0x000001b912a7f860 DEOPT PACKING pc=0x000001b9081b9664 sp=0x00000008e01fe1d0
Event: 10.940 Thread 0x000001b912a7f860 DEOPT UNPACKING pc=0x000001b9074a43a2 sp=0x00000008e01fe1c0 mode 2
Event: 10.942 Thread 0x000001b912a7f860 Uncommon trap: trap_request=0xffffff45 fr.pc=0x000001b90804e3e4 relative=0x0000000000000a64
Event: 10.942 Thread 0x000001b912a7f860 Uncommon trap: reason=unstable_if action=reinterpret pc=0x000001b90804e3e4 method=java.io.BufferedOutputStream.implWrite([BII)V @ 5 c2
Event: 10.942 Thread 0x000001b912a7f860 DEOPT PACKING pc=0x000001b90804e3e4 sp=0x00000008e01fe270
Event: 10.942 Thread 0x000001b912a7f860 DEOPT UNPACKING pc=0x000001b9074a43a2 sp=0x00000008e01fe138 mode 2
Event: 10.942 Thread 0x000001b912a7f860 Uncommon trap: trap_request=0xffffff45 fr.pc=0x000001b9080500d8 relative=0x00000000000006f8
Event: 10.942 Thread 0x000001b912a7f860 Uncommon trap: reason=unstable_if action=reinterpret pc=0x000001b9080500d8 method=java.io.BufferedOutputStream.implWrite([BII)V @ 5 c2
Event: 10.942 Thread 0x000001b912a7f860 DEOPT PACKING pc=0x000001b9080500d8 sp=0x00000008e01fe1e0
Event: 10.942 Thread 0x000001b912a7f860 DEOPT UNPACKING pc=0x000001b9074a43a2 sp=0x00000008e01fe130 mode 2
Event: 10.942 Thread 0x000001b9162dd200 DEOPT PACKING pc=0x000001b901a14dc2 sp=0x00000008e90fd650
Event: 10.942 Thread 0x000001b9162dd200 DEOPT UNPACKING pc=0x000001b9074a4b42 sp=0x00000008e90fcb60 mode 0
Event: 10.945 Thread 0x000001b912a795f0 Uncommon trap: trap_request=0xffffffde fr.pc=0x000001b9083fc120 relative=0x00000000000007c0
Event: 10.945 Thread 0x000001b912a795f0 Uncommon trap: reason=class_check action=maybe_recompile pc=0x000001b9083fc120 method=org.gradle.internal.snapshot.impl.AbstractValueProcessor.processValue(Ljava/lang/Object;Lorg/gradle/internal/snapshot/impl/AbstractValueProcessor$ValueVisitor;)Ljava/lan
Event: 10.945 Thread 0x000001b912a795f0 DEOPT PACKING pc=0x000001b9083fc120 sp=0x00000008df2fca10
Event: 10.945 Thread 0x000001b912a795f0 DEOPT UNPACKING pc=0x000001b9074a43a2 sp=0x00000008df2fc990 mode 2
Event: 10.948 Thread 0x000001b912a795f0 Uncommon trap: trap_request=0xffffffde fr.pc=0x000001b9083fc04c relative=0x00000000000006ec
Event: 10.948 Thread 0x000001b912a795f0 Uncommon trap: reason=class_check action=maybe_recompile pc=0x000001b9083fc04c method=org.gradle.internal.snapshot.impl.AbstractValueProcessor.processValue(Ljava/lang/Object;Lorg/gradle/internal/snapshot/impl/AbstractValueProcessor$ValueVisitor;)Ljava/lan
Event: 10.948 Thread 0x000001b912a795f0 DEOPT PACKING pc=0x000001b9083fc04c sp=0x00000008df2fca10
Event: 10.948 Thread 0x000001b912a795f0 DEOPT UNPACKING pc=0x000001b9074a43a2 sp=0x00000008df2fc988 mode 2

Classes loaded (20 events):
Event: 10.862 Loading class sun/nio/cs/UnicodeDecoder done
Event: 10.862 Loading class sun/nio/cs/UTF_16BE$Decoder done
Event: 10.870 Loading class com/sun/crypto/provider/HmacPKCS12PBECore$HmacPKCS12PBE_SHA256
Event: 10.870 Loading class com/sun/crypto/provider/HmacPKCS12PBECore
Event: 10.870 Loading class com/sun/crypto/provider/HmacPKCS12PBECore done
Event: 10.870 Loading class com/sun/crypto/provider/HmacPKCS12PBECore$HmacPKCS12PBE_SHA256 done
Event: 10.873 Loading class sun/security/util/PBEUtil
Event: 10.873 Loading class sun/security/util/PBEUtil done
Event: 10.873 Loading class com/sun/crypto/provider/PKCS12PBECipherCore
Event: 10.873 Loading class com/sun/crypto/provider/PKCS12PBECipherCore done
Event: 10.874 Loading class sun/security/pkcs12/MacData
Event: 10.874 Loading class sun/security/pkcs12/MacData done
Event: 10.933 Loading class java/nio/channels/Channels$WritableByteChannelImpl
Event: 10.934 Loading class java/nio/channels/Channels$WritableByteChannelImpl done
Event: 10.934 Loading class java/util/Collections$UnmodifiableSortedMap
Event: 10.934 Loading class java/util/Collections$UnmodifiableSortedMap done
Event: 10.945 Loading class java/util/concurrent/ConcurrentSkipListMap$KeySet
Event: 10.946 Loading class java/util/concurrent/ConcurrentSkipListMap$KeySet done
Event: 10.946 Loading class java/util/concurrent/ConcurrentSkipListMap$KeyIterator
Event: 10.946 Loading class java/util/concurrent/ConcurrentSkipListMap$KeyIterator done

Classes unloaded (0 events):
No events

Classes redefined (0 events):
No events

Internal exceptions (20 events):
Event: 10.973 Thread 0x000001b916277b70 Exception <a 'sun/nio/fs/WindowsException'{0x00000000a6d76080}> (0x00000000a6d76080) 
thrown [s\src\hotspot\share\prims\jni.cpp, line 537]
Event: 10.974 Thread 0x000001b915f80d90 Exception <a 'sun/nio/fs/WindowsException'{0x00000000a6d79db0}> (0x00000000a6d79db0) 
thrown [s\src\hotspot\share\prims\jni.cpp, line 537]
Event: 10.974 Thread 0x000001b90f291df0 Exception <a 'sun/nio/fs/WindowsException'{0x00000000a6d84488}> (0x00000000a6d84488) 
thrown [s\src\hotspot\share\prims\jni.cpp, line 537]
Event: 10.975 Thread 0x000001b90f292480 Exception <a 'sun/nio/fs/WindowsException'{0x00000000a6d7e9a8}> (0x00000000a6d7e9a8) 
thrown [s\src\hotspot\share\prims\jni.cpp, line 537]
Event: 10.975 Thread 0x000001b9162795b0 Exception <a 'sun/nio/fs/WindowsException'{0x00000000a641f280}> (0x00000000a641f280) 
thrown [s\src\hotspot\share\prims\jni.cpp, line 537]
Event: 10.975 Thread 0x000001b9162795b0 Exception <a 'sun/nio/fs/WindowsException'{0x00000000a6444460}> (0x00000000a6444460) 
thrown [s\src\hotspot\share\prims\jni.cpp, line 537]
Event: 10.976 Thread 0x000001b90f296620 Exception <a 'sun/nio/fs/WindowsException'{0x00000000a648c870}> (0x00000000a648c870) 
thrown [s\src\hotspot\share\prims\jni.cpp, line 537]
Event: 10.977 Thread 0x000001b90f2910d0 Exception <a 'sun/nio/fs/WindowsException'{0x00000000a633e970}> (0x00000000a633e970) 
thrown [s\src\hotspot\share\prims\jni.cpp, line 537]
Event: 10.981 Thread 0x000001b90f292b10 Exception <a 'sun/nio/fs/WindowsException'{0x00000000a7e5a698}> (0x00000000a7e5a698) 
thrown [s\src\hotspot\share\prims\jni.cpp, line 537]
Event: 10.982 Thread 0x000001b90f294be0 Exception <a 'sun/nio/fs/WindowsException'{0x00000000a7d3fe20}> (0x00000000a7d3fe20) 
thrown [s\src\hotspot\share\prims\jni.cpp, line 537]
Event: 10.983 Thread 0x000001b90f293830 Exception <a 'sun/nio/fs/WindowsException'{0x00000000a7c66f20}> (0x00000000a7c66f20) 
thrown [s\src\hotspot\share\prims\jni.cpp, line 537]
Event: 10.984 Thread 0x000001b915f7f350 Exception <a 'sun/nio/fs/WindowsException'{0x00000000a7b9ffc0}> (0x00000000a7b9ffc0) 
thrown [s\src\hotspot\share\prims\jni.cpp, line 537]
Event: 10.985 Thread 0x000001b90f2931a0 Exception <a 'sun/nio/fs/WindowsException'{0x00000000a7aa6290}> (0x00000000a7aa6290) 
thrown [s\src\hotspot\share\prims\jni.cpp, line 537]
Event: 10.986 Thread 0x000001b912a795f0 Exception <a 'sun/nio/fs/WindowsException'{0x00000000a784c150}> (0x00000000a784c150) 
thrown [s\src\hotspot\share\prims\jni.cpp, line 537]
Event: 10.987 Thread 0x000001b916278f20 Exception <a 'sun/nio/fs/WindowsException'{0x00000000a791a728}> (0x00000000a791a728) 
thrown [s\src\hotspot\share\prims\jni.cpp, line 537]
Event: 10.987 Thread 0x000001b916278f20 Exception <a 'sun/nio/fs/WindowsException'{0x00000000a6af59c0}> (0x00000000a6af59c0) 
thrown [s\src\hotspot\share\prims\jni.cpp, line 537]
Event: 10.988 Thread 0x000001b9162767c0 Exception <a 'sun/nio/fs/WindowsException'{0x00000000a75cf088}> (0x00000000a75cf088) 
thrown [s\src\hotspot\share\prims\jni.cpp, line 537]
Event: 10.988 Thread 0x000001b916278890 Exception <a 'sun/nio/fs/WindowsException'{0x00000000a6617c28}> (0x00000000a6617c28) 
thrown [s\src\hotspot\share\prims\jni.cpp, line 537]
Event: 10.988 Thread 0x000001b9162767c0 Exception <a 'sun/nio/fs/WindowsException'{0x00000000a63469b8}> (0x00000000a63469b8) 
thrown [s\src\hotspot\share\prims\jni.cpp, line 537]
Event: 10.988 Thread 0x000001b916278890 Exception <a 'sun/nio/fs/WindowsException'{0x00000000a63c4248}> (0x00000000a63c4248) 
thrown [s\src\hotspot\share\prims\jni.cpp, line 537]

ZGC Phase Switch (0 events):
No events

VM Operations (20 events):
Event: 10.820 Executing non-safepoint VM operation: HandshakeAllThreads (Deoptimize) done
Event: 10.822 Executing safepoint VM operation: G1CollectForAllocation (G1 Evacuation Pause)
Event: 10.826 Executing safepoint VM operation: G1CollectForAllocation (G1 Evacuation Pause) done
Event: 10.838 Executing non-safepoint VM operation: HandshakeAllThreads (Deoptimize)
Event: 10.838 Executing non-safepoint VM operation: HandshakeAllThreads (Deoptimize) done
Event: 10.840 Executing non-safepoint VM operation: HandshakeAllThreads (Deoptimize)
Event: 10.841 Executing non-safepoint VM operation: HandshakeAllThreads (Deoptimize) done
Event: 10.872 Executing non-safepoint VM operation: HandshakeAllThreads (Deoptimize)
Event: 10.872 Executing non-safepoint VM operation: HandshakeAllThreads (Deoptimize) done
Event: 10.880 Executing non-safepoint VM operation: HandshakeAllThreads (Deoptimize)
Event: 10.880 Executing non-safepoint VM operation: HandshakeAllThreads (Deoptimize) done
Event: 10.910 Executing safepoint VM operation: G1CollectForAllocation (G1 Evacuation Pause)
Event: 10.914 Executing safepoint VM operation: G1CollectForAllocation (G1 Evacuation Pause) done
Event: 10.937 Executing non-safepoint VM operation: HandshakeAllThreads (Deoptimize)
Event: 10.937 Executing non-safepoint VM operation: HandshakeAllThreads (Deoptimize) done
Event: 10.939 Executing non-safepoint VM operation: HandshakeAllThreads (Deoptimize)
Event: 10.939 Executing non-safepoint VM operation: HandshakeAllThreads (Deoptimize) done
Event: 10.977 Executing safepoint VM operation: G1CollectForAllocation (G1 Evacuation Pause)
Event: 10.981 Executing safepoint VM operation: G1CollectForAllocation (G1 Evacuation Pause) done
Event: 10.988 Executing safepoint VM operation: G1CollectForAllocation (G1 Evacuation Pause)

Memory protections (0 events):
No events

Nmethod flushes (20 events):
Event: 9.133 Thread 0x000001b979669470 flushing  nmethod 0x000001b9004d0c90
Event: 9.133 Thread 0x000001b979669470 flushing  nmethod 0x000001b9004d4b90
Event: 9.133 Thread 0x000001b979669470 flushing  nmethod 0x000001b9004d8490
Event: 9.133 Thread 0x000001b979669470 flushing  nmethod 0x000001b900a4bf10
Event: 9.133 Thread 0x000001b979669470 flushing  nmethod 0x000001b90150f590
Event: 9.133 Thread 0x000001b979669470 flushing  nmethod 0x000001b900556710
Event: 9.133 Thread 0x000001b979669470 flushing  nmethod 0x000001b900aa9310
Event: 9.133 Thread 0x000001b979669470 flushing  nmethod 0x000001b900ff1010
Event: 9.133 Thread 0x000001b979669470 flushing  nmethod 0x000001b901715510
Event: 9.133 Thread 0x000001b979669470 flushing  nmethod 0x000001b90178fc90
Event: 9.133 Thread 0x000001b979669470 flushing  nmethod 0x000001b9009b1d10
Event: 9.133 Thread 0x000001b979669470 flushing  nmethod 0x000001b9009b2990
Event: 9.133 Thread 0x000001b979669470 flushing  nmethod 0x000001b9009b3610
Event: 9.133 Thread 0x000001b979669470 flushing  nmethod 0x000001b9009b5610
Event: 9.133 Thread 0x000001b979669470 flushing  nmethod 0x000001b900b3cf90
Event: 9.133 Thread 0x000001b979669470 flushing  nmethod 0x000001b900e20c90
Event: 9.133 Thread 0x000001b979669470 flushing  nmethod 0x000001b900f42f10
Event: 9.133 Thread 0x000001b979669470 flushing  nmethod 0x000001b900ae7e10
Event: 9.133 Thread 0x000001b979669470 flushing  nmethod 0x000001b900c7e010
Event: 9.133 Thread 0x000001b979669470 flushing  nmethod 0x000001b900eead90

Events (20 events):
Event: 8.634 Thread 0x000001b9149948d0 Thread added: 0x000001b9162d0d20
Event: 8.634 Thread 0x000001b9149948d0 Thread added: 0x000001b9162d4830
Event: 8.634 Thread 0x000001b9149948d0 Thread added: 0x000001b9162d4ec0
Event: 8.634 Thread 0x000001b9149948d0 Thread added: 0x000001b9162d3480
Event: 8.700 Thread 0x000001b9149948d0 Thread added: 0x000001b9162d5550
Event: 8.700 Thread 0x000001b9149948d0 Thread added: 0x000001b9162d5be0
Event: 8.700 Thread 0x000001b9149948d0 Thread added: 0x000001b9162d6270
Event: 8.700 Thread 0x000001b9149948d0 Thread added: 0x000001b9162d6f90
Event: 8.700 Thread 0x000001b9149948d0 Thread added: 0x000001b9162d6900
Event: 8.700 Thread 0x000001b9149948d0 Thread added: 0x000001b9162d41a0
Event: 8.700 Thread 0x000001b9149948d0 Thread added: 0x000001b9162d3b10
Event: 8.700 Thread 0x000001b9149948d0 Thread added: 0x000001b9162d7620
Event: 8.700 Thread 0x000001b9149948d0 Thread added: 0x000001b9162d9060
Event: 8.701 Thread 0x000001b9149948d0 Thread added: 0x000001b9162d89d0
Event: 8.701 Thread 0x000001b9149948d0 Thread added: 0x000001b9162db130
Event: 8.701 Thread 0x000001b9149948d0 Thread added: 0x000001b9162da410
Event: 8.932 Thread 0x000001b912a795f0 Thread added: 0x000001b9162e0680
Event: 8.991 Thread 0x000001b911cede90 Thread added: 0x000001b9162e0d10
Event: 9.170 Thread 0x000001b912a7ca70 Thread added: 0x000001b9162dd200
Event: 9.257 Thread 0x000001b9162e0d10 Thread added: 0x000001b9162e4190


Dynamic libraries:
0x00007ff62a7f0000 - 0x00007ff62a7fa000 	D:\Android Studio\jbr\bin\java.exe
0x00007ff9ffe60000 - 0x00007ffa000c7000 	C:\Windows\SYSTEM32\ntdll.dll
0x00007ff9fe990000 - 0x00007ff9fea59000 	C:\Windows\System32\KERNEL32.DLL
0x00007ff9fd330000 - 0x00007ff9fd727000 	C:\Windows\System32\KERNELBASE.dll
0x00007ff9fd820000 - 0x00007ff9fd96b000 	C:\Windows\System32\ucrtbase.dll
0x00007ff9d9d10000 - 0x00007ff9d9d28000 	D:\Android Studio\jbr\bin\jli.dll
0x00007ff9e0ab0000 - 0x00007ff9e0acb000 	D:\Android Studio\jbr\bin\VCRUNTIME140.dll
0x00007ff9feef0000 - 0x00007ff9ff0b6000 	C:\Windows\System32\USER32.dll
0x00007ff9fd7f0000 - 0x00007ff9fd817000 	C:\Windows\System32\win32u.dll
0x00007ff9de7d0000 - 0x00007ff9dea62000 	C:\Windows\WinSxS\amd64_microsoft.windows.common-controls_6595b64144ccf1df_6.0.26100.8457_none_3e0b2faee331e92d\COMCTL32.dll
0x00007ff9fdbe0000 - 0x00007ff9fdc0b000 	C:\Windows\System32\GDI32.dll
0x00007ff9ffab0000 - 0x00007ff9ffb59000 	C:\Windows\System32\msvcrt.dll
0x00007ff9fda00000 - 0x00007ff9fdb2c000 	C:\Windows\System32\gdi32full.dll
0x00007ff9fc890000 - 0x00007ff9fc933000 	C:\Windows\System32\msvcp_win.dll
0x00007ff9ffc90000 - 0x00007ff9ffcc2000 	C:\Windows\System32\IMM32.DLL
0x00007ff9f7c60000 - 0x00007ff9f7c6c000 	D:\Android Studio\jbr\bin\vcruntime140_1.dll
0x00007ff985a50000 - 0x00007ff985add000 	D:\Android Studio\jbr\bin\msvcp140.dll
0x00007ff879da0000 - 0x00007ff87aa36000 	D:\Android Studio\jbr\bin\server\jvm.dll
0x00007ff9ffd60000 - 0x00007ff9ffe16000 	C:\Windows\System32\ADVAPI32.dll
0x00007ff9ffb90000 - 0x00007ff9ffc37000 	C:\Windows\System32\sechost.dll
0x00007ff9ff840000 - 0x00007ff9ff958000 	C:\Windows\System32\RPCRT4.dll
0x00007ff9fe390000 - 0x00007ff9fe410000 	C:\Windows\System32\WS2_32.dll
0x00007ff9fc0f0000 - 0x00007ff9fc14e000 	C:\Windows\SYSTEM32\POWRPROF.dll
0x00007ff9f5770000 - 0x00007ff9f577b000 	C:\Windows\SYSTEM32\VERSION.dll
0x00007ff9ed390000 - 0x00007ff9ed3c6000 	C:\Windows\SYSTEM32\WINMM.dll
0x00007ff9fc0d0000 - 0x00007ff9fc0e4000 	C:\Windows\SYSTEM32\UMPDC.dll
0x00007ff9fb5e0000 - 0x00007ff9fb5fb000 	C:\Windows\SYSTEM32\kernel.appcore.dll
0x00007ff9f4600000 - 0x00007ff9f460a000 	D:\Android Studio\jbr\bin\jimage.dll
0x00007ff9fa490000 - 0x00007ff9fa6d2000 	C:\Windows\SYSTEM32\DBGHELP.DLL
0x00007ff9fdef0000 - 0x00007ff9fe273000 	C:\Windows\System32\combase.dll
0x00007ff9ff960000 - 0x00007ff9ffa39000 	C:\Windows\System32\OLEAUT32.dll
0x00007ff9bdd30000 - 0x00007ff9bdd6b000 	C:\Windows\SYSTEM32\dbgcore.DLL
0x00007ff9fdb30000 - 0x00007ff9fdbd8000 	C:\Windows\System32\bcryptPrimitives.dll
0x00007ff9e1320000 - 0x00007ff9e132e000 	D:\Android Studio\jbr\bin\instrument.dll
0x00007ff9dfbc0000 - 0x00007ff9dfbe0000 	D:\Android Studio\jbr\bin\java.dll
0x00007ff9dad90000 - 0x00007ff9dada8000 	D:\Android Studio\jbr\bin\zip.dll
0x00007ff9ff0c0000 - 0x00007ff9ff82e000 	C:\Windows\System32\SHELL32.dll
0x00007ff9fcac0000 - 0x00007ff9fd32c000 	C:\Windows\System32\windows.storage.dll
0x00007ff9fdc10000 - 0x00007ff9fdd06000 	C:\Windows\System32\SHCORE.dll
0x00007ff9fe6f0000 - 0x00007ff9fe756000 	C:\Windows\System32\shlwapi.dll
0x00007ff9fc7b0000 - 0x00007ff9fc7d9000 	C:\Windows\SYSTEM32\profapi.dll
0x00007ff9f4310000 - 0x00007ff9f4320000 	D:\Android Studio\jbr\bin\net.dll
0x00007ff9f6d10000 - 0x00007ff9f6e39000 	C:\Windows\SYSTEM32\WINHTTP.dll
0x00007ff9fbb30000 - 0x00007ff9fbb9c000 	C:\Windows\system32\mswsock.dll
0x00007ff9dace0000 - 0x00007ff9dacf6000 	D:\Android Studio\jbr\bin\nio.dll
0x00007ff9e1570000 - 0x00007ff9e1580000 	D:\Android Studio\jbr\bin\verify.dll
0x00007ff9d8ff0000 - 0x00007ff9d9017000 	C:\Users\33947\.gradle\native\660c5614fbf4a5f2a75b1949f50a0caf5cd603558e7d8a26e50b933a0cfb79d1\windows-amd64\native-platform.dll
0x00007ff985070000 - 0x00007ff9850e7000 	C:\Users\33947\.gradle\native\0.2.8\x86_64-windows-gnu\gradle-fileevents.dll
0x00007ff9e6b50000 - 0x00007ff9e6b59000 	D:\Android Studio\jbr\bin\management.dll
0x00007ff9e6aa0000 - 0x00007ff9e6aab000 	D:\Android Studio\jbr\bin\management_ext.dll
0x00007ff9ffb80000 - 0x00007ff9ffb88000 	C:\Windows\System32\PSAPI.DLL
0x00007ff9fb120000 - 0x00007ff9fb152000 	C:\Windows\SYSTEM32\IPHLPAPI.DLL
0x00007ff9fe380000 - 0x00007ff9fe38a000 	C:\Windows\System32\NSI.dll
0x00007ff9e6c20000 - 0x00007ff9e6c29000 	D:\Android Studio\jbr\bin\extnet.dll
0x00007ff9fbf30000 - 0x00007ff9fbf4b000 	C:\Windows\SYSTEM32\CRYPTSP.dll
0x00007ff9fb540000 - 0x00007ff9fb579000 	C:\Windows\system32\rsaenh.dll
0x00007ff9fbbe0000 - 0x00007ff9fbc13000 	C:\Windows\SYSTEM32\USERENV.dll
0x00007ff9fc780000 - 0x00007ff9fc7aa000 	C:\Windows\SYSTEM32\bcrypt.dll
0x00007ff9fbf10000 - 0x00007ff9fbf1c000 	C:\Windows\SYSTEM32\CRYPTBASE.dll
0x00007ff9acf00000 - 0x00007ff9acf08000 	C:\Windows\system32\wshunix.dll

JVMTI agents:
C:\Users\33947\.gradle\wrapper\dists\gradle-9.3.1-bin\e6fpmcitnr2cbhj7h6pdk7btv\gradle-9.3.1\lib\agents\gradle-instrumentation-agent-9.3.1.jar path:D:\Android Studio\jbr\bin\instrument.dll, loaded, initialized, instrumentlib options:none

dbghelp: loaded successfully - version: 4.0.5 - missing functions: none
symbol engine: initialized successfully - sym options: 0x614 - pdb path: .;D:\Android Studio\jbr\bin;C:\Windows\SYSTEM32;C:\Windows\WinSxS\amd64_microsoft.windows.common-controls_6595b64144ccf1df_6.0.26100.8457_none_3e0b2faee331e92d;D:\Android Studio\jbr\bin\server;C:\Users\33947\.gradle\native\660c5614fbf4a5f2a75b1949f50a0caf5cd603558e7d8a26e50b933a0cfb79d1\windows-amd64;C:\Users\33947\.gradle\native\0.2.8\x86_64-windows-gnu

VM Arguments:
jvm_args: --add-opens=java.base/java.lang=ALL-UNNAMED --add-opens=java.base/java.lang.invoke=ALL-UNNAMED --add-opens=java.base/java.util=ALL-UNNAMED --add-opens=java.prefs/java.util.prefs=ALL-UNNAMED --add-exports=jdk.compiler/com.sun.tools.javac.api=ALL-UNNAMED --add-exports=jdk.compiler/com.sun.tools.javac.util=ALL-UNNAMED --add-opens=java.base/java.util=ALL-UNNAMED --add-opens=java.prefs/java.util.prefs=ALL-UNNAMED --add-opens=java.base/java.nio.charset=ALL-UNNAMED --add-opens=java.base/java.net=ALL-UNNAMED --add-opens=java.base/java.util.concurrent=ALL-UNNAMED --add-opens=java.base/java.util.concurrent.atomic=ALL-UNNAMED --add-opens=java.xml/javax.xml.namespace=ALL-UNNAMED --add-opens=java.base/java.time=ALL-UNNAMED -Xmx2048m -Dfile.encoding=UTF-8 -Duser.country=CN -Duser.language=zh -Duser.variant -javaagent:C:\Users\33947\.gradle\wrapper\dists\gradle-9.3.1-bin\e6fpmcitnr2cbhj7h6pdk7btv\gradle-9.3.1\lib\agents\gradle-instrumentation-agent-9.3.1.jar 
java_command: org.gradle.launcher.daemon.bootstrap.GradleDaemon 9.3.1
java_class_path (initial): C:\Users\33947\.gradle\wrapper\dists\gradle-9.3.1-bin\e6fpmcitnr2cbhj7h6pdk7btv\gradle-9.3.1\lib\gradle-daemon-main-9.3.1.jar
Launcher Type: SUN_STANDARD

[Global flags]
     intx CICompilerCount                          = 12                                        {product} {ergonomic}
     uint ConcGCThreads                            = 5                                         {product} {ergonomic}
     uint G1ConcRefinementThreads                  = 18                                        {product} {ergonomic}
   size_t G1HeapRegionSize                         = 1048576                                   {product} {ergonomic}
    uintx GCDrainStackTargetSize                   = 64                                        {product} {ergonomic}
   size_t InitialHeapSize                          = 257949696                                 {product} {ergonomic}
   size_t MarkStackSize                            = 4194304                                   {product} {ergonomic}
   size_t MaxHeapSize                              = 2147483648                                {product} {command line}
   size_t MaxNewSize                               = 1287651328                                {product} {ergonomic}
   size_t MinHeapDeltaBytes                        = 1048576                                   {product} {ergonomic}
   size_t MinHeapSize                              = 8388608                                   {product} {ergonomic}
    uintx NonNMethodCodeHeapSize                   = 7602480                                {pd product} {ergonomic}
    uintx NonProfiledCodeHeapSize                  = 122027880                              {pd product} {ergonomic}
     bool PerfDisableSharedMem                     = true                                      {product} {ergonomic}
    uintx ProfiledCodeHeapSize                     = 122027880                              {pd product} {ergonomic}
    uintx ReservedCodeCacheSize                    = 251658240                              {pd product} {ergonomic}
     bool SegmentedCodeCache                       = true                                      {product} {ergonomic}
   size_t SoftMaxHeapSize                          = 2147483648                             {manageable} {ergonomic}
     bool UseCompressedOops                        = true                           {product lp64_product} {ergonomic}
     bool UseG1GC                                  = true                                      {product} {ergonomic}
     bool UseLargePagesIndividualAllocation        = false                                  {pd product} {ergonomic}

Logging:
Log output configuration:
 #0: stdout all=warning uptime,level,tags foldmultilines=false
 #1: stderr all=off uptime,level,tags foldmultilines=false

Release file:
JAVA_VERSION="21.0.10" 
MODULES="java.base java.compiler java.datatransfer java.xml java.prefs java.desktop java.instrument java.logging java.management java.security.sasl java.naming java.rmi java.management.rmi java.net.http java.scripting java.security.jgss java.transaction.xa java.sql java.sql.rowset java.xml.crypto java.se java.smartcardio jdk.accessibility jdk.internal.jvmstat jdk.attach jdk.charsets jdk.internal.opt jdk.zipfs jdk.compiler jdk.crypto.ec jdk.crypto.cryptoki jdk.dynalink jdk.hotspot.agent jdk.httpserver jdk.internal.ed jdk.internal.le jdk.internal.vm.ci jdk.jartool jdk.javadoc jdk.jcmd jdk.jdeps jdk.jdwp.agent jdk.jdi jdk.jfr jdk.jlink jdk.jsobject jdk.localedata jdk.management jdk.management.agent jdk.management.jfr jdk.naming.dns jdk.naming.rmi jdk.net jdk.sctp jdk.security.auth jdk.security.jgss jdk.unsupported jdk.unsupported.desktop jdk.xml.dom" 
IMPLEMENTOR="JetBrains s.r.o." 
JAVA_RUNTIME_VERSION="21.0.10+-14961533-b1163.108" 
LIBC="default" 
OS_ARCH="x86_64" 
OS_NAME="Windows" 
SOURCE=".:git:1351622c2ff2" 

Environment Variables:
PATH=C:\Program Files (x86)\Common Files\Intel\Shared Libraries\redist\intel64\compiler;D:\python3.14\Scripts\;D:\python3.14\;C:\Users\33947\AppData\Local\Programs\Python\Python313\Scripts\;C:\Users\33947\AppData\Local\Programs\Python\Python313\;D:\python3.12\Scripts\;D:\python3.12\;C:\ProgramData\Oracle\Java\javapath;C:\Program Files\Common Files\Oracle\Java\javapath;C:\Program Files (x86)\Common Files\Oracle\Java\java8path;C:\Program Files (x86)\Common Files\Oracle\Java\javapath;C:\Windows\system32;C:\Windows;C:\Windows\System32\Wbem;C:\Windows\System32\WindowsPowerShell\v1.0\;C:\Windows\System32\OpenSSH\;C:\Program Files (x86)\NVIDIA Corporation\PhysX\Common;C:\Program Files\NVIDIA Corporation\NVIDIA App\NvDLISR;C:\Program Files\dotnet\;D:\cmake\bin;D:\msys64\mingw64\bin;D:\nodejs\;C:\ProgramData\chocolatey\bin;d:\Git\cmd;C:\Program Files\Microsoft SQL Server\170\Tools\Binn\;C:\Program Files\Microsoft SQL Server\Client SDK\ODBC\170\Tools\Binn\;C:\Program Files\Common Files\Autodesk Shared\;D:\ollama-ipex-llm-2.2.0-win;C:\Program Files (x86)\Windows Kits\10\Windows Performance Toolkit\;C:\Program Files\MySQL\MySQL Shell 8.0\bin\;C:\Users\33947\AppData\Local\Microsoft\WindowsApps;d:\ollama;D:\PyCharm 2026.1\bin;D:\IntelliJ IDEA 2026.1\bin;D:\CLion 2026.1\bin;C:\Users\33947\AppData\Roaming\npm;D:\Microsoft VS Code\bin;D:\WebStorm 2026.1.2\bin;C:\Users\33947\.dotnet\tools
USERNAME=33947
OS=Windows_NT
PROCESSOR_IDENTIFIER=Intel64 Family 6 Model 198 Stepping 2, GenuineIntel
TMP=C:\Users\33947\AppData\Local\Temp
TEMP=C:\Users\33947\AppData\Local\Temp




Periodic native trim disabled

JNI global refs:
JNI global refs: 38, weak refs: 0

JNI global refs memory usage: 835, weak refs: 833

Process memory usage:
Resident Set Size: 777884K (4% of 16109904K total physical memory with 998996K free physical memory)

OOME stack traces (most recent first):
Classloader memory used:
Loader org.gradle.internal.classloader.VisitableURLClassLoader                         : 45185K
Loader org.gradle.internal.classloader.VisitableURLClassLoader$InstrumentingVisitableURLClassLoader: 40543K
Loader bootstrap                                                                       : 30518K
Loader org.gradle.initialization.MixInLegacyTypesClassLoader                           : 13141K
Loader jdk.internal.reflect.DelegatingClassLoader                                      : 472K
Loader jdk.internal.loader.ClassLoaders$AppClassLoader                                 : 231K
Loader jdk.internal.loader.ClassLoaders$PlatformClassLoader                            : 201K
Loader org.gradle.internal.classloader.VisitableURLClassLoader                         : 164K
Loader org.gradle.groovy.scripts.internal.DefaultScriptCompilationHandler$ScriptClassLoader: 127K
Loader sun.reflect.misc.MethodUtil                                                     : 2984B

Classes loaded by more than one classloader:
Class Program                                                                         : loaded 5 times (x 72B)
Class Build_gradle                                                                    : loaded 3 times (x 126B)
Class com.google.common.collect.RegularImmutableMap$KeySet                            : loaded 2 times (x 152B)
Class org.gradle.internal.classloader.FilteringClassLoader                            : loaded 2 times (x 105B)
Class com.google.common.base.CharMatcher$IsEither                                     : loaded 2 times (x 111B)
Class org.gradle.internal.classloader.ClassLoaderHierarchy                            : loaded 2 times (x 70B)
Class com.google.common.collect.ImmutableEnumSet                                      : loaded 2 times (x 146B)
Class com.google.common.util.concurrent.ExecutionError                                : loaded 2 times (x 82B)
Class com.google.common.collect.ImmutableList$1                                       : loaded 2 times (x 97B)
Class org.gradle.api.internal.classpath.ManifestUtil                                  : loaded 2 times (x 71B)
Class com.google.common.io.ByteArrayDataOutput                                        : loaded 2 times (x 70B)
Class com.google.common.collect.RegularImmutableMap                                   : loaded 2 times (x 121B)
Class com.google.common.collect.ImmutableMap$MapViewOfValuesAsSingletonSets           : loaded 2 times (x 126B)
Class com.google.common.reflect.TypeCapture                                           : loaded 2 times (x 71B)
Class [Lorg.objectweb.asm.Symbol;                                                     : loaded 2 times (x 69B)
Class org.objectweb.asm.ClassVisitor                                                  : loaded 2 times (x 88B)
Class com.google.common.collect.UnmodifiableListIterator                              : loaded 2 times (x 95B)
Class com.google.common.base.Platform$JdkPatternCompiler                              : loaded 2 times (x 75B)
Class org.objectweb.asm.MethodTooLargeException                                       : loaded 2 times (x 83B)
Class [Lcom.google.common.cache.CacheBuilder$OneWeigher;                              : loaded 2 times (x 69B)
Class com.google.common.base.Suppliers                                                : loaded 2 times (x 71B)
Class org.gradle.internal.classloader.DefaultClassLoaderFactory                       : loaded 2 times (x 82B)
Class org.apache.commons.io.file.PathUtils                                            : loaded 2 times (x 71B)
Class com.google.common.io.ByteSource$ConcatenatedByteSource                          : loaded 2 times (x 85B)
Class org.gradle.internal.classloader.ClassLoaderVisitor                              : loaded 2 times (x 76B)
Class [Lcom.google.common.collect.ImmutableMapEntry;                                  : loaded 2 times (x 69B)
Class org.gradle.api.internal.classpath.EffectiveClassPath                            : loaded 2 times (x 90B)
Class [Lorg.apache.commons.io.StandardLineSeparator;                                  : loaded 2 times (x 69B)
Class org.apache.commons.io.output.StringBuilderWriter                                : loaded 2 times (x 100B)
Class com.google.common.collect.CollectSpliterators$1WithCharacteristics              : loaded 2 times (x 90B)
Class com.google.common.collect.ImmutableRangeSet                                     : loaded 2 times (x 115B)
Class com.google.common.collect.ListMultimap                                          : loaded 2 times (x 70B)
Class com.google.common.collect.ImmutableEnumMap                                      : loaded 2 times (x 126B)
Class com.google.common.collect.Sets$1                                                : loaded 2 times (x 139B)
Class org.objectweb.asm.AnnotationVisitor                                             : loaded 2 times (x 78B)
Class org.gradle.api.internal.DefaultClassPathProvider                                : loaded 2 times (x 76B)
Class com.google.common.collect.Sets$2                                                : loaded 2 times (x 139B)
Class ijJvmDebugger1_btttkr9x6it830kae6z84z3b$_run_closure1                           : loaded 2 times (x 139B)
Class [Lorg.gradle.api.internal.ClassPathProvider;                                    : loaded 2 times (x 69B)
Class org.gradle.api.internal.ClassPathProvider                                       : loaded 2 times (x 70B)
Class com.google.common.reflect.Types$ClassOwnership$1                                : loaded 2 times (x 80B)
Class [Lorg.objectweb.asm.AnnotationVisitor;                                          : loaded 2 times (x 69B)
Class com.google.common.collect.Sets$3                                                : loaded 2 times (x 139B)
Class com.google.common.cache.LocalCache$LocalLoadingCache                            : loaded 2 times (x 134B)
Class org.gradle.internal.service.UnknownServiceException                             : loaded 2 times (x 83B)
Class com.google.common.io.ByteArrayDataInput                                         : loaded 2 times (x 70B)
Class com.google.common.reflect.Types$ClassOwnership$2                                : loaded 2 times (x 80B)
Class com.google.common.reflect.TypeResolver                                          : loaded 2 times (x 72B)
Class com.google.common.collect.Sets$4                                                : loaded 2 times (x 139B)
Class org.objectweb.asm.ModuleVisitor                                                 : loaded 2 times (x 81B)
Class com.google.common.cache.LocalCache$Strength$1                                   : loaded 2 times (x 81B)
Class ijJvmDebugger1_btttkr9x6it830kae6z84z3b$_run_closure1$_closure2                 : loaded 2 times (x 140B)
Class org.apache.commons.io.output.QueueOutputStream                                  : loaded 2 times (x 87B)
Class com.google.common.reflect.Types$ClassOwnership$3                                : loaded 2 times (x 71B)
Class com.google.common.util.concurrent.SettableFuture                                : loaded 2 times (x 114B)
Class com.google.common.cache.LocalCache$Strength$2                                   : loaded 2 times (x 81B)
Class com.google.common.io.ByteStreams                                                : loaded 2 times (x 71B)
Class com.google.common.cache.LocalCache$Strength$3                                   : loaded 2 times (x 81B)
Class com.google.common.collect.MapDifference                                         : loaded 2 times (x 70B)
Class com.google.common.reflect.Invokable                                             : loaded 2 times (x 103B)
Class org.objectweb.asm.FieldWriter                                                   : loaded 2 times (x 78B)
Class com.google.common.cache.CacheBuilder$NullListener                               : loaded 2 times (x 82B)
Class org.gradle.internal.classpath.TransformedClassPath                              : loaded 2 times (x 96B)
Class org.gradle.internal.classloader.InstrumentingClassLoader                        : loaded 2 times (x 70B)
Class org.apache.commons.io.output.UnsynchronizedByteArrayOutputStream                : loaded 2 times (x 102B)
Class com.google.common.collect.ImmutableRangeSet$AsSet                               : loaded 2 times (x 300B)
Class com.google.common.reflect.Types$ParameterizedTypeImpl                           : loaded 2 times (x 81B)
Class com.google.common.cache.CacheLoader$FunctionToCacheLoader                       : loaded 2 times (x 75B)
Class com.google.common.collect.Iterators$ArrayItr                                    : loaded 2 times (x 97B)
Class com.google.common.collect.ImmutableCollection$Builder                           : loaded 2 times (x 76B)
Class org.apache.commons.io.output.ByteArrayOutputStream                              : loaded 2 times (x 102B)
Class com.google.common.collect.BaseImmutableMultimap                                 : loaded 2 times (x 123B)
Class com.google.common.base.PairwiseEquivalence                                      : loaded 2 times (x 83B)
Class com.google.common.base.Joiner                                                   : loaded 2 times (x 79B)
Class com.google.common.base.MoreObjects                                              : loaded 2 times (x 71B)
Class com.google.common.collect.Platform                                              : loaded 2 times (x 71B)
Class [Lorg.objectweb.asm.Type;                                                       : loaded 2 times (x 69B)
Class com.google.common.collect.UnmodifiableIterator                                  : loaded 2 times (x 80B)
Class org.gradle.internal.service.ServiceLocator                                      : loaded 2 times (x 70B)
Class org.apache.commons.io.FileExistsException                                       : loaded 2 times (x 82B)
Class com.google.common.base.Ascii                                                    : loaded 2 times (x 71B)
Class com.google.common.collect.SingletonImmutableBiMap                               : loaded 2 times (x 143B)
Class com.google.common.cache.LocalCache$1                                            : loaded 2 times (x 89B)
Class com.google.common.collect.Iterators$SingletonIterator                           : loaded 2 times (x 81B)
Class com.google.common.collect.AbstractMapEntry                                      : loaded 2 times (x 81B)
Class com.google.common.reflect.TypeToken$SimpleTypeToken                             : loaded 2 times (x 73B)
Class com.google.common.io.ByteSource$ByteArrayByteSource                             : loaded 2 times (x 85B)
Class com.google.common.collect.Sets$ImprovedAbstractSet                              : loaded 2 times (x 135B)
Class com.google.common.collect.ImmutableList$Builder                                 : loaded 2 times (x 77B)
Class com.google.common.collect.AbstractMultimap                                      : loaded 2 times (x 123B)
Class com.google.common.cache.LocalCache$2                                            : loaded 2 times (x 142B)
Class com.google.common.collect.ImmutableRangeSet$1                                   : loaded 2 times (x 210B)
Class com.google.common.collect.RegularImmutableAsList                                : loaded 2 times (x 217B)
Class com.google.common.collect.Range                                                 : loaded 2 times (x 87B)
Class com.google.common.base.Optional                                                 : loaded 2 times (x 80B)
Class com.google.common.util.concurrent.AbstractFuture$Trusted                        : loaded 2 times (x 70B)
Class com.google.common.collect.Iterators                                             : loaded 2 times (x 71B)
Class com.google.common.collect.Lists$StringAsImmutableList                           : loaded 2 times (x 207B)
Class com.google.common.util.concurrent.UncheckedExecutionException                   : loaded 2 times (x 82B)
Class org.gradle.kotlin.dsl.VersionCatalogAccessorsKt                                 : loaded 2 times (x 71B)
Class com.google.common.collect.AbstractMapBasedMultimap$KeySet$1                     : loaded 2 times (x 82B)
Class org.objectweb.asm.ClassWriter                                                   : loaded 2 times (x 106B)
Class com.google.common.base.CharMatcher$And                                          : loaded 2 times (x 112B)
Class com.google.common.cache.CacheLoader$UnsupportedLoadingOperationException        : loaded 2 times (x 82B)
Class org.gradle.internal.classloader.ClasspathUtil$1                                 : loaded 2 times (x 76B)
Class com.google.common.base.Objects                                                  : loaded 2 times (x 71B)
Class org.objectweb.asm.FieldVisitor                                                  : loaded 2 times (x 77B)
Class com.google.common.collect.IndexedImmutableSet                                   : loaded 2 times (x 152B)
Class com.google.common.collect.ImmutableMap$1                                        : loaded 2 times (x 81B)
Class com.google.common.collect.BiMap                                                 : loaded 2 times (x 70B)
Class org.gradle.api.internal.classpath.DefaultModuleRegistry$DefaultModule           : loaded 2 times (x 86B)
Class com.google.common.reflect.Reflection                                            : loaded 2 times (x 71B)
Class com.google.common.base.Absent                                                   : loaded 2 times (x 80B)
Class com.google.common.primitives.Ints                                               : loaded 2 times (x 71B)
Class com.google.common.collect.AbstractIterator                                      : loaded 2 times (x 82B)
Class com.google.common.collect.ObjectArrays                                          : loaded 2 times (x 71B)
Class com.google.common.math.MathPreconditions                                        : loaded 2 times (x 71B)
Class com.google.common.collect.Multiset                                              : loaded 2 times (x 70B)
Class com.google.common.collect.ArrayListMultimapGwtSerializationDependencies         : loaded 2 times (x 172B)
Class com.google.common.collect.AbstractIndexedListIterator                           : loaded 2 times (x 96B)
Class org.apache.commons.io.output.NullOutputStream                                   : loaded 2 times (x 85B)
Class com.google.common.collect.ImmutableMapEntrySet                                  : loaded 2 times (x 152B)
Class org.gradle.api.internal.classpath.Module                                        : loaded 2 times (x 70B)
Class com.google.common.cache.Weigher                                                 : loaded 2 times (x 70B)
Class org.gradle.api.internal.classpath.UnknownModuleException                        : loaded 2 times (x 82B)
Class com.google.common.base.Stopwatch                                                : loaded 2 times (x 72B)
Class com.google.common.cache.LocalCache$Strength                                     : loaded 2 times (x 81B)
Class com.google.common.cache.Cache                                                   : loaded 2 times (x 70B)
Class ijKotlinCoroutineJvmDebugInit1_6d33x7s045lq1k8k96s0faped                        : loaded 2 times (x 171B)
Class org.apache.commons.io.filefilter.IOFileFilter                                   : loaded 2 times (x 70B)
Class com.google.common.util.concurrent.AbstractFuture$Cancellation                   : loaded 2 times (x 72B)
Class com.google.common.collect.ImmutableMap$Builder                                  : loaded 2 times (x 82B)
Class com.google.common.base.Present                                                  : loaded 2 times (x 81B)
Class com.google.common.cache.RemovalListener                                         : loaded 2 times (x 70B)
Class org.gradle.api.internal.DefaultClassPathRegistry                                : loaded 2 times (x 76B)
Class org.apache.commons.io.file.DeleteOption                                         : loaded 2 times (x 70B)
Class com.google.common.reflect.Invokable$ConstructorInvokable                        : loaded 2 times (x 107B)
Class com.google.common.primitives.IntsMethodsForWeb                                  : loaded 2 times (x 71B)
Class com.google.common.collect.Multimap                                              : loaded 2 times (x 70B)
Class org.gradle.api.internal.ClassPathRegistry                                       : loaded 2 times (x 70B)
Class org.gradle.internal.classpath.DefaultClassPath$ImmutableUniqueList              : loaded 2 times (x 199B)
Class org.apache.commons.io.IOUtils                                                   : loaded 2 times (x 71B)
Class com.google.common.reflect.TypeToken                                             : loaded 2 times (x 73B)
Class com.google.common.base.ExtraObjectsMethodsForWeb                                : loaded 2 times (x 71B)
Class com.google.common.reflect.TypeResolver$TypeVariableKey                          : loaded 2 times (x 72B)
Class com.google.common.io.ByteSink                                                   : loaded 2 times (x 76B)
Class com.google.common.cache.CacheBuilder                                            : loaded 2 times (x 72B)
Class com.google.common.collect.SingletonImmutableList                                : loaded 2 times (x 207B)
Class Settings_gradle$1                                                               : loaded 2 times (x 74B)
Class org.gradle.internal.classpath.ClassPath                                         : loaded 2 times (x 70B)
Class com.google.common.io.Files$FileByteSource                                       : loaded 2 times (x 85B)
Class [Lcom.google.common.reflect.Types$JavaVersion;                                  : loaded 2 times (x 69B)
Class com.google.common.base.JdkPattern                                               : loaded 2 times (x 75B)
Class com.google.common.collect.ImmutableList$ReverseImmutableList                    : loaded 2 times (x 209B)
Class org.objectweb.asm.SymbolTable$Entry                                             : loaded 2 times (x 74B)
Class org.objectweb.asm.Edge                                                          : loaded 2 times (x 72B)
Class com.google.common.base.Suppliers$SupplierOfInstance                             : loaded 2 times (x 79B)
Class com.google.common.collect.Iterators$1                                           : loaded 2 times (x 81B)
Class com.google.common.reflect.TypeToken$1                                           : loaded 2 times (x 110B)
Class com.google.common.cache.LocalCache$ComputingValueReference                      : loaded 2 times (x 96B)
Class com.google.common.collect.SingletonImmutableSet                                 : loaded 2 times (x 146B)
Class com.google.common.collect.ImmutableMap$IteratorBasedImmutableMap                : loaded 2 times (x 126B)
Class com.google.common.reflect.TypeToken$2                                           : loaded 2 times (x 110B)
Class com.google.common.cache.LocalCache$Segment                                      : loaded 2 times (x 154B)
Class ijJvmDebugger1_btttkr9x6it830kae6z84z3b                                         : loaded 2 times (x 171B)
Class com.google.common.collect.SortedIterable                                        : loaded 2 times (x 70B)
Class com.google.common.collect.AbstractListMultimap                                  : loaded 2 times (x 172B)
Class [Lorg.objectweb.asm.SymbolTable$Entry;                                          : loaded 2 times (x 69B)
Class com.google.common.cache.CacheLoader                                             : loaded 2 times (x 74B)
Class com.google.common.collect.Iterators$4                                           : loaded 2 times (x 82B)
Class com.google.common.collect.ImmutableBiMap                                        : loaded 2 times (x 143B)
Class org.gradle.api.internal.classpath.ModuleRegistry                                : loaded 2 times (x 70B)
Class org.gradle.internal.installation.GradleInstallation$1                           : loaded 2 times (x 75B)
Class org.apache.commons.io.output.NullWriter                                         : loaded 2 times (x 99B)
Class com.google.common.collect.ImmutableSet$JdkBackedSetBuilderImpl                  : loaded 2 times (x 76B)
Class com.google.common.util.concurrent.internal.InternalFutureFailureAccess          : loaded 2 times (x 72B)
Class com.google.common.collect.Iterators$5                                           : loaded 2 times (x 82B)
Class com.google.common.base.CharMatcher$ForPredicate                                 : loaded 2 times (x 112B)
Class com.google.common.cache.LocalCache$LocalManualCache$1                           : loaded 2 times (x 75B)
Class com.google.common.base.CharMatcher$AnyOf                                        : loaded 2 times (x 112B)
Class com.google.common.collect.ImmutableCollection                                   : loaded 2 times (x 125B)
Class org.gradle.api.internal.classpath.DefaultModuleRegistry                         : loaded 2 times (x 86B)
Class com.google.common.collect.Lists                                                 : loaded 2 times (x 71B)
Class com.google.common.util.concurrent.ListenableFuture                              : loaded 2 times (x 70B)
Class com.google.common.cache.ReferenceEntry                                          : loaded 2 times (x 70B)
Class com.google.common.base.Converter                                                : loaded 2 times (x 90B)
Class com.google.common.collect.ImmutableSet$CachingAsList                            : loaded 2 times (x 148B)
Class com.google.common.collect.AbstractMapBasedMultimap                              : loaded 2 times (x 139B)
Class com.google.common.util.concurrent.AbstractFuture                                : loaded 2 times (x 106B)
Class com.google.common.base.FunctionalEquivalence                                    : loaded 2 times (x 83B)
Class com.google.common.collect.Iterators$9                                           : loaded 2 times (x 81B)
Class com.google.common.collect.ImmutableAsList                                       : loaded 2 times (x 209B)
Class com.google.common.reflect.TypeResolver$TypeTable                                : loaded 2 times (x 73B)
Class org.objectweb.asm.RecordComponentVisitor                                        : loaded 2 times (x 77B)
Class com.google.common.cache.CacheLoader$SupplierToCacheLoader                       : loaded 2 times (x 75B)
Class com.google.common.reflect.TypeResolver$TypeTable$1                              : loaded 2 times (x 73B)
Class com.google.common.collect.Maps$EntryTransformer                                 : loaded 2 times (x 70B)
Class org.gradle.internal.service.ServiceLookupException                              : loaded 2 times (x 82B)
Class com.google.common.collect.ImmutableSortedSet                                    : loaded 2 times (x 300B)
Class [Lcom.google.common.cache.LocalCache$EntryFactory;                              : loaded 2 times (x 69B)
Class org.gradle.internal.classloader.ClassLoaderFactory                              : loaded 2 times (x 70B)
Class org.apache.commons.io.CloseableURLConnection                                    : loaded 2 times (x 116B)
Class com.google.common.collect.ImmutableMap$SerializedForm                           : loaded 2 times (x 73B)
Class com.google.common.base.CommonPattern                                            : loaded 2 times (x 74B)
Class com.google.common.base.CharMatcher$IsNot                                        : loaded 2 times (x 111B)
Class com.google.common.cache.LocalCache$LocalManualCache                             : loaded 2 times (x 99B)
Class org.gradle.internal.service.CachingServiceLocator                               : loaded 2 times (x 82B)
Class com.google.common.collect.RegularImmutableSortedSet                             : loaded 2 times (x 300B)
Class com.google.common.collect.AbstractMapBasedMultimap$KeySet                       : loaded 2 times (x 137B)
Class com.google.common.math.IntMath                                                  : loaded 2 times (x 71B)
Class ijKotlinCoroutineJvmDebugInit1_6d33x7s045lq1k8k96s0faped$_run_closure1          : loaded 2 times (x 139B)
Class com.google.common.reflect.Types$TypeVariableInvocationHandler                   : loaded 2 times (x 75B)
Class com.google.common.collect.ImmutableMapEntry                                     : loaded 2 times (x 85B)
Class com.google.common.collect.ImmutableMultimap                                     : loaded 2 times (x 147B)
Class com.google.common.base.Equivalence                                              : loaded 2 times (x 82B)
Class com.google.common.base.Function                                                 : loaded 2 times (x 70B)
Class com.google.common.collect.ImmutableMapEntry$NonTerminalImmutableMapEntry        : loaded 2 times (x 85B)
Class org.apache.commons.io.output.AbstractByteArrayOutputStream                      : loaded 2 times (x 102B)
Class com.google.common.collect.IndexedImmutableSet$1                                 : loaded 2 times (x 213B)
Class com.google.common.cache.CacheBuilder$OneWeigher                                 : loaded 2 times (x 82B)
Class com.google.common.collect.RegularImmutableList                                  : loaded 2 times (x 213B)
Class com.google.common.reflect.Types$ClassOwnership$1LocalClass                      : loaded 2 times (x 71B)
Class org.gradle.internal.classloader.ClasspathUtil                                   : loaded 2 times (x 71B)
Class com.google.common.util.concurrent.Uninterruptibles                              : loaded 2 times (x 71B)
Class com.google.common.io.CharSource                                                 : loaded 2 times (x 85B)
Class com.google.common.util.concurrent.LazyLogger                                    : loaded 2 times (x 72B)
Class com.google.common.collect.Maps                                                  : loaded 2 times (x 71B)
Class ijKotlinCoroutineJvmDebugInit1_6d33x7s045lq1k8k96s0faped$_run_closure1$_closure2: loaded 2 times (x 139B)
Class org.gradle.api.specs.Spec                                                       : loaded 2 times (x 70B)
Class org.apache.commons.io.file.PathFilter                                           : loaded 2 times (x 70B)
Class com.google.common.reflect.Types$JavaVersion                                     : loaded 2 times (x 83B)
Class [Lcom.google.common.collect.ImmutableEntry;                                     : loaded 2 times (x 69B)
Class com.google.common.cache.LocalCache$LoadingValueReference                        : loaded 2 times (x 96B)
Class com.google.common.collect.CollectSpliterators                                   : loaded 2 times (x 71B)
Class com.google.common.reflect.Invokable$MethodInvokable                             : loaded 2 times (x 107B)
Class com.google.common.base.Platform                                                 : loaded 2 times (x 71B)
Class [Lorg.objectweb.asm.AnnotationWriter;                                           : loaded 2 times (x 69B)
Class com.google.common.collect.Maps$8                                                : loaded 2 times (x 82B)
Class com.google.common.collect.ImmutableRangeSet$Builder                             : loaded 2 times (x 77B)
Class com.google.common.collect.Sets$SetView                                          : loaded 2 times (x 138B)
Class com.google.common.cache.LocalCache$StrongValueReference                         : loaded 2 times (x 90B)
Class com.google.common.graph.SuccessorsFunction                                      : loaded 2 times (x 70B)
Class org.objectweb.asm.Type                                                          : loaded 2 times (x 72B)
Class org.gradle.internal.classloader.VisitableURLClassLoader$InstrumentingVisitableURLClassLoader: loaded 2 times (x 123B)
Class org.apache.commons.io.FileUtils                                                 : loaded 2 times (x 71B)
Class com.google.common.io.Files$FileByteSink                                         : loaded 2 times (x 77B)
Class com.google.common.math.IntMath$1                                                : loaded 2 times (x 71B)
Class org.objectweb.asm.ByteVector                                                    : loaded 2 times (x 79B)
Class [Lcom.google.common.cache.CacheBuilder$NullListener;                            : loaded 2 times (x 69B)
Class org.gradle.internal.classloader.VisitableURLClassLoader$Spec                    : loaded 2 times (x 74B)
Class org.gradle.internal.classpath.DefaultClassPath                                  : loaded 2 times (x 90B)
Class com.google.common.reflect.Types$ClassOwnership                                  : loaded 2 times (x 80B)
Class org.objectweb.asm.Symbol                                                        : loaded 2 times (x 73B)
Class com.google.common.io.Closer                                                     : loaded 2 times (x 78B)
Class com.google.common.base.CharMatcher$BitSetMatcher                                : loaded 2 times (x 112B)
Class com.google.common.collect.RegularImmutableMap$Values                            : loaded 2 times (x 207B)
Class com.google.common.collect.ImmutableSet                                          : loaded 2 times (x 145B)
Class org.gradle.internal.classloader.ClassLoaderSpec                                 : loaded 2 times (x 71B)
Class com.google.common.io.ByteSource$EmptyByteSource                                 : loaded 2 times (x 85B)
Class org.objectweb.asm.AnnotationWriter                                              : loaded 2 times (x 79B)
Class com.google.common.cache.CacheStats                                              : loaded 2 times (x 71B)
Class com.google.common.io.LineProcessor                                              : loaded 2 times (x 70B)
Class com.google.common.io.Closer$Suppressor                                          : loaded 2 times (x 70B)
Class org.objectweb.asm.RecordComponentWriter                                         : loaded 2 times (x 78B)
Class com.google.common.util.concurrent.AbstractFuture$Listener                       : loaded 2 times (x 72B)
Class com.google.common.base.CharMatcher$Or                                           : loaded 2 times (x 112B)
Class Settings_gradle$1$1                                                             : loaded 2 times (x 74B)
Class org.objectweb.asm.Attribute                                                     : loaded 2 times (x 77B)
Class com.google.common.base.Supplier                                                 : loaded 2 times (x 70B)
Class org.gradle.internal.classloader.VisitableURLClassLoader                         : loaded 2 times (x 117B)
Class com.google.common.collect.ImmutableList$SerializedForm                          : loaded 2 times (x 73B)
Class Settings_gradle                                                                 : loaded 2 times (x 124B)
Class org.gradle.internal.Cast                                                        : loaded 2 times (x 71B)
Class org.gradle.api.Action                                                           : loaded 2 times (x 70B)
Class com.google.common.base.Strings                                                  : loaded 2 times (x 71B)
Class com.google.common.collect.Sets                                                  : loaded 2 times (x 71B)
Class org.objectweb.asm.Handler                                                       : loaded 2 times (x 72B)
Class com.google.common.base.CharMatcher$FastMatcher                                  : loaded 2 times (x 111B)
Class com.google.common.base.Ticker                                                   : loaded 2 times (x 72B)
Class [Lcom.google.common.cache.LocalCache$Segment;                                   : loaded 2 times (x 69B)
Class com.google.common.base.Predicate                                                : loaded 2 times (x 70B)
Class [Lcom.google.common.cache.LocalCache$Strength;                                  : loaded 2 times (x 69B)
Class com.google.common.cache.CacheBuilder$1                                          : loaded 2 times (x 85B)
Class com.google.common.collect.ImmutableMap                                          : loaded 2 times (x 120B)
Class org.gradle.internal.classpath.DefaultClassPath$ImmutableUniqueList$Builder      : loaded 2 times (x 75B)
Class com.google.common.collect.AbstractRangeSet                                      : loaded 2 times (x 114B)
Class com.google.common.base.CharMatcher$NegatedFastMatcher                           : loaded 2 times (x 113B)
Class com.google.common.cache.LocalCache                                              : loaded 2 times (x 187B)
Class com.google.common.cache.CacheBuilder$2                                          : loaded 2 times (x 79B)
Class com.google.common.collect.ArrayListMultimap                                     : loaded 2 times (x 172B)
Class com.google.common.cache.CacheBuilder$3                                          : loaded 2 times (x 72B)
Class [Lcom.google.common.collect.AbstractMapEntry;                                   : loaded 2 times (x 69B)
Class com.google.common.collect.ImmutableEntry                                        : loaded 2 times (x 82B)
Class org.gradle.api.GradleException                                                  : loaded 2 times (x 82B)
Class org.apache.commons.io.StandardLineSeparator                                     : loaded 2 times (x 79B)
Class com.google.common.base.Suppliers$MemoizingSupplier                              : loaded 2 times (x 79B)
Class com.google.common.collect.CollectPreconditions                                  : loaded 2 times (x 71B)
Class com.google.common.collect.SortedMapDifference                                   : loaded 2 times (x 70B)
Class com.google.common.io.Files                                                      : loaded 2 times (x 71B)
Class com.google.common.cache.LocalCache$EntryFactory                                 : loaded 2 times (x 83B)
Class com.google.common.reflect.Types$NativeTypeVariableEquals                        : loaded 2 times (x 71B)
Class com.google.common.reflect.TypeParameter                                         : loaded 2 times (x 72B)
Class com.google.common.cache.LocalCache$AbstractReferenceEntry                       : loaded 2 times (x 107B)
Class org.gradle.internal.IoActions                                                   : loaded 2 times (x 71B)
Class com.google.common.collect.ImmutableRangeSet$ComplementRanges                    : loaded 2 times (x 207B)
Class org.objectweb.asm.SymbolTable                                                   : loaded 2 times (x 72B)
Class com.google.common.cache.CacheLoader$InvalidCacheLoadException                   : loaded 2 times (x 82B)
Class com.google.common.collect.ImmutableSet$RegularSetBuilderImpl                    : loaded 2 times (x 77B)
Class org.gradle.internal.classloader.SystemClassLoaderSpec                           : loaded 2 times (x 71B)
Class com.google.common.cache.LocalCache$StrongEntry                                  : loaded 2 times (x 108B)
Class com.google.common.util.concurrent.AbstractFuture$TrustedFuture                  : loaded 2 times (x 114B)
Class com.google.common.cache.LoadingCache                                            : loaded 2 times (x 70B)
Class com.google.common.io.ByteStreams$LimitedInputStream                             : loaded 2 times (x 92B)
Class com.google.common.base.Suppliers$NonSerializableMemoizingSupplier               : loaded 2 times (x 79B)
Class org.objectweb.asm.MethodWriter                                                  : loaded 2 times (x 106B)
Class [Lcom.google.common.cache.Weigher;                                              : loaded 2 times (x 69B)
Class com.google.common.collect.RegularImmutableMap$BucketOverflowException           : loaded 2 times (x 82B)
Class com.google.common.reflect.Types$JavaVersion$1                                   : loaded 2 times (x 83B)
Class com.google.common.collect.RegularImmutableBiMap                                 : loaded 2 times (x 149B)
Class com.google.common.base.CharMatcher$Is                                           : loaded 2 times (x 111B)
Class com.google.common.base.CharMatcher$Negated                                      : loaded 2 times (x 113B)
Class com.google.common.cache.LocalCache$ValueReference                               : loaded 2 times (x 70B)
Class com.google.common.reflect.Types$JavaVersion$2                                   : loaded 2 times (x 83B)
Class com.google.common.reflect.Types                                                 : loaded 2 times (x 71B)
Class com.google.common.hash.PrimitiveSink                                            : loaded 2 times (x 70B)
Class com.google.common.base.PatternCompiler                                          : loaded 2 times (x 70B)
Class com.google.common.util.concurrent.AbstractFuture$Failure                        : loaded 2 times (x 72B)
Class com.google.common.base.Equivalence$Equals                                       : loaded 2 times (x 82B)
Class com.google.common.collect.Hashing                                               : loaded 2 times (x 71B)
Class com.google.common.base.Preconditions                                            : loaded 2 times (x 71B)
Class [Lorg.apache.commons.io.file.DeleteOption;                                      : loaded 2 times (x 69B)
Class com.google.common.collect.ImmutableSetMultimap                                  : loaded 2 times (x 180B)
Class com.google.common.reflect.Types$JavaVersion$3                                   : loaded 2 times (x 83B)
Class com.google.common.base.Joiner$1                                                 : loaded 2 times (x 80B)
Class org.objectweb.asm.Label                                                         : loaded 2 times (x 73B)
Class org.objectweb.asm.CurrentFrame                                                  : loaded 2 times (x 73B)
Class org.objectweb.asm.ClassTooLargeException                                        : loaded 2 times (x 83B)
Class com.google.common.base.CharMatcher                                              : loaded 2 times (x 111B)
Class com.google.common.collect.PeekingIterator                                       : loaded 2 times (x 70B)
Class com.google.common.collect.RangeGwtSerializationDependencies                     : loaded 2 times (x 71B)
Class com.google.common.reflect.Types$JavaVersion$4                                   : loaded 2 times (x 83B)
Class com.google.common.io.ByteSource$AsCharSource                                    : loaded 2 times (x 86B)
Class com.google.common.collect.Maps$IteratorBasedAbstractMap                         : loaded 2 times (x 125B)
Class com.google.common.base.Joiner$2                                                 : loaded 2 times (x 79B)
Class org.objectweb.asm.Frame                                                         : loaded 2 times (x 73B)
Class org.objectweb.asm.MethodVisitor                                                 : loaded 2 times (x 105B)
Class com.google.common.base.CharMatcher$1                                            : loaded 2 times (x 113B)
Class com.google.common.base.CharMatcher$NamedFastMatcher                             : loaded 2 times (x 112B)
Class com.google.common.cache.LocalCache$EntryFactory$1                               : loaded 2 times (x 83B)
Class [Lcom.google.common.cache.RemovalListener;                                      : loaded 2 times (x 69B)
Class com.google.common.collect.RangeSet                                              : loaded 2 times (x 70B)
Class com.google.common.reflect.Types$JavaVersion$5                                   : loaded 2 times (x 71B)
Class [Lcom.google.common.reflect.Types$ClassOwnership;                               : loaded 2 times (x 69B)
Class com.google.common.cache.LocalCache$EntryFactory$2                               : loaded 2 times (x 83B)
Class org.gradle.api.internal.classpath.GlobalCacheRootsProvider                      : loaded 2 times (x 70B)
Class com.google.common.collect.CollectCollectors                                     : loaded 2 times (x 71B)
Class org.objectweb.asm.ModuleWriter                                                  : loaded 2 times (x 82B)
Class com.google.common.cache.LocalCache$EntryFactory$3                               : loaded 2 times (x 83B)
Class com.google.common.base.Ticker$1                                                 : loaded 2 times (x 72B)
Class com.google.common.collect.Maps$BiMapConverter                                   : loaded 2 times (x 90B)
Class com.google.common.collect.ImmutableMapEntrySet$RegularEntrySet                  : loaded 2 times (x 152B)
Class com.google.common.collect.SetMultimap                                           : loaded 2 times (x 70B)
Class com.google.common.collect.ImmutableSet$Builder                                  : loaded 2 times (x 85B)
Class com.google.common.base.CharMatcher$InRange                                      : loaded 2 times (x 111B)
Class com.google.common.cache.LocalCache$EntryFactory$4                               : loaded 2 times (x 83B)
Class com.google.common.io.ByteStreams$1                                              : loaded 2 times (x 85B)
Class com.google.common.cache.LocalCache$EntryFactory$5                               : loaded 2 times (x 83B)
Class com.google.common.base.Equivalence$Identity                                     : loaded 2 times (x 82B)
Class org.apache.commons.io.output.AppendableWriter                                   : loaded 2 times (x 100B)
Class com.google.common.cache.LocalCache$EntryFactory$6                               : loaded 2 times (x 83B)
Class org.gradle.internal.installation.CurrentGradleInstallationLocator               : loaded 2 times (x 71B)
Class org.apache.commons.io.output.ThresholdingOutputStream                           : loaded 2 times (x 95B)
Class com.google.common.io.ByteSource$SlicedByteSource                                : loaded 2 times (x 85B)
Class com.google.common.collect.Maps$KeySet                                           : loaded 2 times (x 137B)
Class com.google.common.collect.ImmutableSet$EmptySetBuilderImpl                      : loaded 2 times (x 76B)
Class com.google.common.cache.LocalCache$EntryFactory$7                               : loaded 2 times (x 83B)
Class com.google.common.collect.ImmutableList                                         : loaded 2 times (x 206B)
Class org.gradle.internal.service.DefaultServiceLocator                               : loaded 2 times (x 83B)
Class com.google.common.cache.LocalCache$EntryFactory$8                               : loaded 2 times (x 83B)
Class com.google.common.collect.ImmutableSet$SetBuilderImpl                           : loaded 2 times (x 76B)
Class org.gradle.internal.installation.CurrentGradleInstallation                      : loaded 2 times (x 73B)
Class com.google.common.cache.CacheLoader$1                                           : loaded 2 times (x 75B)
Class com.google.common.collect.ForwardingObject                                      : loaded 2 times (x 72B)
Class com.google.common.collect.ImmutableList$SubList                                 : loaded 2 times (x 209B)
Class org.gradle.util.internal.GUtil                                                  : loaded 2 times (x 71B)
Class com.google.common.io.ByteSource                                                 : loaded 2 times (x 84B)
Class com.google.common.cache.AbstractCache$StatsCounter                              : loaded 2 times (x 70B)
Class com.google.common.reflect.Types$TypeVariableImpl                                : loaded 2 times (x 72B)
Class com.google.common.collect.Iterators$MergingIterator                             : loaded 2 times (x 81B)
Class com.google.common.collect.RegularImmutableSet                                   : loaded 2 times (x 149B)
Class org.gradle.internal.installation.GradleInstallation                             : loaded 2 times (x 75B)
Class com.google.common.collect.Iterables                                             : loaded 2 times (x 71B)

---------------  S Y S T E M  ---------------

OS:
 Windows 11 , 64 bit Build 26100 (10.0.26100.8328)
OS uptime: 4 days 13:12 hours
Hyper-V role detected

CPU: total 24 (initial active 24) (24 cores per cpu, 1 threads per core) family 6 model 198 stepping 2 microcode 0x11b, cx8, cmov, fxsr, mmx, 3dnowpref, sse, sse2, sse3, ssse3, sse4.1, sse4.2, popcnt, lzcnt, tsc, tscinvbit, avx, avx2, aes, erms, clmul, bmi1, bmi2, adx, sha, fma, vzeroupper, clflush, clflushopt, clwb, hv, serialize, rdtscp, rdpid, fsrm, f16c, cet_ibt, cet_ss
Processor Information for processor 0
  Max Mhz: 2700, Current Mhz: 2700, Mhz Limit: 2700
Processor Information for processor 1
  Max Mhz: 2700, Current Mhz: 2700, Mhz Limit: 2700
Processor Information for processor 2
  Max Mhz: 2100, Current Mhz: 2100, Mhz Limit: 2100
Processor Information for processor 3
  Max Mhz: 2100, Current Mhz: 2100, Mhz Limit: 2100
Processor Information for processor 4
  Max Mhz: 2100, Current Mhz: 2100, Mhz Limit: 2100
Processor Information for processor 5
  Max Mhz: 2100, Current Mhz: 2100, Mhz Limit: 2100
Processor Information for processor 6
  Max Mhz: 2100, Current Mhz: 2100, Mhz Limit: 2100
Processor Information for processor 7
  Max Mhz: 2100, Current Mhz: 2100, Mhz Limit: 2100
Processor Information for processor 8
  Max Mhz: 2100, Current Mhz: 2100, Mhz Limit: 2100
Processor Information for processor 9
  Max Mhz: 2100, Current Mhz: 2100, Mhz Limit: 2100
Processor Information for processor 10
  Max Mhz: 2700, Current Mhz: 2700, Mhz Limit: 2700
Processor Information for processor 11
  Max Mhz: 2700, Current Mhz: 2700, Mhz Limit: 2700
Processor Information for processor 12
  Max Mhz: 2700, Current Mhz: 2700, Mhz Limit: 2700
Processor Information for processor 13
  Max Mhz: 2700, Current Mhz: 2700, Mhz Limit: 2700
Processor Information for processor 14
  Max Mhz: 2100, Current Mhz: 2100, Mhz Limit: 2100
Processor Information for processor 15
  Max Mhz: 2100, Current Mhz: 2100, Mhz Limit: 2100
Processor Information for processor 16
  Max Mhz: 2100, Current Mhz: 2100, Mhz Limit: 2100
Processor Information for processor 17
  Max Mhz: 2100, Current Mhz: 2100, Mhz Limit: 2100
Processor Information for processor 18
  Max Mhz: 2100, Current Mhz: 2100, Mhz Limit: 2100
Processor Information for processor 19
  Max Mhz: 2100, Current Mhz: 2100, Mhz Limit: 2100
Processor Information for processor 20
  Max Mhz: 2100, Current Mhz: 2100, Mhz Limit: 2100
Processor Information for processor 21
  Max Mhz: 2100, Current Mhz: 2100, Mhz Limit: 2100
Processor Information for processor 22
  Max Mhz: 2700, Current Mhz: 2700, Mhz Limit: 2700
Processor Information for processor 23
  Max Mhz: 2700, Current Mhz: 2700, Mhz Limit: 2700

Memory: 4k page, system-wide physical 15732M (975M free)
TotalPageFile size 64884M (AvailPageFile size 1M)
current process WorkingSet (physical memory assigned to process): 759M, peak: 762M
current process commit charge ("private bytes"): 1118M, peak: 1543M

vm_info: OpenJDK 64-Bit Server VM (21.0.10+-14961533-b1163.108) for windows-amd64 JRE (21.0.10+-14961533-b1163.108), built on 2026-03-02T19:58:50Z by "builder" with MS VC++ 16.10 / 16.11 (VS2019)

END.
